Graph,Node Index,Operator,Tensor Shapes,Estimated FLOPs
trunk_fp16.onnx,8,MatMul,"inputs=[1, 352, 388], [388, 128] -> outputs=[1, 352, 128]",34963456
trunk_fp16.onnx,12,Einsum,"inputs=[1, 22, 16, 3], [22, 88] -> outputs=[1, 88, 16, 3]",185856
trunk_fp16.onnx,23,Einsum,"inputs=[1, 22, 16, 1], [22, 88] -> outputs=[1, 88, 16, 1]",61952
trunk_fp16.onnx,30,Einsum,"inputs=[1, 22, 16, 1], [22, 88] -> outputs=[1, 88, 16, 1]",61952
trunk_fp16.onnx,38,MatMul,"inputs=[1, 11, 32, 128, 3], [3, 16] -> outputs=[1, 11, 32, 128, 16]",4325376
trunk_fp16.onnx,40,MatMul,"inputs=[1, 11, 32, 128, 1], [1, 16] -> outputs=[1, 11, 32, 128, 16]",1441792
trunk_fp16.onnx,43,MatMul,"inputs=[1, 11, 32, 128, 1], [1, 16] -> outputs=[1, 11, 32, 128, 16]",1441792
trunk_fp16.onnx,48,MatMul,"inputs=[1, 11, 32, 1, 128], [128, 16] -> outputs=[1, 11, 32, 1, 16]",1441792
trunk_fp16.onnx,51,Einsum,"inputs=[1, 22, 16, 128], [22, 88] -> outputs=[1, 88, 16, 128]",7929856
trunk_fp16.onnx,54,MatMul,"inputs=[1, 11, 1, 128, 128], [128, 16] -> outputs=[1, 11, 1, 128, 16]",5767168
trunk_fp16.onnx,57,MatMul,"inputs=[1, 11, 32, 128, 16], [16, 16] -> outputs=[1, 11, 32, 128, 16]",23068672
trunk_fp16.onnx,59,MatMul,"inputs=[1, 11, 32, 128, 16], [16, 16] -> outputs=[1, 11, 32, 128, 16]",23068672
trunk_fp16.onnx,61,MatMul,"inputs=[1, 11, 32, 128, 16], [16, 16] -> outputs=[1, 11, 32, 128, 16]",23068672
trunk_fp16.onnx,73,Einsum,"inputs=[1, 22, 16, 1], [22, 88] -> outputs=[1, 88, 16, 1]",61952
trunk_fp16.onnx,79,MatMul,"inputs=[11, 32, 128], [128, 128] -> outputs=[11, 32, 128]",11534336
trunk_fp16.onnx,82,MatMul,"inputs=[11, 32, 128], [128, 128] -> outputs=[11, 32, 128]",11534336
trunk_fp16.onnx,85,MatMul,"inputs=[11, 32, 128], [128, 128] -> outputs=[11, 32, 128]",11534336
trunk_fp16.onnx,88,MatMul,"inputs=[11, 32, 128], [128, 128] -> outputs=[11, 32, 128]",11534336
trunk_fp16.onnx,91,MatMul,"inputs=[11, 32, 128], [128, 128] -> outputs=[11, 32, 128]",11534336
trunk_fp16.onnx,94,MatMul,"inputs=[11, 32, 128], [128, 128] -> outputs=[11, 32, 128]",11534336
trunk_fp16.onnx,105,MatMul,"inputs=[1, 46, 33], [33, 384] -> outputs=[1, 46, 384]",1165824
trunk_fp16.onnx,107,MatMul,"inputs=[1, 46, 34], [34, 384] -> outputs=[1, 46, 384]",1201152
trunk_fp16.onnx,112,MatMul,"inputs=[1, 46, 1], [1, 384] -> outputs=[1, 46, 384]",35328
trunk_fp16.onnx,156,MatMul,"inputs=[1, 46, 46, 139], [139, 128] -> outputs=[1, 46, 46, 128]",75295744
trunk_fp16.onnx,157,MatMul,"inputs=[1, 46, 46, 1], [1, 128] -> outputs=[1, 46, 46, 128]",541696
trunk_fp16.onnx,170,MatMul,"inputs=[1, 46, 46, 132], [132, 128] -> outputs=[1, 46, 46, 128]",71503872
trunk_fp16.onnx,213,MatMul,"inputs=[1, 1, 46, 5], [1, 1, 5, 46] -> outputs=[1, 1, 46, 46]",21160
trunk_fp16.onnx,230,MatMul,"inputs=[1, 1, 1, 46, 3, 3], [1, 1, 46, 46, 3, 1] -> outputs=[1, 1, 46, 46, 3, 1]",1752048
trunk_fp16.onnx,247,MatMul,"inputs=[1, 1, 46, 46, 109], [109, 64] -> outputs=[1, 1, 46, 46, 64]",29522432
trunk_fp16.onnx,300,MatMul,"inputs=[1, 1, 46, 36], [36, 64] -> outputs=[1, 1, 46, 64]",211968
trunk_fp16.onnx,1152,MatMul,"inputs=[1, 352, 388], [388, 128] -> outputs=[1, 352, 128]",34963456
trunk_fp16.onnx,1154,Einsum,"inputs=[1, 22, 16, 3], [22, 88] -> outputs=[1, 88, 16, 3]",185856
trunk_fp16.onnx,1161,Einsum,"inputs=[1, 22, 16, 1], [22, 88] -> outputs=[1, 88, 16, 1]",61952
trunk_fp16.onnx,1164,Einsum,"inputs=[1, 22, 16, 1], [22, 88] -> outputs=[1, 88, 16, 1]",61952
trunk_fp16.onnx,1172,MatMul,"inputs=[1, 11, 32, 128, 3], [3, 16] -> outputs=[1, 11, 32, 128, 16]",4325376
trunk_fp16.onnx,1174,MatMul,"inputs=[1, 11, 32, 128, 1], [1, 16] -> outputs=[1, 11, 32, 128, 16]",1441792
trunk_fp16.onnx,1177,MatMul,"inputs=[1, 11, 32, 128, 1], [1, 16] -> outputs=[1, 11, 32, 128, 16]",1441792
trunk_fp16.onnx,1182,Einsum,"inputs=[1, 22, 16, 46], [22, 88] -> outputs=[1, 88, 16, 46]",2849792
trunk_fp16.onnx,1189,MatMul,"inputs=[1, 11, 32, 128, 16], [16, 12] -> outputs=[1, 11, 32, 128, 12]",17301504
trunk_fp16.onnx,1216,MatMul,"inputs=[11, 32, 128], [128, 128] -> outputs=[11, 32, 128]",11534336
trunk_fp16.onnx,1220,MatMul,"inputs=[11, 32, 128], [128, 128] -> outputs=[11, 32, 128]",11534336
trunk_fp16.onnx,1223,Einsum,"inputs=[1, 22, 16, 128], [22, 88] -> outputs=[1, 88, 16, 128]",7929856
trunk_fp16.onnx,1225,MatMul,"inputs=[11, 32, 128], [128, 128] -> outputs=[11, 32, 128]",11534336
trunk_fp16.onnx,1228,MatMul,"inputs=[11, 128, 128], [128, 128] -> outputs=[11, 128, 128]",46137344
trunk_fp16.onnx,1230,MatMul,"inputs=[11, 128, 128], [128, 128] -> outputs=[11, 128, 128]",46137344
trunk_fp16.onnx,1232,MatMul,"inputs=[11, 32, 128], [128, 128] -> outputs=[11, 32, 128]",11534336
trunk_fp16.onnx,1234,Einsum,"inputs=[11, 32, 4, 32], [11, 128, 4, 32] -> outputs=[11, 4, 32, 128]",11534336
trunk_fp16.onnx,1239,Softmax,"inputs=[11, 4, 32, 128] -> outputs=[11, 4, 32, 128]",901120
trunk_fp16.onnx,1241,Einsum,"inputs=[11, 4, 32, 128], [11, 128, 4, 32] -> outputs=[11, 32, 4, 32]",11534336
trunk_fp16.onnx,1244,MatMul,"inputs=[11, 32, 128], [128, 128] -> outputs=[11, 32, 128]",11534336
trunk_fp16.onnx,1255,MatMul,"inputs=[11, 32, 128], [128, 128] -> outputs=[11, 32, 128]",11534336
trunk_fp16.onnx,1259,MatMul,"inputs=[11, 32, 128], [128, 128] -> outputs=[11, 32, 128]",11534336
trunk_fp16.onnx,1261,MatMul,"inputs=[11, 32, 128], [128, 512] -> outputs=[11, 32, 512]",46137344
trunk_fp16.onnx,1266,MatMul,"inputs=[11, 32, 128], [128, 256] -> outputs=[11, 32, 256]",23068672
trunk_fp16.onnx,1268,MatMul,"inputs=[11, 32, 256], [256, 128] -> outputs=[11, 32, 128]",23068672
trunk_fp16.onnx,1279,MatMul,"inputs=[11, 32, 128], [128, 128] -> outputs=[11, 32, 128]",11534336
trunk_fp16.onnx,1283,MatMul,"inputs=[11, 32, 128], [128, 128] -> outputs=[11, 32, 128]",11534336
trunk_fp16.onnx,1286,Einsum,"inputs=[1, 22, 16, 128], [22, 88] -> outputs=[1, 88, 16, 128]",7929856
trunk_fp16.onnx,1288,MatMul,"inputs=[11, 32, 128], [128, 128] -> outputs=[11, 32, 128]",11534336
trunk_fp16.onnx,1291,MatMul,"inputs=[11, 128, 128], [128, 128] -> outputs=[11, 128, 128]",46137344
trunk_fp16.onnx,1293,MatMul,"inputs=[11, 128, 128], [128, 128] -> outputs=[11, 128, 128]",46137344
trunk_fp16.onnx,1295,MatMul,"inputs=[11, 32, 128], [128, 128] -> outputs=[11, 32, 128]",11534336
trunk_fp16.onnx,1297,Einsum,"inputs=[11, 32, 4, 32], [11, 128, 4, 32] -> outputs=[11, 4, 32, 128]",11534336
trunk_fp16.onnx,1302,Softmax,"inputs=[11, 4, 32, 128] -> outputs=[11, 4, 32, 128]",901120
trunk_fp16.onnx,1304,Einsum,"inputs=[11, 4, 32, 128], [11, 128, 4, 32] -> outputs=[11, 32, 4, 32]",11534336
trunk_fp16.onnx,1307,MatMul,"inputs=[11, 32, 128], [128, 128] -> outputs=[11, 32, 128]",11534336
trunk_fp16.onnx,1318,MatMul,"inputs=[11, 32, 128], [128, 128] -> outputs=[11, 32, 128]",11534336
trunk_fp16.onnx,1322,MatMul,"inputs=[11, 32, 128], [128, 128] -> outputs=[11, 32, 128]",11534336
trunk_fp16.onnx,1324,MatMul,"inputs=[11, 32, 128], [128, 512] -> outputs=[11, 32, 512]",46137344
trunk_fp16.onnx,1329,MatMul,"inputs=[11, 32, 128], [128, 256] -> outputs=[11, 32, 256]",23068672
trunk_fp16.onnx,1331,MatMul,"inputs=[11, 32, 256], [256, 128] -> outputs=[11, 32, 128]",23068672
trunk_fp16.onnx,1342,MatMul,"inputs=[11, 32, 128], [128, 128] -> outputs=[11, 32, 128]",11534336
trunk_fp16.onnx,1346,MatMul,"inputs=[11, 32, 128], [128, 128] -> outputs=[11, 32, 128]",11534336
trunk_fp16.onnx,1349,Einsum,"inputs=[1, 22, 16, 128], [22, 88] -> outputs=[1, 88, 16, 128]",7929856
trunk_fp16.onnx,1351,MatMul,"inputs=[11, 32, 128], [128, 128] -> outputs=[11, 32, 128]",11534336
trunk_fp16.onnx,1354,MatMul,"inputs=[11, 128, 128], [128, 128] -> outputs=[11, 128, 128]",46137344
trunk_fp16.onnx,1356,MatMul,"inputs=[11, 128, 128], [128, 128] -> outputs=[11, 128, 128]",46137344
trunk_fp16.onnx,1358,MatMul,"inputs=[11, 32, 128], [128, 128] -> outputs=[11, 32, 128]",11534336
trunk_fp16.onnx,1360,Einsum,"inputs=[11, 32, 4, 32], [11, 128, 4, 32] -> outputs=[11, 4, 32, 128]",11534336
trunk_fp16.onnx,1365,Softmax,"inputs=[11, 4, 32, 128] -> outputs=[11, 4, 32, 128]",901120
trunk_fp16.onnx,1367,Einsum,"inputs=[11, 4, 32, 128], [11, 128, 4, 32] -> outputs=[11, 32, 4, 32]",11534336
trunk_fp16.onnx,1370,MatMul,"inputs=[11, 32, 128], [128, 128] -> outputs=[11, 32, 128]",11534336
trunk_fp16.onnx,1381,MatMul,"inputs=[11, 32, 128], [128, 128] -> outputs=[11, 32, 128]",11534336
trunk_fp16.onnx,1385,MatMul,"inputs=[11, 32, 128], [128, 128] -> outputs=[11, 32, 128]",11534336
trunk_fp16.onnx,1387,MatMul,"inputs=[11, 32, 128], [128, 512] -> outputs=[11, 32, 512]",46137344
trunk_fp16.onnx,1392,MatMul,"inputs=[11, 32, 128], [128, 256] -> outputs=[11, 32, 256]",23068672
trunk_fp16.onnx,1394,MatMul,"inputs=[11, 32, 256], [256, 128] -> outputs=[11, 32, 128]",23068672
trunk_fp16.onnx,1398,MatMul,"inputs=[1, 352, 128], [128, 384] -> outputs=[1, 352, 384]",34603008
trunk_fp16.onnx,1400,MatMul,"inputs=[1, 46, 352], [1, 352, 384] -> outputs=[1, 46, 384]",12435456
trunk_fp16.onnx,1407,MatMul,"inputs=[1, 46, 384], [384, 384] -> outputs=[1, 46, 384]",13565952
trunk_fp16.onnx,1408,MatMul,"inputs=[1, 46, 384], [384, 128] -> outputs=[1, 46, 128]",4521984
trunk_fp16.onnx,1410,MatMul,"inputs=[1, 46, 384], [384, 128] -> outputs=[1, 46, 128]",4521984
trunk_fp16.onnx,1417,MatMul,"inputs=[1, 46, 384], [384, 64] -> outputs=[1, 46, 64]",2260992
trunk_fp16.onnx,1425,MatMul,"inputs=[1, 46, 384], [384, 384] -> outputs=[1, 46, 384]",13565952
trunk_fp16.onnx,1432,MatMul,"inputs=[1, 46, 46, 128], [128, 128] -> outputs=[1, 46, 46, 128]",69337088
trunk_fp16.onnx,1440,MatMul,"inputs=[1, 1, 46, 46, 128], [128, 64] -> outputs=[1, 1, 46, 46, 64]",34668544
trunk_fp16.onnx,1448,MatMul,"inputs=[1, 46, 46, 64], [64, 128] -> outputs=[1, 46, 46, 128]",34668544
trunk_fp16.onnx,1449,MatMul,"inputs=[1, 46, 46, 64], [64, 128] -> outputs=[1, 46, 46, 128]",34668544
trunk_fp16.onnx,1454,Einsum,"inputs=[1, 46, 46, 64], [1, 46, 46, 64] -> outputs=[1, 46, 46, 64]",12459008
trunk_fp16.onnx,1455,MatMul,"inputs=[1, 46, 46, 64], [64, 64] -> outputs=[1, 46, 46, 64]",17334272
trunk_fp16.onnx,1462,MatMul,"inputs=[1, 46, 46, 64], [64, 64] -> outputs=[1, 46, 46, 64]",17334272
trunk_fp16.onnx,1471,MatMul,"inputs=[1, 46, 46, 64], [64, 128] -> outputs=[1, 46, 46, 128]",34668544
trunk_fp16.onnx,1472,MatMul,"inputs=[1, 46, 46, 64], [64, 128] -> outputs=[1, 46, 46, 128]",34668544
trunk_fp16.onnx,1477,Einsum,"inputs=[1, 46, 46, 64], [1, 46, 46, 64] -> outputs=[1, 46, 46, 64]",12459008
trunk_fp16.onnx,1478,MatMul,"inputs=[1, 46, 46, 64], [64, 64] -> outputs=[1, 46, 46, 64]",17334272
trunk_fp16.onnx,1485,MatMul,"inputs=[1, 46, 46, 64], [64, 64] -> outputs=[1, 46, 46, 64]",17334272
trunk_fp16.onnx,1494,MatMul,"inputs=[1, 46, 46, 64], [64, 4] -> outputs=[1, 46, 46, 4]",1083392
trunk_fp16.onnx,1499,MatMul,"inputs=[46, 46, 64], [64, 128] -> outputs=[46, 46, 128]",34668544
trunk_fp16.onnx,1500,MatMul,"inputs=[46, 46, 64], [64, 128] -> outputs=[46, 46, 128]",34668544
trunk_fp16.onnx,1501,MatMul,"inputs=[46, 46, 64], [64, 128] -> outputs=[46, 46, 128]",34668544
trunk_fp16.onnx,1511,MatMul,"inputs=[46, 4, 46, 32], [46, 4, 32, 46] -> outputs=[46, 4, 46, 46]",4584914944
trunk_fp16.onnx,1514,MatMul,"inputs=[46, 46, 64], [64, 128] -> outputs=[46, 46, 128]",34668544
trunk_fp16.onnx,1518,Softmax,"inputs=[46, 4, 46, 46] -> outputs=[46, 4, 46, 46]",1946720
trunk_fp16.onnx,1520,MatMul,"inputs=[46, 4, 46, 46], [46, 4, 46, 32] -> outputs=[46, 4, 46, 32]",4584914944
trunk_fp16.onnx,1524,MatMul,"inputs=[46, 46, 128], [128, 64] -> outputs=[46, 46, 64]",34668544
trunk_fp16.onnx,1534,MatMul,"inputs=[1, 46, 46, 64], [64, 4] -> outputs=[1, 46, 46, 4]",1083392
trunk_fp16.onnx,1539,MatMul,"inputs=[46, 46, 64], [64, 128] -> outputs=[46, 46, 128]",34668544
trunk_fp16.onnx,1540,MatMul,"inputs=[46, 46, 64], [64, 128] -> outputs=[46, 46, 128]",34668544
trunk_fp16.onnx,1541,MatMul,"inputs=[46, 46, 64], [64, 128] -> outputs=[46, 46, 128]",34668544
trunk_fp16.onnx,1551,MatMul,"inputs=[46, 4, 46, 32], [46, 4, 32, 46] -> outputs=[46, 4, 46, 46]",4584914944
trunk_fp16.onnx,1554,MatMul,"inputs=[46, 46, 64], [64, 128] -> outputs=[46, 46, 128]",34668544
trunk_fp16.onnx,1558,Softmax,"inputs=[46, 4, 46, 46] -> outputs=[46, 4, 46, 46]",1946720
trunk_fp16.onnx,1560,MatMul,"inputs=[46, 4, 46, 46], [46, 4, 46, 32] -> outputs=[46, 4, 46, 32]",4584914944
trunk_fp16.onnx,1564,MatMul,"inputs=[46, 46, 128], [128, 64] -> outputs=[46, 46, 64]",34668544
trunk_fp16.onnx,1574,MatMul,"inputs=[1, 46, 46, 64], [64, 256] -> outputs=[1, 46, 46, 256]",69337088
trunk_fp16.onnx,1577,MatMul,"inputs=[1, 46, 46, 64], [64, 256] -> outputs=[1, 46, 46, 256]",69337088
trunk_fp16.onnx,1579,MatMul,"inputs=[1, 46, 46, 256], [256, 64] -> outputs=[1, 46, 46, 64]",69337088
trunk_fp16.onnx,1586,MatMul,"inputs=[1, 46, 46, 64], [64, 128] -> outputs=[1, 46, 46, 128]",34668544
trunk_fp16.onnx,1587,MatMul,"inputs=[1, 46, 46, 64], [64, 128] -> outputs=[1, 46, 46, 128]",34668544
trunk_fp16.onnx,1592,Einsum,"inputs=[1, 46, 46, 64], [1, 46, 46, 64] -> outputs=[1, 46, 46, 64]",12459008
trunk_fp16.onnx,1593,MatMul,"inputs=[1, 46, 46, 64], [64, 64] -> outputs=[1, 46, 46, 64]",17334272
trunk_fp16.onnx,1600,MatMul,"inputs=[1, 46, 46, 64], [64, 64] -> outputs=[1, 46, 46, 64]",17334272
trunk_fp16.onnx,1609,MatMul,"inputs=[1, 46, 46, 64], [64, 128] -> outputs=[1, 46, 46, 128]",34668544
trunk_fp16.onnx,1610,MatMul,"inputs=[1, 46, 46, 64], [64, 128] -> outputs=[1, 46, 46, 128]",34668544
trunk_fp16.onnx,1615,Einsum,"inputs=[1, 46, 46, 64], [1, 46, 46, 64] -> outputs=[1, 46, 46, 64]",12459008
trunk_fp16.onnx,1616,MatMul,"inputs=[1, 46, 46, 64], [64, 64] -> outputs=[1, 46, 46, 64]",17334272
trunk_fp16.onnx,1623,MatMul,"inputs=[1, 46, 46, 64], [64, 64] -> outputs=[1, 46, 46, 64]",17334272
trunk_fp16.onnx,1632,MatMul,"inputs=[1, 46, 46, 64], [64, 4] -> outputs=[1, 46, 46, 4]",1083392
trunk_fp16.onnx,1637,MatMul,"inputs=[46, 46, 64], [64, 128] -> outputs=[46, 46, 128]",34668544
trunk_fp16.onnx,1638,MatMul,"inputs=[46, 46, 64], [64, 128] -> outputs=[46, 46, 128]",34668544
trunk_fp16.onnx,1639,MatMul,"inputs=[46, 46, 64], [64, 128] -> outputs=[46, 46, 128]",34668544
trunk_fp16.onnx,1649,MatMul,"inputs=[46, 4, 46, 32], [46, 4, 32, 46] -> outputs=[46, 4, 46, 46]",4584914944
trunk_fp16.onnx,1652,MatMul,"inputs=[46, 46, 64], [64, 128] -> outputs=[46, 46, 128]",34668544
trunk_fp16.onnx,1656,Softmax,"inputs=[46, 4, 46, 46] -> outputs=[46, 4, 46, 46]",1946720
trunk_fp16.onnx,1658,MatMul,"inputs=[46, 4, 46, 46], [46, 4, 46, 32] -> outputs=[46, 4, 46, 32]",4584914944
trunk_fp16.onnx,1662,MatMul,"inputs=[46, 46, 128], [128, 64] -> outputs=[46, 46, 64]",34668544
trunk_fp16.onnx,1672,MatMul,"inputs=[1, 46, 46, 64], [64, 4] -> outputs=[1, 46, 46, 4]",1083392
trunk_fp16.onnx,1677,MatMul,"inputs=[46, 46, 64], [64, 128] -> outputs=[46, 46, 128]",34668544
trunk_fp16.onnx,1678,MatMul,"inputs=[46, 46, 64], [64, 128] -> outputs=[46, 46, 128]",34668544
trunk_fp16.onnx,1679,MatMul,"inputs=[46, 46, 64], [64, 128] -> outputs=[46, 46, 128]",34668544
trunk_fp16.onnx,1689,MatMul,"inputs=[46, 4, 46, 32], [46, 4, 32, 46] -> outputs=[46, 4, 46, 46]",4584914944
trunk_fp16.onnx,1692,MatMul,"inputs=[46, 46, 64], [64, 128] -> outputs=[46, 46, 128]",34668544
trunk_fp16.onnx,1696,Softmax,"inputs=[46, 4, 46, 46] -> outputs=[46, 4, 46, 46]",1946720
trunk_fp16.onnx,1698,MatMul,"inputs=[46, 4, 46, 46], [46, 4, 46, 32] -> outputs=[46, 4, 46, 32]",4584914944
trunk_fp16.onnx,1702,MatMul,"inputs=[46, 46, 128], [128, 64] -> outputs=[46, 46, 64]",34668544
trunk_fp16.onnx,1712,MatMul,"inputs=[1, 46, 46, 64], [64, 256] -> outputs=[1, 46, 46, 256]",69337088
trunk_fp16.onnx,1715,MatMul,"inputs=[1, 46, 46, 64], [64, 256] -> outputs=[1, 46, 46, 256]",69337088
trunk_fp16.onnx,1717,MatMul,"inputs=[1, 46, 46, 256], [256, 64] -> outputs=[1, 46, 46, 64]",69337088
trunk_fp16.onnx,1730,MatMul,"inputs=[1, 46, 46, 64], [64, 128] -> outputs=[1, 46, 46, 128]",34668544
trunk_fp16.onnx,1737,MatMul,"inputs=[1, 1, 46, 64], [64, 256] -> outputs=[1, 1, 46, 256]",1507328
trunk_fp16.onnx,1740,MatMul,"inputs=[1, 1, 46, 64], [64, 256] -> outputs=[1, 1, 46, 256]",1507328
trunk_fp16.onnx,1747,MatMul,"inputs=[1, 46, 46, 128], [128, 8] -> outputs=[1, 46, 46, 8]",4333568
trunk_fp16.onnx,1751,Softmax,"inputs=[1, 8, 46, 46] -> outputs=[1, 8, 46, 46]",84640
trunk_fp16.onnx,1753,Einsum,"inputs=[1, 8, 46, 46], [1, 8, 1, 46, 32] -> outputs=[1, 8, 1, 46, 32]",1083392
trunk_fp16.onnx,1757,MatMul,"inputs=[1, 1, 46, 256], [256, 64] -> outputs=[1, 1, 46, 64]",1507328
trunk_fp16.onnx,1765,MatMul,"inputs=[1, 1, 46, 64], [64, 256] -> outputs=[1, 1, 46, 256]",1507328
trunk_fp16.onnx,1768,MatMul,"inputs=[1, 1, 46, 64], [64, 256] -> outputs=[1, 1, 46, 256]",1507328
trunk_fp16.onnx,1770,MatMul,"inputs=[1, 1, 46, 256], [256, 64] -> outputs=[1, 1, 46, 64]",1507328
trunk_fp16.onnx,1777,MatMul,"inputs=[1, 1, 46, 64], [64, 32] -> outputs=[1, 1, 46, 32]",188416
trunk_fp16.onnx,1779,MatMul,"inputs=[1, 1, 46, 64], [64, 32] -> outputs=[1, 1, 46, 32]",188416
trunk_fp16.onnx,1781,Einsum,"inputs=[1, 1, 46, 32], [1, 1, 46, 32] -> outputs=[1, 46, 46, 32, 32]",4333568
trunk_fp16.onnx,1784,MatMul,"inputs=[1, 46, 46, 1024], [1024, 128] -> outputs=[1, 46, 46, 128]",554696704
trunk_fp16.onnx,1792,MatMul,"inputs=[1, 46, 46, 128], [128, 256] -> outputs=[1, 46, 46, 256]",138674176
trunk_fp16.onnx,1793,MatMul,"inputs=[1, 46, 46, 128], [128, 256] -> outputs=[1, 46, 46, 256]",138674176
trunk_fp16.onnx,1798,Einsum,"inputs=[1, 46, 46, 128], [1, 46, 46, 128] -> outputs=[1, 46, 46, 128]",24918016
trunk_fp16.onnx,1799,MatMul,"inputs=[1, 46, 46, 128], [128, 128] -> outputs=[1, 46, 46, 128]",69337088
trunk_fp16.onnx,1806,MatMul,"inputs=[1, 46, 46, 128], [128, 128] -> outputs=[1, 46, 46, 128]",69337088
trunk_fp16.onnx,1815,MatMul,"inputs=[1, 46, 46, 128], [128, 256] -> outputs=[1, 46, 46, 256]",138674176
trunk_fp16.onnx,1816,MatMul,"inputs=[1, 46, 46, 128], [128, 256] -> outputs=[1, 46, 46, 256]",138674176
trunk_fp16.onnx,1821,Einsum,"inputs=[1, 46, 46, 128], [1, 46, 46, 128] -> outputs=[1, 46, 46, 128]",24918016
trunk_fp16.onnx,1822,MatMul,"inputs=[1, 46, 46, 128], [128, 128] -> outputs=[1, 46, 46, 128]",69337088
trunk_fp16.onnx,1829,MatMul,"inputs=[1, 46, 46, 128], [128, 128] -> outputs=[1, 46, 46, 128]",69337088
trunk_fp16.onnx,1838,MatMul,"inputs=[1, 46, 46, 128], [128, 4] -> outputs=[1, 46, 46, 4]",2166784
trunk_fp16.onnx,1843,MatMul,"inputs=[46, 46, 128], [128, 128] -> outputs=[46, 46, 128]",69337088
trunk_fp16.onnx,1844,MatMul,"inputs=[46, 46, 128], [128, 128] -> outputs=[46, 46, 128]",69337088
trunk_fp16.onnx,1845,MatMul,"inputs=[46, 46, 128], [128, 128] -> outputs=[46, 46, 128]",69337088
trunk_fp16.onnx,1855,MatMul,"inputs=[46, 4, 46, 32], [46, 4, 32, 46] -> outputs=[46, 4, 46, 46]",4584914944
trunk_fp16.onnx,1858,MatMul,"inputs=[46, 46, 128], [128, 128] -> outputs=[46, 46, 128]",69337088
trunk_fp16.onnx,1862,Softmax,"inputs=[46, 4, 46, 46] -> outputs=[46, 4, 46, 46]",1946720
trunk_fp16.onnx,1864,MatMul,"inputs=[46, 4, 46, 46], [46, 4, 46, 32] -> outputs=[46, 4, 46, 32]",4584914944
trunk_fp16.onnx,1868,MatMul,"inputs=[46, 46, 128], [128, 128] -> outputs=[46, 46, 128]",69337088
trunk_fp16.onnx,1878,MatMul,"inputs=[1, 46, 46, 128], [128, 4] -> outputs=[1, 46, 46, 4]",2166784
trunk_fp16.onnx,1883,MatMul,"inputs=[46, 46, 128], [128, 128] -> outputs=[46, 46, 128]",69337088
trunk_fp16.onnx,1884,MatMul,"inputs=[46, 46, 128], [128, 128] -> outputs=[46, 46, 128]",69337088
trunk_fp16.onnx,1885,MatMul,"inputs=[46, 46, 128], [128, 128] -> outputs=[46, 46, 128]",69337088
trunk_fp16.onnx,1895,MatMul,"inputs=[46, 4, 46, 32], [46, 4, 32, 46] -> outputs=[46, 4, 46, 46]",4584914944
trunk_fp16.onnx,1898,MatMul,"inputs=[46, 46, 128], [128, 128] -> outputs=[46, 46, 128]",69337088
trunk_fp16.onnx,1902,Softmax,"inputs=[46, 4, 46, 46] -> outputs=[46, 4, 46, 46]",1946720
trunk_fp16.onnx,1904,MatMul,"inputs=[46, 4, 46, 46], [46, 4, 46, 32] -> outputs=[46, 4, 46, 32]",4584914944
trunk_fp16.onnx,1908,MatMul,"inputs=[46, 46, 128], [128, 128] -> outputs=[46, 46, 128]",69337088
trunk_fp16.onnx,1918,MatMul,"inputs=[1, 46, 46, 128], [128, 512] -> outputs=[1, 46, 46, 512]",277348352
trunk_fp16.onnx,1921,MatMul,"inputs=[1, 46, 46, 128], [128, 512] -> outputs=[1, 46, 46, 512]",277348352
trunk_fp16.onnx,1923,MatMul,"inputs=[1, 46, 46, 512], [512, 128] -> outputs=[1, 46, 46, 128]",277348352
trunk_fp16.onnx,1930,MatMul,"inputs=[1, 1, 46, 64], [64, 256] -> outputs=[1, 1, 46, 256]",1507328
trunk_fp16.onnx,1933,MatMul,"inputs=[1, 1, 46, 64], [64, 256] -> outputs=[1, 1, 46, 256]",1507328
trunk_fp16.onnx,1940,MatMul,"inputs=[1, 46, 46, 128], [128, 8] -> outputs=[1, 46, 46, 8]",4333568
trunk_fp16.onnx,1944,Softmax,"inputs=[1, 8, 46, 46] -> outputs=[1, 8, 46, 46]",84640
trunk_fp16.onnx,1946,Einsum,"inputs=[1, 8, 46, 46], [1, 8, 1, 46, 32] -> outputs=[1, 8, 1, 46, 32]",1083392
trunk_fp16.onnx,1950,MatMul,"inputs=[1, 1, 46, 256], [256, 64] -> outputs=[1, 1, 46, 64]",1507328
trunk_fp16.onnx,1958,MatMul,"inputs=[1, 1, 46, 64], [64, 256] -> outputs=[1, 1, 46, 256]",1507328
trunk_fp16.onnx,1961,MatMul,"inputs=[1, 1, 46, 64], [64, 256] -> outputs=[1, 1, 46, 256]",1507328
trunk_fp16.onnx,1963,MatMul,"inputs=[1, 1, 46, 256], [256, 64] -> outputs=[1, 1, 46, 64]",1507328
trunk_fp16.onnx,1970,MatMul,"inputs=[1, 1, 46, 64], [64, 32] -> outputs=[1, 1, 46, 32]",188416
trunk_fp16.onnx,1972,MatMul,"inputs=[1, 1, 46, 64], [64, 32] -> outputs=[1, 1, 46, 32]",188416
trunk_fp16.onnx,1974,Einsum,"inputs=[1, 1, 46, 32], [1, 1, 46, 32] -> outputs=[1, 46, 46, 32, 32]",4333568
trunk_fp16.onnx,1977,MatMul,"inputs=[1, 46, 46, 1024], [1024, 128] -> outputs=[1, 46, 46, 128]",554696704
trunk_fp16.onnx,1985,MatMul,"inputs=[1, 46, 46, 128], [128, 256] -> outputs=[1, 46, 46, 256]",138674176
trunk_fp16.onnx,1986,MatMul,"inputs=[1, 46, 46, 128], [128, 256] -> outputs=[1, 46, 46, 256]",138674176
trunk_fp16.onnx,1991,Einsum,"inputs=[1, 46, 46, 128], [1, 46, 46, 128] -> outputs=[1, 46, 46, 128]",24918016
trunk_fp16.onnx,1992,MatMul,"inputs=[1, 46, 46, 128], [128, 128] -> outputs=[1, 46, 46, 128]",69337088
trunk_fp16.onnx,1999,MatMul,"inputs=[1, 46, 46, 128], [128, 128] -> outputs=[1, 46, 46, 128]",69337088
trunk_fp16.onnx,2008,MatMul,"inputs=[1, 46, 46, 128], [128, 256] -> outputs=[1, 46, 46, 256]",138674176
trunk_fp16.onnx,2009,MatMul,"inputs=[1, 46, 46, 128], [128, 256] -> outputs=[1, 46, 46, 256]",138674176
trunk_fp16.onnx,2014,Einsum,"inputs=[1, 46, 46, 128], [1, 46, 46, 128] -> outputs=[1, 46, 46, 128]",24918016
trunk_fp16.onnx,2015,MatMul,"inputs=[1, 46, 46, 128], [128, 128] -> outputs=[1, 46, 46, 128]",69337088
trunk_fp16.onnx,2022,MatMul,"inputs=[1, 46, 46, 128], [128, 128] -> outputs=[1, 46, 46, 128]",69337088
trunk_fp16.onnx,2031,MatMul,"inputs=[1, 46, 46, 128], [128, 4] -> outputs=[1, 46, 46, 4]",2166784
trunk_fp16.onnx,2036,MatMul,"inputs=[46, 46, 128], [128, 128] -> outputs=[46, 46, 128]",69337088
trunk_fp16.onnx,2037,MatMul,"inputs=[46, 46, 128], [128, 128] -> outputs=[46, 46, 128]",69337088
trunk_fp16.onnx,2038,MatMul,"inputs=[46, 46, 128], [128, 128] -> outputs=[46, 46, 128]",69337088
trunk_fp16.onnx,2048,MatMul,"inputs=[46, 4, 46, 32], [46, 4, 32, 46] -> outputs=[46, 4, 46, 46]",4584914944
trunk_fp16.onnx,2051,MatMul,"inputs=[46, 46, 128], [128, 128] -> outputs=[46, 46, 128]",69337088
trunk_fp16.onnx,2055,Softmax,"inputs=[46, 4, 46, 46] -> outputs=[46, 4, 46, 46]",1946720
trunk_fp16.onnx,2057,MatMul,"inputs=[46, 4, 46, 46], [46, 4, 46, 32] -> outputs=[46, 4, 46, 32]",4584914944
trunk_fp16.onnx,2061,MatMul,"inputs=[46, 46, 128], [128, 128] -> outputs=[46, 46, 128]",69337088
trunk_fp16.onnx,2071,MatMul,"inputs=[1, 46, 46, 128], [128, 4] -> outputs=[1, 46, 46, 4]",2166784
trunk_fp16.onnx,2076,MatMul,"inputs=[46, 46, 128], [128, 128] -> outputs=[46, 46, 128]",69337088
trunk_fp16.onnx,2077,MatMul,"inputs=[46, 46, 128], [128, 128] -> outputs=[46, 46, 128]",69337088
trunk_fp16.onnx,2078,MatMul,"inputs=[46, 46, 128], [128, 128] -> outputs=[46, 46, 128]",69337088
trunk_fp16.onnx,2088,MatMul,"inputs=[46, 4, 46, 32], [46, 4, 32, 46] -> outputs=[46, 4, 46, 46]",4584914944
trunk_fp16.onnx,2091,MatMul,"inputs=[46, 46, 128], [128, 128] -> outputs=[46, 46, 128]",69337088
trunk_fp16.onnx,2095,Softmax,"inputs=[46, 4, 46, 46] -> outputs=[46, 4, 46, 46]",1946720
trunk_fp16.onnx,2097,MatMul,"inputs=[46, 4, 46, 46], [46, 4, 46, 32] -> outputs=[46, 4, 46, 32]",4584914944
trunk_fp16.onnx,2101,MatMul,"inputs=[46, 46, 128], [128, 128] -> outputs=[46, 46, 128]",69337088
trunk_fp16.onnx,2111,MatMul,"inputs=[1, 46, 46, 128], [128, 512] -> outputs=[1, 46, 46, 512]",277348352
trunk_fp16.onnx,2114,MatMul,"inputs=[1, 46, 46, 128], [128, 512] -> outputs=[1, 46, 46, 512]",277348352
trunk_fp16.onnx,2116,MatMul,"inputs=[1, 46, 46, 512], [512, 128] -> outputs=[1, 46, 46, 128]",277348352
trunk_fp16.onnx,2123,MatMul,"inputs=[1, 1, 46, 64], [64, 256] -> outputs=[1, 1, 46, 256]",1507328
trunk_fp16.onnx,2126,MatMul,"inputs=[1, 1, 46, 64], [64, 256] -> outputs=[1, 1, 46, 256]",1507328
trunk_fp16.onnx,2133,MatMul,"inputs=[1, 46, 46, 128], [128, 8] -> outputs=[1, 46, 46, 8]",4333568
trunk_fp16.onnx,2137,Softmax,"inputs=[1, 8, 46, 46] -> outputs=[1, 8, 46, 46]",84640
trunk_fp16.onnx,2139,Einsum,"inputs=[1, 8, 46, 46], [1, 8, 1, 46, 32] -> outputs=[1, 8, 1, 46, 32]",1083392
trunk_fp16.onnx,2143,MatMul,"inputs=[1, 1, 46, 256], [256, 64] -> outputs=[1, 1, 46, 64]",1507328
trunk_fp16.onnx,2151,MatMul,"inputs=[1, 1, 46, 64], [64, 256] -> outputs=[1, 1, 46, 256]",1507328
trunk_fp16.onnx,2154,MatMul,"inputs=[1, 1, 46, 64], [64, 256] -> outputs=[1, 1, 46, 256]",1507328
trunk_fp16.onnx,2156,MatMul,"inputs=[1, 1, 46, 256], [256, 64] -> outputs=[1, 1, 46, 64]",1507328
trunk_fp16.onnx,2163,MatMul,"inputs=[1, 1, 46, 64], [64, 32] -> outputs=[1, 1, 46, 32]",188416
trunk_fp16.onnx,2165,MatMul,"inputs=[1, 1, 46, 64], [64, 32] -> outputs=[1, 1, 46, 32]",188416
trunk_fp16.onnx,2167,Einsum,"inputs=[1, 1, 46, 32], [1, 1, 46, 32] -> outputs=[1, 46, 46, 32, 32]",4333568
trunk_fp16.onnx,2170,MatMul,"inputs=[1, 46, 46, 1024], [1024, 128] -> outputs=[1, 46, 46, 128]",554696704
trunk_fp16.onnx,2178,MatMul,"inputs=[1, 46, 46, 128], [128, 256] -> outputs=[1, 46, 46, 256]",138674176
trunk_fp16.onnx,2179,MatMul,"inputs=[1, 46, 46, 128], [128, 256] -> outputs=[1, 46, 46, 256]",138674176
trunk_fp16.onnx,2184,Einsum,"inputs=[1, 46, 46, 128], [1, 46, 46, 128] -> outputs=[1, 46, 46, 128]",24918016
trunk_fp16.onnx,2185,MatMul,"inputs=[1, 46, 46, 128], [128, 128] -> outputs=[1, 46, 46, 128]",69337088
trunk_fp16.onnx,2192,MatMul,"inputs=[1, 46, 46, 128], [128, 128] -> outputs=[1, 46, 46, 128]",69337088
trunk_fp16.onnx,2201,MatMul,"inputs=[1, 46, 46, 128], [128, 256] -> outputs=[1, 46, 46, 256]",138674176
trunk_fp16.onnx,2202,MatMul,"inputs=[1, 46, 46, 128], [128, 256] -> outputs=[1, 46, 46, 256]",138674176
trunk_fp16.onnx,2207,Einsum,"inputs=[1, 46, 46, 128], [1, 46, 46, 128] -> outputs=[1, 46, 46, 128]",24918016
trunk_fp16.onnx,2208,MatMul,"inputs=[1, 46, 46, 128], [128, 128] -> outputs=[1, 46, 46, 128]",69337088
trunk_fp16.onnx,2215,MatMul,"inputs=[1, 46, 46, 128], [128, 128] -> outputs=[1, 46, 46, 128]",69337088
trunk_fp16.onnx,2224,MatMul,"inputs=[1, 46, 46, 128], [128, 4] -> outputs=[1, 46, 46, 4]",2166784
trunk_fp16.onnx,2229,MatMul,"inputs=[46, 46, 128], [128, 128] -> outputs=[46, 46, 128]",69337088
trunk_fp16.onnx,2230,MatMul,"inputs=[46, 46, 128], [128, 128] -> outputs=[46, 46, 128]",69337088
trunk_fp16.onnx,2231,MatMul,"inputs=[46, 46, 128], [128, 128] -> outputs=[46, 46, 128]",69337088
trunk_fp16.onnx,2241,MatMul,"inputs=[46, 4, 46, 32], [46, 4, 32, 46] -> outputs=[46, 4, 46, 46]",4584914944
trunk_fp16.onnx,2244,MatMul,"inputs=[46, 46, 128], [128, 128] -> outputs=[46, 46, 128]",69337088
trunk_fp16.onnx,2248,Softmax,"inputs=[46, 4, 46, 46] -> outputs=[46, 4, 46, 46]",1946720
trunk_fp16.onnx,2250,MatMul,"inputs=[46, 4, 46, 46], [46, 4, 46, 32] -> outputs=[46, 4, 46, 32]",4584914944
trunk_fp16.onnx,2254,MatMul,"inputs=[46, 46, 128], [128, 128] -> outputs=[46, 46, 128]",69337088
trunk_fp16.onnx,2264,MatMul,"inputs=[1, 46, 46, 128], [128, 4] -> outputs=[1, 46, 46, 4]",2166784
trunk_fp16.onnx,2269,MatMul,"inputs=[46, 46, 128], [128, 128] -> outputs=[46, 46, 128]",69337088
trunk_fp16.onnx,2270,MatMul,"inputs=[46, 46, 128], [128, 128] -> outputs=[46, 46, 128]",69337088
trunk_fp16.onnx,2271,MatMul,"inputs=[46, 46, 128], [128, 128] -> outputs=[46, 46, 128]",69337088
trunk_fp16.onnx,2281,MatMul,"inputs=[46, 4, 46, 32], [46, 4, 32, 46] -> outputs=[46, 4, 46, 46]",4584914944
trunk_fp16.onnx,2284,MatMul,"inputs=[46, 46, 128], [128, 128] -> outputs=[46, 46, 128]",69337088
trunk_fp16.onnx,2288,Softmax,"inputs=[46, 4, 46, 46] -> outputs=[46, 4, 46, 46]",1946720
trunk_fp16.onnx,2290,MatMul,"inputs=[46, 4, 46, 46], [46, 4, 46, 32] -> outputs=[46, 4, 46, 32]",4584914944
trunk_fp16.onnx,2294,MatMul,"inputs=[46, 46, 128], [128, 128] -> outputs=[46, 46, 128]",69337088
trunk_fp16.onnx,2304,MatMul,"inputs=[1, 46, 46, 128], [128, 512] -> outputs=[1, 46, 46, 512]",277348352
trunk_fp16.onnx,2307,MatMul,"inputs=[1, 46, 46, 128], [128, 512] -> outputs=[1, 46, 46, 512]",277348352
trunk_fp16.onnx,2309,MatMul,"inputs=[1, 46, 46, 512], [512, 128] -> outputs=[1, 46, 46, 128]",277348352
trunk_fp16.onnx,2316,MatMul,"inputs=[1, 1, 46, 64], [64, 256] -> outputs=[1, 1, 46, 256]",1507328
trunk_fp16.onnx,2319,MatMul,"inputs=[1, 1, 46, 64], [64, 256] -> outputs=[1, 1, 46, 256]",1507328
trunk_fp16.onnx,2326,MatMul,"inputs=[1, 46, 46, 128], [128, 8] -> outputs=[1, 46, 46, 8]",4333568
trunk_fp16.onnx,2330,Softmax,"inputs=[1, 8, 46, 46] -> outputs=[1, 8, 46, 46]",84640
trunk_fp16.onnx,2332,Einsum,"inputs=[1, 8, 46, 46], [1, 8, 1, 46, 32] -> outputs=[1, 8, 1, 46, 32]",1083392
trunk_fp16.onnx,2336,MatMul,"inputs=[1, 1, 46, 256], [256, 64] -> outputs=[1, 1, 46, 64]",1507328
trunk_fp16.onnx,2344,MatMul,"inputs=[1, 1, 46, 64], [64, 256] -> outputs=[1, 1, 46, 256]",1507328
trunk_fp16.onnx,2347,MatMul,"inputs=[1, 1, 46, 64], [64, 256] -> outputs=[1, 1, 46, 256]",1507328
trunk_fp16.onnx,2349,MatMul,"inputs=[1, 1, 46, 256], [256, 64] -> outputs=[1, 1, 46, 64]",1507328
trunk_fp16.onnx,2356,MatMul,"inputs=[1, 1, 46, 64], [64, 32] -> outputs=[1, 1, 46, 32]",188416
trunk_fp16.onnx,2358,MatMul,"inputs=[1, 1, 46, 64], [64, 32] -> outputs=[1, 1, 46, 32]",188416
trunk_fp16.onnx,2360,Einsum,"inputs=[1, 1, 46, 32], [1, 1, 46, 32] -> outputs=[1, 46, 46, 32, 32]",4333568
trunk_fp16.onnx,2363,MatMul,"inputs=[1, 46, 46, 1024], [1024, 128] -> outputs=[1, 46, 46, 128]",554696704
trunk_fp16.onnx,2371,MatMul,"inputs=[1, 46, 46, 128], [128, 256] -> outputs=[1, 46, 46, 256]",138674176
trunk_fp16.onnx,2372,MatMul,"inputs=[1, 46, 46, 128], [128, 256] -> outputs=[1, 46, 46, 256]",138674176
trunk_fp16.onnx,2377,Einsum,"inputs=[1, 46, 46, 128], [1, 46, 46, 128] -> outputs=[1, 46, 46, 128]",24918016
trunk_fp16.onnx,2378,MatMul,"inputs=[1, 46, 46, 128], [128, 128] -> outputs=[1, 46, 46, 128]",69337088
trunk_fp16.onnx,2385,MatMul,"inputs=[1, 46, 46, 128], [128, 128] -> outputs=[1, 46, 46, 128]",69337088
trunk_fp16.onnx,2394,MatMul,"inputs=[1, 46, 46, 128], [128, 256] -> outputs=[1, 46, 46, 256]",138674176
trunk_fp16.onnx,2395,MatMul,"inputs=[1, 46, 46, 128], [128, 256] -> outputs=[1, 46, 46, 256]",138674176
trunk_fp16.onnx,2400,Einsum,"inputs=[1, 46, 46, 128], [1, 46, 46, 128] -> outputs=[1, 46, 46, 128]",24918016
trunk_fp16.onnx,2401,MatMul,"inputs=[1, 46, 46, 128], [128, 128] -> outputs=[1, 46, 46, 128]",69337088
trunk_fp16.onnx,2408,MatMul,"inputs=[1, 46, 46, 128], [128, 128] -> outputs=[1, 46, 46, 128]",69337088
trunk_fp16.onnx,2417,MatMul,"inputs=[1, 46, 46, 128], [128, 4] -> outputs=[1, 46, 46, 4]",2166784
trunk_fp16.onnx,2422,MatMul,"inputs=[46, 46, 128], [128, 128] -> outputs=[46, 46, 128]",69337088
trunk_fp16.onnx,2423,MatMul,"inputs=[46, 46, 128], [128, 128] -> outputs=[46, 46, 128]",69337088
trunk_fp16.onnx,2424,MatMul,"inputs=[46, 46, 128], [128, 128] -> outputs=[46, 46, 128]",69337088
trunk_fp16.onnx,2434,MatMul,"inputs=[46, 4, 46, 32], [46, 4, 32, 46] -> outputs=[46, 4, 46, 46]",4584914944
trunk_fp16.onnx,2437,MatMul,"inputs=[46, 46, 128], [128, 128] -> outputs=[46, 46, 128]",69337088
trunk_fp16.onnx,2441,Softmax,"inputs=[46, 4, 46, 46] -> outputs=[46, 4, 46, 46]",1946720
trunk_fp16.onnx,2443,MatMul,"inputs=[46, 4, 46, 46], [46, 4, 46, 32] -> outputs=[46, 4, 46, 32]",4584914944
trunk_fp16.onnx,2447,MatMul,"inputs=[46, 46, 128], [128, 128] -> outputs=[46, 46, 128]",69337088
trunk_fp16.onnx,2457,MatMul,"inputs=[1, 46, 46, 128], [128, 4] -> outputs=[1, 46, 46, 4]",2166784
trunk_fp16.onnx,2462,MatMul,"inputs=[46, 46, 128], [128, 128] -> outputs=[46, 46, 128]",69337088
trunk_fp16.onnx,2463,MatMul,"inputs=[46, 46, 128], [128, 128] -> outputs=[46, 46, 128]",69337088
trunk_fp16.onnx,2464,MatMul,"inputs=[46, 46, 128], [128, 128] -> outputs=[46, 46, 128]",69337088
trunk_fp16.onnx,2474,MatMul,"inputs=[46, 4, 46, 32], [46, 4, 32, 46] -> outputs=[46, 4, 46, 46]",4584914944
trunk_fp16.onnx,2477,MatMul,"inputs=[46, 46, 128], [128, 128] -> outputs=[46, 46, 128]",69337088
trunk_fp16.onnx,2481,Softmax,"inputs=[46, 4, 46, 46] -> outputs=[46, 4, 46, 46]",1946720
trunk_fp16.onnx,2483,MatMul,"inputs=[46, 4, 46, 46], [46, 4, 46, 32] -> outputs=[46, 4, 46, 32]",4584914944
trunk_fp16.onnx,2487,MatMul,"inputs=[46, 46, 128], [128, 128] -> outputs=[46, 46, 128]",69337088
trunk_fp16.onnx,2497,MatMul,"inputs=[1, 46, 46, 128], [128, 512] -> outputs=[1, 46, 46, 512]",277348352
trunk_fp16.onnx,2500,MatMul,"inputs=[1, 46, 46, 128], [128, 512] -> outputs=[1, 46, 46, 512]",277348352
trunk_fp16.onnx,2502,MatMul,"inputs=[1, 46, 46, 512], [512, 128] -> outputs=[1, 46, 46, 128]",277348352
trunk_fp16.onnx,2510,MatMul,"inputs=[1, 46, 46, 128], [128, 256] -> outputs=[1, 46, 46, 256]",138674176
trunk_fp16.onnx,2511,MatMul,"inputs=[1, 46, 46, 128], [128, 256] -> outputs=[1, 46, 46, 256]",138674176
trunk_fp16.onnx,2516,Einsum,"inputs=[1, 46, 46, 128], [1, 46, 46, 128] -> outputs=[1, 46, 46, 128]",24918016
trunk_fp16.onnx,2517,MatMul,"inputs=[1, 46, 46, 128], [128, 128] -> outputs=[1, 46, 46, 128]",69337088
trunk_fp16.onnx,2524,MatMul,"inputs=[1, 46, 46, 128], [128, 128] -> outputs=[1, 46, 46, 128]",69337088
trunk_fp16.onnx,2533,MatMul,"inputs=[1, 46, 46, 128], [128, 256] -> outputs=[1, 46, 46, 256]",138674176
trunk_fp16.onnx,2534,MatMul,"inputs=[1, 46, 46, 128], [128, 256] -> outputs=[1, 46, 46, 256]",138674176
trunk_fp16.onnx,2539,Einsum,"inputs=[1, 46, 46, 128], [1, 46, 46, 128] -> outputs=[1, 46, 46, 128]",24918016
trunk_fp16.onnx,2540,MatMul,"inputs=[1, 46, 46, 128], [128, 128] -> outputs=[1, 46, 46, 128]",69337088
trunk_fp16.onnx,2547,MatMul,"inputs=[1, 46, 46, 128], [128, 128] -> outputs=[1, 46, 46, 128]",69337088
trunk_fp16.onnx,2556,MatMul,"inputs=[1, 46, 46, 128], [128, 4] -> outputs=[1, 46, 46, 4]",2166784
trunk_fp16.onnx,2561,MatMul,"inputs=[46, 46, 128], [128, 128] -> outputs=[46, 46, 128]",69337088
trunk_fp16.onnx,2562,MatMul,"inputs=[46, 46, 128], [128, 128] -> outputs=[46, 46, 128]",69337088
trunk_fp16.onnx,2563,MatMul,"inputs=[46, 46, 128], [128, 128] -> outputs=[46, 46, 128]",69337088
trunk_fp16.onnx,2573,MatMul,"inputs=[46, 4, 46, 32], [46, 4, 32, 46] -> outputs=[46, 4, 46, 46]",4584914944
trunk_fp16.onnx,2576,MatMul,"inputs=[46, 46, 128], [128, 128] -> outputs=[46, 46, 128]",69337088
trunk_fp16.onnx,2580,Softmax,"inputs=[46, 4, 46, 46] -> outputs=[46, 4, 46, 46]",1946720
trunk_fp16.onnx,2582,MatMul,"inputs=[46, 4, 46, 46], [46, 4, 46, 32] -> outputs=[46, 4, 46, 32]",4584914944
trunk_fp16.onnx,2586,MatMul,"inputs=[46, 46, 128], [128, 128] -> outputs=[46, 46, 128]",69337088
trunk_fp16.onnx,2596,MatMul,"inputs=[1, 46, 46, 128], [128, 4] -> outputs=[1, 46, 46, 4]",2166784
trunk_fp16.onnx,2601,MatMul,"inputs=[46, 46, 128], [128, 128] -> outputs=[46, 46, 128]",69337088
trunk_fp16.onnx,2602,MatMul,"inputs=[46, 46, 128], [128, 128] -> outputs=[46, 46, 128]",69337088
trunk_fp16.onnx,2603,MatMul,"inputs=[46, 46, 128], [128, 128] -> outputs=[46, 46, 128]",69337088
trunk_fp16.onnx,2613,MatMul,"inputs=[46, 4, 46, 32], [46, 4, 32, 46] -> outputs=[46, 4, 46, 46]",4584914944
trunk_fp16.onnx,2616,MatMul,"inputs=[46, 46, 128], [128, 128] -> outputs=[46, 46, 128]",69337088
trunk_fp16.onnx,2620,Softmax,"inputs=[46, 4, 46, 46] -> outputs=[46, 4, 46, 46]",1946720
trunk_fp16.onnx,2622,MatMul,"inputs=[46, 4, 46, 46], [46, 4, 46, 32] -> outputs=[46, 4, 46, 32]",4584914944
trunk_fp16.onnx,2626,MatMul,"inputs=[46, 46, 128], [128, 128] -> outputs=[46, 46, 128]",69337088
trunk_fp16.onnx,2636,MatMul,"inputs=[1, 46, 46, 128], [128, 512] -> outputs=[1, 46, 46, 512]",277348352
trunk_fp16.onnx,2639,MatMul,"inputs=[1, 46, 46, 128], [128, 512] -> outputs=[1, 46, 46, 512]",277348352
trunk_fp16.onnx,2641,MatMul,"inputs=[1, 46, 46, 512], [512, 128] -> outputs=[1, 46, 46, 128]",277348352
trunk_fp16.onnx,2648,MatMul,"inputs=[1, 46, 384], [384, 384] -> outputs=[1, 46, 384]",13565952
trunk_fp16.onnx,2651,MatMul,"inputs=[1, 46, 384], [384, 384] -> outputs=[1, 46, 384]",13565952
trunk_fp16.onnx,2653,MatMul,"inputs=[1, 46, 384], [384, 384] -> outputs=[1, 46, 384]",13565952
trunk_fp16.onnx,2655,MatMul,"inputs=[1, 46, 384], [384, 384] -> outputs=[1, 46, 384]",13565952
trunk_fp16.onnx,2657,Einsum,"inputs=[1, 46, 16, 24], [1, 46, 16, 24] -> outputs=[1, 16, 46, 46]",1625088
trunk_fp16.onnx,2664,MatMul,"inputs=[1, 46, 46, 128], [128, 16] -> outputs=[1, 46, 46, 16]",8667136
trunk_fp16.onnx,2672,Softmax,"inputs=[1, 16, 46, 46] -> outputs=[1, 16, 46, 46]",169280
trunk_fp16.onnx,2674,Einsum,"inputs=[1, 16, 46, 46], [1, 46, 16, 24] -> outputs=[1, 46, 16, 24]",1625088
trunk_fp16.onnx,2677,MatMul,"inputs=[1, 46, 384], [384, 384] -> outputs=[1, 46, 384]",13565952
trunk_fp16.onnx,2684,MatMul,"inputs=[1, 46, 384], [384, 1536] -> outputs=[1, 46, 1536]",54263808
trunk_fp16.onnx,2687,MatMul,"inputs=[1, 46, 384], [384, 1536] -> outputs=[1, 46, 1536]",54263808
trunk_fp16.onnx,2689,MatMul,"inputs=[1, 46, 1536], [1536, 384] -> outputs=[1, 46, 384]",54263808
trunk_fp16.onnx,2696,MatMul,"inputs=[1, 46, 46, 128], [128, 256] -> outputs=[1, 46, 46, 256]",138674176
trunk_fp16.onnx,2697,MatMul,"inputs=[1, 46, 46, 128], [128, 256] -> outputs=[1, 46, 46, 256]",138674176
trunk_fp16.onnx,2702,Einsum,"inputs=[1, 46, 46, 128], [1, 46, 46, 128] -> outputs=[1, 46, 46, 128]",24918016
trunk_fp16.onnx,2703,MatMul,"inputs=[1, 46, 46, 128], [128, 128] -> outputs=[1, 46, 46, 128]",69337088
trunk_fp16.onnx,2710,MatMul,"inputs=[1, 46, 46, 128], [128, 128] -> outputs=[1, 46, 46, 128]",69337088
trunk_fp16.onnx,2719,MatMul,"inputs=[1, 46, 46, 128], [128, 256] -> outputs=[1, 46, 46, 256]",138674176
trunk_fp16.onnx,2720,MatMul,"inputs=[1, 46, 46, 128], [128, 256] -> outputs=[1, 46, 46, 256]",138674176
trunk_fp16.onnx,2725,Einsum,"inputs=[1, 46, 46, 128], [1, 46, 46, 128] -> outputs=[1, 46, 46, 128]",24918016
trunk_fp16.onnx,2726,MatMul,"inputs=[1, 46, 46, 128], [128, 128] -> outputs=[1, 46, 46, 128]",69337088
trunk_fp16.onnx,2733,MatMul,"inputs=[1, 46, 46, 128], [128, 128] -> outputs=[1, 46, 46, 128]",69337088
trunk_fp16.onnx,2742,MatMul,"inputs=[1, 46, 46, 128], [128, 4] -> outputs=[1, 46, 46, 4]",2166784
trunk_fp16.onnx,2747,MatMul,"inputs=[46, 46, 128], [128, 128] -> outputs=[46, 46, 128]",69337088
trunk_fp16.onnx,2748,MatMul,"inputs=[46, 46, 128], [128, 128] -> outputs=[46, 46, 128]",69337088
trunk_fp16.onnx,2749,MatMul,"inputs=[46, 46, 128], [128, 128] -> outputs=[46, 46, 128]",69337088
trunk_fp16.onnx,2759,MatMul,"inputs=[46, 4, 46, 32], [46, 4, 32, 46] -> outputs=[46, 4, 46, 46]",4584914944
trunk_fp16.onnx,2762,MatMul,"inputs=[46, 46, 128], [128, 128] -> outputs=[46, 46, 128]",69337088
trunk_fp16.onnx,2766,Softmax,"inputs=[46, 4, 46, 46] -> outputs=[46, 4, 46, 46]",1946720
trunk_fp16.onnx,2768,MatMul,"inputs=[46, 4, 46, 46], [46, 4, 46, 32] -> outputs=[46, 4, 46, 32]",4584914944
trunk_fp16.onnx,2772,MatMul,"inputs=[46, 46, 128], [128, 128] -> outputs=[46, 46, 128]",69337088
trunk_fp16.onnx,2782,MatMul,"inputs=[1, 46, 46, 128], [128, 4] -> outputs=[1, 46, 46, 4]",2166784
trunk_fp16.onnx,2787,MatMul,"inputs=[46, 46, 128], [128, 128] -> outputs=[46, 46, 128]",69337088
trunk_fp16.onnx,2788,MatMul,"inputs=[46, 46, 128], [128, 128] -> outputs=[46, 46, 128]",69337088
trunk_fp16.onnx,2789,MatMul,"inputs=[46, 46, 128], [128, 128] -> outputs=[46, 46, 128]",69337088
trunk_fp16.onnx,2799,MatMul,"inputs=[46, 4, 46, 32], [46, 4, 32, 46] -> outputs=[46, 4, 46, 46]",4584914944
trunk_fp16.onnx,2802,MatMul,"inputs=[46, 46, 128], [128, 128] -> outputs=[46, 46, 128]",69337088
trunk_fp16.onnx,2806,Softmax,"inputs=[46, 4, 46, 46] -> outputs=[46, 4, 46, 46]",1946720
trunk_fp16.onnx,2808,MatMul,"inputs=[46, 4, 46, 46], [46, 4, 46, 32] -> outputs=[46, 4, 46, 32]",4584914944
trunk_fp16.onnx,2812,MatMul,"inputs=[46, 46, 128], [128, 128] -> outputs=[46, 46, 128]",69337088
trunk_fp16.onnx,2822,MatMul,"inputs=[1, 46, 46, 128], [128, 512] -> outputs=[1, 46, 46, 512]",277348352
trunk_fp16.onnx,2825,MatMul,"inputs=[1, 46, 46, 128], [128, 512] -> outputs=[1, 46, 46, 512]",277348352
trunk_fp16.onnx,2827,MatMul,"inputs=[1, 46, 46, 512], [512, 128] -> outputs=[1, 46, 46, 128]",277348352
trunk_fp16.onnx,2834,MatMul,"inputs=[1, 46, 384], [384, 384] -> outputs=[1, 46, 384]",13565952
trunk_fp16.onnx,2837,MatMul,"inputs=[1, 46, 384], [384, 384] -> outputs=[1, 46, 384]",13565952
trunk_fp16.onnx,2839,MatMul,"inputs=[1, 46, 384], [384, 384] -> outputs=[1, 46, 384]",13565952
trunk_fp16.onnx,2841,MatMul,"inputs=[1, 46, 384], [384, 384] -> outputs=[1, 46, 384]",13565952
trunk_fp16.onnx,2843,Einsum,"inputs=[1, 46, 16, 24], [1, 46, 16, 24] -> outputs=[1, 16, 46, 46]",1625088
trunk_fp16.onnx,2850,MatMul,"inputs=[1, 46, 46, 128], [128, 16] -> outputs=[1, 46, 46, 16]",8667136
trunk_fp16.onnx,2858,Softmax,"inputs=[1, 16, 46, 46] -> outputs=[1, 16, 46, 46]",169280
trunk_fp16.onnx,2860,Einsum,"inputs=[1, 16, 46, 46], [1, 46, 16, 24] -> outputs=[1, 46, 16, 24]",1625088
trunk_fp16.onnx,2863,MatMul,"inputs=[1, 46, 384], [384, 384] -> outputs=[1, 46, 384]",13565952
trunk_fp16.onnx,2870,MatMul,"inputs=[1, 46, 384], [384, 1536] -> outputs=[1, 46, 1536]",54263808
trunk_fp16.onnx,2873,MatMul,"inputs=[1, 46, 384], [384, 1536] -> outputs=[1, 46, 1536]",54263808
trunk_fp16.onnx,2875,MatMul,"inputs=[1, 46, 1536], [1536, 384] -> outputs=[1, 46, 384]",54263808
trunk_fp16.onnx,2882,MatMul,"inputs=[1, 46, 46, 128], [128, 256] -> outputs=[1, 46, 46, 256]",138674176
trunk_fp16.onnx,2883,MatMul,"inputs=[1, 46, 46, 128], [128, 256] -> outputs=[1, 46, 46, 256]",138674176
trunk_fp16.onnx,2888,Einsum,"inputs=[1, 46, 46, 128], [1, 46, 46, 128] -> outputs=[1, 46, 46, 128]",24918016
trunk_fp16.onnx,2889,MatMul,"inputs=[1, 46, 46, 128], [128, 128] -> outputs=[1, 46, 46, 128]",69337088
trunk_fp16.onnx,2896,MatMul,"inputs=[1, 46, 46, 128], [128, 128] -> outputs=[1, 46, 46, 128]",69337088
trunk_fp16.onnx,2905,MatMul,"inputs=[1, 46, 46, 128], [128, 256] -> outputs=[1, 46, 46, 256]",138674176
trunk_fp16.onnx,2906,MatMul,"inputs=[1, 46, 46, 128], [128, 256] -> outputs=[1, 46, 46, 256]",138674176
trunk_fp16.onnx,2911,Einsum,"inputs=[1, 46, 46, 128], [1, 46, 46, 128] -> outputs=[1, 46, 46, 128]",24918016
trunk_fp16.onnx,2912,MatMul,"inputs=[1, 46, 46, 128], [128, 128] -> outputs=[1, 46, 46, 128]",69337088
trunk_fp16.onnx,2919,MatMul,"inputs=[1, 46, 46, 128], [128, 128] -> outputs=[1, 46, 46, 128]",69337088
trunk_fp16.onnx,2928,MatMul,"inputs=[1, 46, 46, 128], [128, 4] -> outputs=[1, 46, 46, 4]",2166784
trunk_fp16.onnx,2933,MatMul,"inputs=[46, 46, 128], [128, 128] -> outputs=[46, 46, 128]",69337088
trunk_fp16.onnx,2934,MatMul,"inputs=[46, 46, 128], [128, 128] -> outputs=[46, 46, 128]",69337088
trunk_fp16.onnx,2935,MatMul,"inputs=[46, 46, 128], [128, 128] -> outputs=[46, 46, 128]",69337088
trunk_fp16.onnx,2945,MatMul,"inputs=[46, 4, 46, 32], [46, 4, 32, 46] -> outputs=[46, 4, 46, 46]",4584914944
trunk_fp16.onnx,2948,MatMul,"inputs=[46, 46, 128], [128, 128] -> outputs=[46, 46, 128]",69337088
trunk_fp16.onnx,2952,Softmax,"inputs=[46, 4, 46, 46] -> outputs=[46, 4, 46, 46]",1946720
trunk_fp16.onnx,2954,MatMul,"inputs=[46, 4, 46, 46], [46, 4, 46, 32] -> outputs=[46, 4, 46, 32]",4584914944
trunk_fp16.onnx,2958,MatMul,"inputs=[46, 46, 128], [128, 128] -> outputs=[46, 46, 128]",69337088
trunk_fp16.onnx,2968,MatMul,"inputs=[1, 46, 46, 128], [128, 4] -> outputs=[1, 46, 46, 4]",2166784
trunk_fp16.onnx,2973,MatMul,"inputs=[46, 46, 128], [128, 128] -> outputs=[46, 46, 128]",69337088
trunk_fp16.onnx,2974,MatMul,"inputs=[46, 46, 128], [128, 128] -> outputs=[46, 46, 128]",69337088
trunk_fp16.onnx,2975,MatMul,"inputs=[46, 46, 128], [128, 128] -> outputs=[46, 46, 128]",69337088
trunk_fp16.onnx,2985,MatMul,"inputs=[46, 4, 46, 32], [46, 4, 32, 46] -> outputs=[46, 4, 46, 46]",4584914944
trunk_fp16.onnx,2988,MatMul,"inputs=[46, 46, 128], [128, 128] -> outputs=[46, 46, 128]",69337088
trunk_fp16.onnx,2992,Softmax,"inputs=[46, 4, 46, 46] -> outputs=[46, 4, 46, 46]",1946720
trunk_fp16.onnx,2994,MatMul,"inputs=[46, 4, 46, 46], [46, 4, 46, 32] -> outputs=[46, 4, 46, 32]",4584914944
trunk_fp16.onnx,2998,MatMul,"inputs=[46, 46, 128], [128, 128] -> outputs=[46, 46, 128]",69337088
trunk_fp16.onnx,3008,MatMul,"inputs=[1, 46, 46, 128], [128, 512] -> outputs=[1, 46, 46, 512]",277348352
trunk_fp16.onnx,3011,MatMul,"inputs=[1, 46, 46, 128], [128, 512] -> outputs=[1, 46, 46, 512]",277348352
trunk_fp16.onnx,3013,MatMul,"inputs=[1, 46, 46, 512], [512, 128] -> outputs=[1, 46, 46, 128]",277348352
trunk_fp16.onnx,3020,MatMul,"inputs=[1, 46, 384], [384, 384] -> outputs=[1, 46, 384]",13565952
trunk_fp16.onnx,3023,MatMul,"inputs=[1, 46, 384], [384, 384] -> outputs=[1, 46, 384]",13565952
trunk_fp16.onnx,3025,MatMul,"inputs=[1, 46, 384], [384, 384] -> outputs=[1, 46, 384]",13565952
trunk_fp16.onnx,3027,MatMul,"inputs=[1, 46, 384], [384, 384] -> outputs=[1, 46, 384]",13565952
trunk_fp16.onnx,3029,Einsum,"inputs=[1, 46, 16, 24], [1, 46, 16, 24] -> outputs=[1, 16, 46, 46]",1625088
trunk_fp16.onnx,3036,MatMul,"inputs=[1, 46, 46, 128], [128, 16] -> outputs=[1, 46, 46, 16]",8667136
trunk_fp16.onnx,3044,Softmax,"inputs=[1, 16, 46, 46] -> outputs=[1, 16, 46, 46]",169280
trunk_fp16.onnx,3046,Einsum,"inputs=[1, 16, 46, 46], [1, 46, 16, 24] -> outputs=[1, 46, 16, 24]",1625088
trunk_fp16.onnx,3049,MatMul,"inputs=[1, 46, 384], [384, 384] -> outputs=[1, 46, 384]",13565952
trunk_fp16.onnx,3056,MatMul,"inputs=[1, 46, 384], [384, 1536] -> outputs=[1, 46, 1536]",54263808
trunk_fp16.onnx,3059,MatMul,"inputs=[1, 46, 384], [384, 1536] -> outputs=[1, 46, 1536]",54263808
trunk_fp16.onnx,3061,MatMul,"inputs=[1, 46, 1536], [1536, 384] -> outputs=[1, 46, 384]",54263808
trunk_fp16.onnx,3068,MatMul,"inputs=[1, 46, 46, 128], [128, 256] -> outputs=[1, 46, 46, 256]",138674176
trunk_fp16.onnx,3069,MatMul,"inputs=[1, 46, 46, 128], [128, 256] -> outputs=[1, 46, 46, 256]",138674176
trunk_fp16.onnx,3074,Einsum,"inputs=[1, 46, 46, 128], [1, 46, 46, 128] -> outputs=[1, 46, 46, 128]",24918016
trunk_fp16.onnx,3075,MatMul,"inputs=[1, 46, 46, 128], [128, 128] -> outputs=[1, 46, 46, 128]",69337088
trunk_fp16.onnx,3082,MatMul,"inputs=[1, 46, 46, 128], [128, 128] -> outputs=[1, 46, 46, 128]",69337088
trunk_fp16.onnx,3091,MatMul,"inputs=[1, 46, 46, 128], [128, 256] -> outputs=[1, 46, 46, 256]",138674176
trunk_fp16.onnx,3092,MatMul,"inputs=[1, 46, 46, 128], [128, 256] -> outputs=[1, 46, 46, 256]",138674176
trunk_fp16.onnx,3097,Einsum,"inputs=[1, 46, 46, 128], [1, 46, 46, 128] -> outputs=[1, 46, 46, 128]",24918016
trunk_fp16.onnx,3098,MatMul,"inputs=[1, 46, 46, 128], [128, 128] -> outputs=[1, 46, 46, 128]",69337088
trunk_fp16.onnx,3105,MatMul,"inputs=[1, 46, 46, 128], [128, 128] -> outputs=[1, 46, 46, 128]",69337088
trunk_fp16.onnx,3114,MatMul,"inputs=[1, 46, 46, 128], [128, 4] -> outputs=[1, 46, 46, 4]",2166784
trunk_fp16.onnx,3119,MatMul,"inputs=[46, 46, 128], [128, 128] -> outputs=[46, 46, 128]",69337088
trunk_fp16.onnx,3120,MatMul,"inputs=[46, 46, 128], [128, 128] -> outputs=[46, 46, 128]",69337088
trunk_fp16.onnx,3121,MatMul,"inputs=[46, 46, 128], [128, 128] -> outputs=[46, 46, 128]",69337088
trunk_fp16.onnx,3131,MatMul,"inputs=[46, 4, 46, 32], [46, 4, 32, 46] -> outputs=[46, 4, 46, 46]",4584914944
trunk_fp16.onnx,3134,MatMul,"inputs=[46, 46, 128], [128, 128] -> outputs=[46, 46, 128]",69337088
trunk_fp16.onnx,3138,Softmax,"inputs=[46, 4, 46, 46] -> outputs=[46, 4, 46, 46]",1946720
trunk_fp16.onnx,3140,MatMul,"inputs=[46, 4, 46, 46], [46, 4, 46, 32] -> outputs=[46, 4, 46, 32]",4584914944
trunk_fp16.onnx,3144,MatMul,"inputs=[46, 46, 128], [128, 128] -> outputs=[46, 46, 128]",69337088
trunk_fp16.onnx,3154,MatMul,"inputs=[1, 46, 46, 128], [128, 4] -> outputs=[1, 46, 46, 4]",2166784
trunk_fp16.onnx,3159,MatMul,"inputs=[46, 46, 128], [128, 128] -> outputs=[46, 46, 128]",69337088
trunk_fp16.onnx,3160,MatMul,"inputs=[46, 46, 128], [128, 128] -> outputs=[46, 46, 128]",69337088
trunk_fp16.onnx,3161,MatMul,"inputs=[46, 46, 128], [128, 128] -> outputs=[46, 46, 128]",69337088
trunk_fp16.onnx,3171,MatMul,"inputs=[46, 4, 46, 32], [46, 4, 32, 46] -> outputs=[46, 4, 46, 46]",4584914944
trunk_fp16.onnx,3174,MatMul,"inputs=[46, 46, 128], [128, 128] -> outputs=[46, 46, 128]",69337088
trunk_fp16.onnx,3178,Softmax,"inputs=[46, 4, 46, 46] -> outputs=[46, 4, 46, 46]",1946720
trunk_fp16.onnx,3180,MatMul,"inputs=[46, 4, 46, 46], [46, 4, 46, 32] -> outputs=[46, 4, 46, 32]",4584914944
trunk_fp16.onnx,3184,MatMul,"inputs=[46, 46, 128], [128, 128] -> outputs=[46, 46, 128]",69337088
trunk_fp16.onnx,3194,MatMul,"inputs=[1, 46, 46, 128], [128, 512] -> outputs=[1, 46, 46, 512]",277348352
trunk_fp16.onnx,3197,MatMul,"inputs=[1, 46, 46, 128], [128, 512] -> outputs=[1, 46, 46, 512]",277348352
trunk_fp16.onnx,3199,MatMul,"inputs=[1, 46, 46, 512], [512, 128] -> outputs=[1, 46, 46, 128]",277348352
trunk_fp16.onnx,3206,MatMul,"inputs=[1, 46, 384], [384, 384] -> outputs=[1, 46, 384]",13565952
trunk_fp16.onnx,3209,MatMul,"inputs=[1, 46, 384], [384, 384] -> outputs=[1, 46, 384]",13565952
trunk_fp16.onnx,3211,MatMul,"inputs=[1, 46, 384], [384, 384] -> outputs=[1, 46, 384]",13565952
trunk_fp16.onnx,3213,MatMul,"inputs=[1, 46, 384], [384, 384] -> outputs=[1, 46, 384]",13565952
trunk_fp16.onnx,3215,Einsum,"inputs=[1, 46, 16, 24], [1, 46, 16, 24] -> outputs=[1, 16, 46, 46]",1625088
trunk_fp16.onnx,3222,MatMul,"inputs=[1, 46, 46, 128], [128, 16] -> outputs=[1, 46, 46, 16]",8667136
trunk_fp16.onnx,3230,Softmax,"inputs=[1, 16, 46, 46] -> outputs=[1, 16, 46, 46]",169280
trunk_fp16.onnx,3232,Einsum,"inputs=[1, 16, 46, 46], [1, 46, 16, 24] -> outputs=[1, 46, 16, 24]",1625088
trunk_fp16.onnx,3235,MatMul,"inputs=[1, 46, 384], [384, 384] -> outputs=[1, 46, 384]",13565952
trunk_fp16.onnx,3242,MatMul,"inputs=[1, 46, 384], [384, 1536] -> outputs=[1, 46, 1536]",54263808
trunk_fp16.onnx,3245,MatMul,"inputs=[1, 46, 384], [384, 1536] -> outputs=[1, 46, 1536]",54263808
trunk_fp16.onnx,3247,MatMul,"inputs=[1, 46, 1536], [1536, 384] -> outputs=[1, 46, 384]",54263808
trunk_fp16.onnx,3254,MatMul,"inputs=[1, 46, 46, 128], [128, 256] -> outputs=[1, 46, 46, 256]",138674176
trunk_fp16.onnx,3255,MatMul,"inputs=[1, 46, 46, 128], [128, 256] -> outputs=[1, 46, 46, 256]",138674176
trunk_fp16.onnx,3260,Einsum,"inputs=[1, 46, 46, 128], [1, 46, 46, 128] -> outputs=[1, 46, 46, 128]",24918016
trunk_fp16.onnx,3261,MatMul,"inputs=[1, 46, 46, 128], [128, 128] -> outputs=[1, 46, 46, 128]",69337088
trunk_fp16.onnx,3268,MatMul,"inputs=[1, 46, 46, 128], [128, 128] -> outputs=[1, 46, 46, 128]",69337088
trunk_fp16.onnx,3277,MatMul,"inputs=[1, 46, 46, 128], [128, 256] -> outputs=[1, 46, 46, 256]",138674176
trunk_fp16.onnx,3278,MatMul,"inputs=[1, 46, 46, 128], [128, 256] -> outputs=[1, 46, 46, 256]",138674176
trunk_fp16.onnx,3283,Einsum,"inputs=[1, 46, 46, 128], [1, 46, 46, 128] -> outputs=[1, 46, 46, 128]",24918016
trunk_fp16.onnx,3284,MatMul,"inputs=[1, 46, 46, 128], [128, 128] -> outputs=[1, 46, 46, 128]",69337088
trunk_fp16.onnx,3291,MatMul,"inputs=[1, 46, 46, 128], [128, 128] -> outputs=[1, 46, 46, 128]",69337088
trunk_fp16.onnx,3300,MatMul,"inputs=[1, 46, 46, 128], [128, 4] -> outputs=[1, 46, 46, 4]",2166784
trunk_fp16.onnx,3305,MatMul,"inputs=[46, 46, 128], [128, 128] -> outputs=[46, 46, 128]",69337088
trunk_fp16.onnx,3306,MatMul,"inputs=[46, 46, 128], [128, 128] -> outputs=[46, 46, 128]",69337088
trunk_fp16.onnx,3307,MatMul,"inputs=[46, 46, 128], [128, 128] -> outputs=[46, 46, 128]",69337088
trunk_fp16.onnx,3317,MatMul,"inputs=[46, 4, 46, 32], [46, 4, 32, 46] -> outputs=[46, 4, 46, 46]",4584914944
trunk_fp16.onnx,3320,MatMul,"inputs=[46, 46, 128], [128, 128] -> outputs=[46, 46, 128]",69337088
trunk_fp16.onnx,3324,Softmax,"inputs=[46, 4, 46, 46] -> outputs=[46, 4, 46, 46]",1946720
trunk_fp16.onnx,3326,MatMul,"inputs=[46, 4, 46, 46], [46, 4, 46, 32] -> outputs=[46, 4, 46, 32]",4584914944
trunk_fp16.onnx,3330,MatMul,"inputs=[46, 46, 128], [128, 128] -> outputs=[46, 46, 128]",69337088
trunk_fp16.onnx,3340,MatMul,"inputs=[1, 46, 46, 128], [128, 4] -> outputs=[1, 46, 46, 4]",2166784
trunk_fp16.onnx,3345,MatMul,"inputs=[46, 46, 128], [128, 128] -> outputs=[46, 46, 128]",69337088
trunk_fp16.onnx,3346,MatMul,"inputs=[46, 46, 128], [128, 128] -> outputs=[46, 46, 128]",69337088
trunk_fp16.onnx,3347,MatMul,"inputs=[46, 46, 128], [128, 128] -> outputs=[46, 46, 128]",69337088
trunk_fp16.onnx,3357,MatMul,"inputs=[46, 4, 46, 32], [46, 4, 32, 46] -> outputs=[46, 4, 46, 46]",4584914944
trunk_fp16.onnx,3360,MatMul,"inputs=[46, 46, 128], [128, 128] -> outputs=[46, 46, 128]",69337088
trunk_fp16.onnx,3364,Softmax,"inputs=[46, 4, 46, 46] -> outputs=[46, 4, 46, 46]",1946720
trunk_fp16.onnx,3366,MatMul,"inputs=[46, 4, 46, 46], [46, 4, 46, 32] -> outputs=[46, 4, 46, 32]",4584914944
trunk_fp16.onnx,3370,MatMul,"inputs=[46, 46, 128], [128, 128] -> outputs=[46, 46, 128]",69337088
trunk_fp16.onnx,3380,MatMul,"inputs=[1, 46, 46, 128], [128, 512] -> outputs=[1, 46, 46, 512]",277348352
trunk_fp16.onnx,3383,MatMul,"inputs=[1, 46, 46, 128], [128, 512] -> outputs=[1, 46, 46, 512]",277348352
trunk_fp16.onnx,3385,MatMul,"inputs=[1, 46, 46, 512], [512, 128] -> outputs=[1, 46, 46, 128]",277348352
trunk_fp16.onnx,3392,MatMul,"inputs=[1, 46, 384], [384, 384] -> outputs=[1, 46, 384]",13565952
trunk_fp16.onnx,3395,MatMul,"inputs=[1, 46, 384], [384, 384] -> outputs=[1, 46, 384]",13565952
trunk_fp16.onnx,3397,MatMul,"inputs=[1, 46, 384], [384, 384] -> outputs=[1, 46, 384]",13565952
trunk_fp16.onnx,3399,MatMul,"inputs=[1, 46, 384], [384, 384] -> outputs=[1, 46, 384]",13565952
trunk_fp16.onnx,3401,Einsum,"inputs=[1, 46, 16, 24], [1, 46, 16, 24] -> outputs=[1, 16, 46, 46]",1625088
trunk_fp16.onnx,3408,MatMul,"inputs=[1, 46, 46, 128], [128, 16] -> outputs=[1, 46, 46, 16]",8667136
trunk_fp16.onnx,3416,Softmax,"inputs=[1, 16, 46, 46] -> outputs=[1, 16, 46, 46]",169280
trunk_fp16.onnx,3418,Einsum,"inputs=[1, 16, 46, 46], [1, 46, 16, 24] -> outputs=[1, 46, 16, 24]",1625088
trunk_fp16.onnx,3421,MatMul,"inputs=[1, 46, 384], [384, 384] -> outputs=[1, 46, 384]",13565952
trunk_fp16.onnx,3428,MatMul,"inputs=[1, 46, 384], [384, 1536] -> outputs=[1, 46, 1536]",54263808
trunk_fp16.onnx,3431,MatMul,"inputs=[1, 46, 384], [384, 1536] -> outputs=[1, 46, 1536]",54263808
trunk_fp16.onnx,3433,MatMul,"inputs=[1, 46, 1536], [1536, 384] -> outputs=[1, 46, 384]",54263808
trunk_fp16.onnx,3440,MatMul,"inputs=[1, 46, 46, 128], [128, 256] -> outputs=[1, 46, 46, 256]",138674176
trunk_fp16.onnx,3441,MatMul,"inputs=[1, 46, 46, 128], [128, 256] -> outputs=[1, 46, 46, 256]",138674176
trunk_fp16.onnx,3446,Einsum,"inputs=[1, 46, 46, 128], [1, 46, 46, 128] -> outputs=[1, 46, 46, 128]",24918016
trunk_fp16.onnx,3447,MatMul,"inputs=[1, 46, 46, 128], [128, 128] -> outputs=[1, 46, 46, 128]",69337088
trunk_fp16.onnx,3454,MatMul,"inputs=[1, 46, 46, 128], [128, 128] -> outputs=[1, 46, 46, 128]",69337088
trunk_fp16.onnx,3463,MatMul,"inputs=[1, 46, 46, 128], [128, 256] -> outputs=[1, 46, 46, 256]",138674176
trunk_fp16.onnx,3464,MatMul,"inputs=[1, 46, 46, 128], [128, 256] -> outputs=[1, 46, 46, 256]",138674176
trunk_fp16.onnx,3469,Einsum,"inputs=[1, 46, 46, 128], [1, 46, 46, 128] -> outputs=[1, 46, 46, 128]",24918016
trunk_fp16.onnx,3470,MatMul,"inputs=[1, 46, 46, 128], [128, 128] -> outputs=[1, 46, 46, 128]",69337088
trunk_fp16.onnx,3477,MatMul,"inputs=[1, 46, 46, 128], [128, 128] -> outputs=[1, 46, 46, 128]",69337088
trunk_fp16.onnx,3486,MatMul,"inputs=[1, 46, 46, 128], [128, 4] -> outputs=[1, 46, 46, 4]",2166784
trunk_fp16.onnx,3491,MatMul,"inputs=[46, 46, 128], [128, 128] -> outputs=[46, 46, 128]",69337088
trunk_fp16.onnx,3492,MatMul,"inputs=[46, 46, 128], [128, 128] -> outputs=[46, 46, 128]",69337088
trunk_fp16.onnx,3493,MatMul,"inputs=[46, 46, 128], [128, 128] -> outputs=[46, 46, 128]",69337088
trunk_fp16.onnx,3503,MatMul,"inputs=[46, 4, 46, 32], [46, 4, 32, 46] -> outputs=[46, 4, 46, 46]",4584914944
trunk_fp16.onnx,3506,MatMul,"inputs=[46, 46, 128], [128, 128] -> outputs=[46, 46, 128]",69337088
trunk_fp16.onnx,3510,Softmax,"inputs=[46, 4, 46, 46] -> outputs=[46, 4, 46, 46]",1946720
trunk_fp16.onnx,3512,MatMul,"inputs=[46, 4, 46, 46], [46, 4, 46, 32] -> outputs=[46, 4, 46, 32]",4584914944
trunk_fp16.onnx,3516,MatMul,"inputs=[46, 46, 128], [128, 128] -> outputs=[46, 46, 128]",69337088
trunk_fp16.onnx,3526,MatMul,"inputs=[1, 46, 46, 128], [128, 4] -> outputs=[1, 46, 46, 4]",2166784
trunk_fp16.onnx,3531,MatMul,"inputs=[46, 46, 128], [128, 128] -> outputs=[46, 46, 128]",69337088
trunk_fp16.onnx,3532,MatMul,"inputs=[46, 46, 128], [128, 128] -> outputs=[46, 46, 128]",69337088
trunk_fp16.onnx,3533,MatMul,"inputs=[46, 46, 128], [128, 128] -> outputs=[46, 46, 128]",69337088
trunk_fp16.onnx,3543,MatMul,"inputs=[46, 4, 46, 32], [46, 4, 32, 46] -> outputs=[46, 4, 46, 46]",4584914944
trunk_fp16.onnx,3546,MatMul,"inputs=[46, 46, 128], [128, 128] -> outputs=[46, 46, 128]",69337088
trunk_fp16.onnx,3550,Softmax,"inputs=[46, 4, 46, 46] -> outputs=[46, 4, 46, 46]",1946720
trunk_fp16.onnx,3552,MatMul,"inputs=[46, 4, 46, 46], [46, 4, 46, 32] -> outputs=[46, 4, 46, 32]",4584914944
trunk_fp16.onnx,3556,MatMul,"inputs=[46, 46, 128], [128, 128] -> outputs=[46, 46, 128]",69337088
trunk_fp16.onnx,3566,MatMul,"inputs=[1, 46, 46, 128], [128, 512] -> outputs=[1, 46, 46, 512]",277348352
trunk_fp16.onnx,3569,MatMul,"inputs=[1, 46, 46, 128], [128, 512] -> outputs=[1, 46, 46, 512]",277348352
trunk_fp16.onnx,3571,MatMul,"inputs=[1, 46, 46, 512], [512, 128] -> outputs=[1, 46, 46, 128]",277348352
trunk_fp16.onnx,3578,MatMul,"inputs=[1, 46, 384], [384, 384] -> outputs=[1, 46, 384]",13565952
trunk_fp16.onnx,3581,MatMul,"inputs=[1, 46, 384], [384, 384] -> outputs=[1, 46, 384]",13565952
trunk_fp16.onnx,3583,MatMul,"inputs=[1, 46, 384], [384, 384] -> outputs=[1, 46, 384]",13565952
trunk_fp16.onnx,3585,MatMul,"inputs=[1, 46, 384], [384, 384] -> outputs=[1, 46, 384]",13565952
trunk_fp16.onnx,3587,Einsum,"inputs=[1, 46, 16, 24], [1, 46, 16, 24] -> outputs=[1, 16, 46, 46]",1625088
trunk_fp16.onnx,3594,MatMul,"inputs=[1, 46, 46, 128], [128, 16] -> outputs=[1, 46, 46, 16]",8667136
trunk_fp16.onnx,3602,Softmax,"inputs=[1, 16, 46, 46] -> outputs=[1, 16, 46, 46]",169280
trunk_fp16.onnx,3604,Einsum,"inputs=[1, 16, 46, 46], [1, 46, 16, 24] -> outputs=[1, 46, 16, 24]",1625088
trunk_fp16.onnx,3607,MatMul,"inputs=[1, 46, 384], [384, 384] -> outputs=[1, 46, 384]",13565952
trunk_fp16.onnx,3614,MatMul,"inputs=[1, 46, 384], [384, 1536] -> outputs=[1, 46, 1536]",54263808
trunk_fp16.onnx,3617,MatMul,"inputs=[1, 46, 384], [384, 1536] -> outputs=[1, 46, 1536]",54263808
trunk_fp16.onnx,3619,MatMul,"inputs=[1, 46, 1536], [1536, 384] -> outputs=[1, 46, 384]",54263808
trunk_fp16.onnx,3626,MatMul,"inputs=[1, 46, 46, 128], [128, 256] -> outputs=[1, 46, 46, 256]",138674176
trunk_fp16.onnx,3627,MatMul,"inputs=[1, 46, 46, 128], [128, 256] -> outputs=[1, 46, 46, 256]",138674176
trunk_fp16.onnx,3632,Einsum,"inputs=[1, 46, 46, 128], [1, 46, 46, 128] -> outputs=[1, 46, 46, 128]",24918016
trunk_fp16.onnx,3633,MatMul,"inputs=[1, 46, 46, 128], [128, 128] -> outputs=[1, 46, 46, 128]",69337088
trunk_fp16.onnx,3640,MatMul,"inputs=[1, 46, 46, 128], [128, 128] -> outputs=[1, 46, 46, 128]",69337088
trunk_fp16.onnx,3649,MatMul,"inputs=[1, 46, 46, 128], [128, 256] -> outputs=[1, 46, 46, 256]",138674176
trunk_fp16.onnx,3650,MatMul,"inputs=[1, 46, 46, 128], [128, 256] -> outputs=[1, 46, 46, 256]",138674176
trunk_fp16.onnx,3655,Einsum,"inputs=[1, 46, 46, 128], [1, 46, 46, 128] -> outputs=[1, 46, 46, 128]",24918016
trunk_fp16.onnx,3656,MatMul,"inputs=[1, 46, 46, 128], [128, 128] -> outputs=[1, 46, 46, 128]",69337088
trunk_fp16.onnx,3663,MatMul,"inputs=[1, 46, 46, 128], [128, 128] -> outputs=[1, 46, 46, 128]",69337088
trunk_fp16.onnx,3672,MatMul,"inputs=[1, 46, 46, 128], [128, 4] -> outputs=[1, 46, 46, 4]",2166784
trunk_fp16.onnx,3677,MatMul,"inputs=[46, 46, 128], [128, 128] -> outputs=[46, 46, 128]",69337088
trunk_fp16.onnx,3678,MatMul,"inputs=[46, 46, 128], [128, 128] -> outputs=[46, 46, 128]",69337088
trunk_fp16.onnx,3679,MatMul,"inputs=[46, 46, 128], [128, 128] -> outputs=[46, 46, 128]",69337088
trunk_fp16.onnx,3689,MatMul,"inputs=[46, 4, 46, 32], [46, 4, 32, 46] -> outputs=[46, 4, 46, 46]",4584914944
trunk_fp16.onnx,3692,MatMul,"inputs=[46, 46, 128], [128, 128] -> outputs=[46, 46, 128]",69337088
trunk_fp16.onnx,3696,Softmax,"inputs=[46, 4, 46, 46] -> outputs=[46, 4, 46, 46]",1946720
trunk_fp16.onnx,3698,MatMul,"inputs=[46, 4, 46, 46], [46, 4, 46, 32] -> outputs=[46, 4, 46, 32]",4584914944
trunk_fp16.onnx,3702,MatMul,"inputs=[46, 46, 128], [128, 128] -> outputs=[46, 46, 128]",69337088
trunk_fp16.onnx,3712,MatMul,"inputs=[1, 46, 46, 128], [128, 4] -> outputs=[1, 46, 46, 4]",2166784
trunk_fp16.onnx,3717,MatMul,"inputs=[46, 46, 128], [128, 128] -> outputs=[46, 46, 128]",69337088
trunk_fp16.onnx,3718,MatMul,"inputs=[46, 46, 128], [128, 128] -> outputs=[46, 46, 128]",69337088
trunk_fp16.onnx,3719,MatMul,"inputs=[46, 46, 128], [128, 128] -> outputs=[46, 46, 128]",69337088
trunk_fp16.onnx,3729,MatMul,"inputs=[46, 4, 46, 32], [46, 4, 32, 46] -> outputs=[46, 4, 46, 46]",4584914944
trunk_fp16.onnx,3732,MatMul,"inputs=[46, 46, 128], [128, 128] -> outputs=[46, 46, 128]",69337088
trunk_fp16.onnx,3736,Softmax,"inputs=[46, 4, 46, 46] -> outputs=[46, 4, 46, 46]",1946720
trunk_fp16.onnx,3738,MatMul,"inputs=[46, 4, 46, 46], [46, 4, 46, 32] -> outputs=[46, 4, 46, 32]",4584914944
trunk_fp16.onnx,3742,MatMul,"inputs=[46, 46, 128], [128, 128] -> outputs=[46, 46, 128]",69337088
trunk_fp16.onnx,3752,MatMul,"inputs=[1, 46, 46, 128], [128, 512] -> outputs=[1, 46, 46, 512]",277348352
trunk_fp16.onnx,3755,MatMul,"inputs=[1, 46, 46, 128], [128, 512] -> outputs=[1, 46, 46, 512]",277348352
trunk_fp16.onnx,3757,MatMul,"inputs=[1, 46, 46, 512], [512, 128] -> outputs=[1, 46, 46, 128]",277348352
trunk_fp16.onnx,3764,MatMul,"inputs=[1, 46, 384], [384, 384] -> outputs=[1, 46, 384]",13565952
trunk_fp16.onnx,3767,MatMul,"inputs=[1, 46, 384], [384, 384] -> outputs=[1, 46, 384]",13565952
trunk_fp16.onnx,3769,MatMul,"inputs=[1, 46, 384], [384, 384] -> outputs=[1, 46, 384]",13565952
trunk_fp16.onnx,3771,MatMul,"inputs=[1, 46, 384], [384, 384] -> outputs=[1, 46, 384]",13565952
trunk_fp16.onnx,3773,Einsum,"inputs=[1, 46, 16, 24], [1, 46, 16, 24] -> outputs=[1, 16, 46, 46]",1625088
trunk_fp16.onnx,3780,MatMul,"inputs=[1, 46, 46, 128], [128, 16] -> outputs=[1, 46, 46, 16]",8667136
trunk_fp16.onnx,3788,Softmax,"inputs=[1, 16, 46, 46] -> outputs=[1, 16, 46, 46]",169280
trunk_fp16.onnx,3790,Einsum,"inputs=[1, 16, 46, 46], [1, 46, 16, 24] -> outputs=[1, 46, 16, 24]",1625088
trunk_fp16.onnx,3793,MatMul,"inputs=[1, 46, 384], [384, 384] -> outputs=[1, 46, 384]",13565952
trunk_fp16.onnx,3800,MatMul,"inputs=[1, 46, 384], [384, 1536] -> outputs=[1, 46, 1536]",54263808
trunk_fp16.onnx,3803,MatMul,"inputs=[1, 46, 384], [384, 1536] -> outputs=[1, 46, 1536]",54263808
trunk_fp16.onnx,3805,MatMul,"inputs=[1, 46, 1536], [1536, 384] -> outputs=[1, 46, 384]",54263808
trunk_fp16.onnx,3812,MatMul,"inputs=[1, 46, 46, 128], [128, 256] -> outputs=[1, 46, 46, 256]",138674176
trunk_fp16.onnx,3813,MatMul,"inputs=[1, 46, 46, 128], [128, 256] -> outputs=[1, 46, 46, 256]",138674176
trunk_fp16.onnx,3818,Einsum,"inputs=[1, 46, 46, 128], [1, 46, 46, 128] -> outputs=[1, 46, 46, 128]",24918016
trunk_fp16.onnx,3819,MatMul,"inputs=[1, 46, 46, 128], [128, 128] -> outputs=[1, 46, 46, 128]",69337088
trunk_fp16.onnx,3826,MatMul,"inputs=[1, 46, 46, 128], [128, 128] -> outputs=[1, 46, 46, 128]",69337088
trunk_fp16.onnx,3835,MatMul,"inputs=[1, 46, 46, 128], [128, 256] -> outputs=[1, 46, 46, 256]",138674176
trunk_fp16.onnx,3836,MatMul,"inputs=[1, 46, 46, 128], [128, 256] -> outputs=[1, 46, 46, 256]",138674176
trunk_fp16.onnx,3841,Einsum,"inputs=[1, 46, 46, 128], [1, 46, 46, 128] -> outputs=[1, 46, 46, 128]",24918016
trunk_fp16.onnx,3842,MatMul,"inputs=[1, 46, 46, 128], [128, 128] -> outputs=[1, 46, 46, 128]",69337088
trunk_fp16.onnx,3849,MatMul,"inputs=[1, 46, 46, 128], [128, 128] -> outputs=[1, 46, 46, 128]",69337088
trunk_fp16.onnx,3858,MatMul,"inputs=[1, 46, 46, 128], [128, 4] -> outputs=[1, 46, 46, 4]",2166784
trunk_fp16.onnx,3863,MatMul,"inputs=[46, 46, 128], [128, 128] -> outputs=[46, 46, 128]",69337088
trunk_fp16.onnx,3864,MatMul,"inputs=[46, 46, 128], [128, 128] -> outputs=[46, 46, 128]",69337088
trunk_fp16.onnx,3865,MatMul,"inputs=[46, 46, 128], [128, 128] -> outputs=[46, 46, 128]",69337088
trunk_fp16.onnx,3875,MatMul,"inputs=[46, 4, 46, 32], [46, 4, 32, 46] -> outputs=[46, 4, 46, 46]",4584914944
trunk_fp16.onnx,3878,MatMul,"inputs=[46, 46, 128], [128, 128] -> outputs=[46, 46, 128]",69337088
trunk_fp16.onnx,3882,Softmax,"inputs=[46, 4, 46, 46] -> outputs=[46, 4, 46, 46]",1946720
trunk_fp16.onnx,3884,MatMul,"inputs=[46, 4, 46, 46], [46, 4, 46, 32] -> outputs=[46, 4, 46, 32]",4584914944
trunk_fp16.onnx,3888,MatMul,"inputs=[46, 46, 128], [128, 128] -> outputs=[46, 46, 128]",69337088
trunk_fp16.onnx,3898,MatMul,"inputs=[1, 46, 46, 128], [128, 4] -> outputs=[1, 46, 46, 4]",2166784
trunk_fp16.onnx,3903,MatMul,"inputs=[46, 46, 128], [128, 128] -> outputs=[46, 46, 128]",69337088
trunk_fp16.onnx,3904,MatMul,"inputs=[46, 46, 128], [128, 128] -> outputs=[46, 46, 128]",69337088
trunk_fp16.onnx,3905,MatMul,"inputs=[46, 46, 128], [128, 128] -> outputs=[46, 46, 128]",69337088
trunk_fp16.onnx,3915,MatMul,"inputs=[46, 4, 46, 32], [46, 4, 32, 46] -> outputs=[46, 4, 46, 46]",4584914944
trunk_fp16.onnx,3918,MatMul,"inputs=[46, 46, 128], [128, 128] -> outputs=[46, 46, 128]",69337088
trunk_fp16.onnx,3922,Softmax,"inputs=[46, 4, 46, 46] -> outputs=[46, 4, 46, 46]",1946720
trunk_fp16.onnx,3924,MatMul,"inputs=[46, 4, 46, 46], [46, 4, 46, 32] -> outputs=[46, 4, 46, 32]",4584914944
trunk_fp16.onnx,3928,MatMul,"inputs=[46, 46, 128], [128, 128] -> outputs=[46, 46, 128]",69337088
trunk_fp16.onnx,3938,MatMul,"inputs=[1, 46, 46, 128], [128, 512] -> outputs=[1, 46, 46, 512]",277348352
trunk_fp16.onnx,3941,MatMul,"inputs=[1, 46, 46, 128], [128, 512] -> outputs=[1, 46, 46, 512]",277348352
trunk_fp16.onnx,3943,MatMul,"inputs=[1, 46, 46, 512], [512, 128] -> outputs=[1, 46, 46, 128]",277348352
trunk_fp16.onnx,3950,MatMul,"inputs=[1, 46, 384], [384, 384] -> outputs=[1, 46, 384]",13565952
trunk_fp16.onnx,3953,MatMul,"inputs=[1, 46, 384], [384, 384] -> outputs=[1, 46, 384]",13565952
trunk_fp16.onnx,3955,MatMul,"inputs=[1, 46, 384], [384, 384] -> outputs=[1, 46, 384]",13565952
trunk_fp16.onnx,3957,MatMul,"inputs=[1, 46, 384], [384, 384] -> outputs=[1, 46, 384]",13565952
trunk_fp16.onnx,3959,Einsum,"inputs=[1, 46, 16, 24], [1, 46, 16, 24] -> outputs=[1, 16, 46, 46]",1625088
trunk_fp16.onnx,3966,MatMul,"inputs=[1, 46, 46, 128], [128, 16] -> outputs=[1, 46, 46, 16]",8667136
trunk_fp16.onnx,3974,Softmax,"inputs=[1, 16, 46, 46] -> outputs=[1, 16, 46, 46]",169280
trunk_fp16.onnx,3976,Einsum,"inputs=[1, 16, 46, 46], [1, 46, 16, 24] -> outputs=[1, 46, 16, 24]",1625088
trunk_fp16.onnx,3979,MatMul,"inputs=[1, 46, 384], [384, 384] -> outputs=[1, 46, 384]",13565952
trunk_fp16.onnx,3986,MatMul,"inputs=[1, 46, 384], [384, 1536] -> outputs=[1, 46, 1536]",54263808
trunk_fp16.onnx,3989,MatMul,"inputs=[1, 46, 384], [384, 1536] -> outputs=[1, 46, 1536]",54263808
trunk_fp16.onnx,3991,MatMul,"inputs=[1, 46, 1536], [1536, 384] -> outputs=[1, 46, 384]",54263808
trunk_fp16.onnx,3998,MatMul,"inputs=[1, 46, 46, 128], [128, 256] -> outputs=[1, 46, 46, 256]",138674176
trunk_fp16.onnx,3999,MatMul,"inputs=[1, 46, 46, 128], [128, 256] -> outputs=[1, 46, 46, 256]",138674176
trunk_fp16.onnx,4004,Einsum,"inputs=[1, 46, 46, 128], [1, 46, 46, 128] -> outputs=[1, 46, 46, 128]",24918016
trunk_fp16.onnx,4005,MatMul,"inputs=[1, 46, 46, 128], [128, 128] -> outputs=[1, 46, 46, 128]",69337088
trunk_fp16.onnx,4012,MatMul,"inputs=[1, 46, 46, 128], [128, 128] -> outputs=[1, 46, 46, 128]",69337088
trunk_fp16.onnx,4021,MatMul,"inputs=[1, 46, 46, 128], [128, 256] -> outputs=[1, 46, 46, 256]",138674176
trunk_fp16.onnx,4022,MatMul,"inputs=[1, 46, 46, 128], [128, 256] -> outputs=[1, 46, 46, 256]",138674176
trunk_fp16.onnx,4027,Einsum,"inputs=[1, 46, 46, 128], [1, 46, 46, 128] -> outputs=[1, 46, 46, 128]",24918016
trunk_fp16.onnx,4028,MatMul,"inputs=[1, 46, 46, 128], [128, 128] -> outputs=[1, 46, 46, 128]",69337088
trunk_fp16.onnx,4035,MatMul,"inputs=[1, 46, 46, 128], [128, 128] -> outputs=[1, 46, 46, 128]",69337088
trunk_fp16.onnx,4044,MatMul,"inputs=[1, 46, 46, 128], [128, 4] -> outputs=[1, 46, 46, 4]",2166784
trunk_fp16.onnx,4049,MatMul,"inputs=[46, 46, 128], [128, 128] -> outputs=[46, 46, 128]",69337088
trunk_fp16.onnx,4050,MatMul,"inputs=[46, 46, 128], [128, 128] -> outputs=[46, 46, 128]",69337088
trunk_fp16.onnx,4051,MatMul,"inputs=[46, 46, 128], [128, 128] -> outputs=[46, 46, 128]",69337088
trunk_fp16.onnx,4061,MatMul,"inputs=[46, 4, 46, 32], [46, 4, 32, 46] -> outputs=[46, 4, 46, 46]",4584914944
trunk_fp16.onnx,4064,MatMul,"inputs=[46, 46, 128], [128, 128] -> outputs=[46, 46, 128]",69337088
trunk_fp16.onnx,4068,Softmax,"inputs=[46, 4, 46, 46] -> outputs=[46, 4, 46, 46]",1946720
trunk_fp16.onnx,4070,MatMul,"inputs=[46, 4, 46, 46], [46, 4, 46, 32] -> outputs=[46, 4, 46, 32]",4584914944
trunk_fp16.onnx,4074,MatMul,"inputs=[46, 46, 128], [128, 128] -> outputs=[46, 46, 128]",69337088
trunk_fp16.onnx,4084,MatMul,"inputs=[1, 46, 46, 128], [128, 4] -> outputs=[1, 46, 46, 4]",2166784
trunk_fp16.onnx,4089,MatMul,"inputs=[46, 46, 128], [128, 128] -> outputs=[46, 46, 128]",69337088
trunk_fp16.onnx,4090,MatMul,"inputs=[46, 46, 128], [128, 128] -> outputs=[46, 46, 128]",69337088
trunk_fp16.onnx,4091,MatMul,"inputs=[46, 46, 128], [128, 128] -> outputs=[46, 46, 128]",69337088
trunk_fp16.onnx,4101,MatMul,"inputs=[46, 4, 46, 32], [46, 4, 32, 46] -> outputs=[46, 4, 46, 46]",4584914944
trunk_fp16.onnx,4104,MatMul,"inputs=[46, 46, 128], [128, 128] -> outputs=[46, 46, 128]",69337088
trunk_fp16.onnx,4108,Softmax,"inputs=[46, 4, 46, 46] -> outputs=[46, 4, 46, 46]",1946720
trunk_fp16.onnx,4110,MatMul,"inputs=[46, 4, 46, 46], [46, 4, 46, 32] -> outputs=[46, 4, 46, 32]",4584914944
trunk_fp16.onnx,4114,MatMul,"inputs=[46, 46, 128], [128, 128] -> outputs=[46, 46, 128]",69337088
trunk_fp16.onnx,4124,MatMul,"inputs=[1, 46, 46, 128], [128, 512] -> outputs=[1, 46, 46, 512]",277348352
trunk_fp16.onnx,4127,MatMul,"inputs=[1, 46, 46, 128], [128, 512] -> outputs=[1, 46, 46, 512]",277348352
trunk_fp16.onnx,4129,MatMul,"inputs=[1, 46, 46, 512], [512, 128] -> outputs=[1, 46, 46, 128]",277348352
trunk_fp16.onnx,4136,MatMul,"inputs=[1, 46, 384], [384, 384] -> outputs=[1, 46, 384]",13565952
trunk_fp16.onnx,4139,MatMul,"inputs=[1, 46, 384], [384, 384] -> outputs=[1, 46, 384]",13565952
trunk_fp16.onnx,4141,MatMul,"inputs=[1, 46, 384], [384, 384] -> outputs=[1, 46, 384]",13565952
trunk_fp16.onnx,4143,MatMul,"inputs=[1, 46, 384], [384, 384] -> outputs=[1, 46, 384]",13565952
trunk_fp16.onnx,4145,Einsum,"inputs=[1, 46, 16, 24], [1, 46, 16, 24] -> outputs=[1, 16, 46, 46]",1625088
trunk_fp16.onnx,4152,MatMul,"inputs=[1, 46, 46, 128], [128, 16] -> outputs=[1, 46, 46, 16]",8667136
trunk_fp16.onnx,4160,Softmax,"inputs=[1, 16, 46, 46] -> outputs=[1, 16, 46, 46]",169280
trunk_fp16.onnx,4162,Einsum,"inputs=[1, 16, 46, 46], [1, 46, 16, 24] -> outputs=[1, 46, 16, 24]",1625088
trunk_fp16.onnx,4165,MatMul,"inputs=[1, 46, 384], [384, 384] -> outputs=[1, 46, 384]",13565952
trunk_fp16.onnx,4172,MatMul,"inputs=[1, 46, 384], [384, 1536] -> outputs=[1, 46, 1536]",54263808
trunk_fp16.onnx,4175,MatMul,"inputs=[1, 46, 384], [384, 1536] -> outputs=[1, 46, 1536]",54263808
trunk_fp16.onnx,4177,MatMul,"inputs=[1, 46, 1536], [1536, 384] -> outputs=[1, 46, 384]",54263808
trunk_fp16.onnx,4184,MatMul,"inputs=[1, 46, 46, 128], [128, 256] -> outputs=[1, 46, 46, 256]",138674176
trunk_fp16.onnx,4185,MatMul,"inputs=[1, 46, 46, 128], [128, 256] -> outputs=[1, 46, 46, 256]",138674176
trunk_fp16.onnx,4190,Einsum,"inputs=[1, 46, 46, 128], [1, 46, 46, 128] -> outputs=[1, 46, 46, 128]",24918016
trunk_fp16.onnx,4191,MatMul,"inputs=[1, 46, 46, 128], [128, 128] -> outputs=[1, 46, 46, 128]",69337088
trunk_fp16.onnx,4198,MatMul,"inputs=[1, 46, 46, 128], [128, 128] -> outputs=[1, 46, 46, 128]",69337088
trunk_fp16.onnx,4207,MatMul,"inputs=[1, 46, 46, 128], [128, 256] -> outputs=[1, 46, 46, 256]",138674176
trunk_fp16.onnx,4208,MatMul,"inputs=[1, 46, 46, 128], [128, 256] -> outputs=[1, 46, 46, 256]",138674176
trunk_fp16.onnx,4213,Einsum,"inputs=[1, 46, 46, 128], [1, 46, 46, 128] -> outputs=[1, 46, 46, 128]",24918016
trunk_fp16.onnx,4214,MatMul,"inputs=[1, 46, 46, 128], [128, 128] -> outputs=[1, 46, 46, 128]",69337088
trunk_fp16.onnx,4221,MatMul,"inputs=[1, 46, 46, 128], [128, 128] -> outputs=[1, 46, 46, 128]",69337088
trunk_fp16.onnx,4230,MatMul,"inputs=[1, 46, 46, 128], [128, 4] -> outputs=[1, 46, 46, 4]",2166784
trunk_fp16.onnx,4235,MatMul,"inputs=[46, 46, 128], [128, 128] -> outputs=[46, 46, 128]",69337088
trunk_fp16.onnx,4236,MatMul,"inputs=[46, 46, 128], [128, 128] -> outputs=[46, 46, 128]",69337088
trunk_fp16.onnx,4237,MatMul,"inputs=[46, 46, 128], [128, 128] -> outputs=[46, 46, 128]",69337088
trunk_fp16.onnx,4247,MatMul,"inputs=[46, 4, 46, 32], [46, 4, 32, 46] -> outputs=[46, 4, 46, 46]",4584914944
trunk_fp16.onnx,4250,MatMul,"inputs=[46, 46, 128], [128, 128] -> outputs=[46, 46, 128]",69337088
trunk_fp16.onnx,4254,Softmax,"inputs=[46, 4, 46, 46] -> outputs=[46, 4, 46, 46]",1946720
trunk_fp16.onnx,4256,MatMul,"inputs=[46, 4, 46, 46], [46, 4, 46, 32] -> outputs=[46, 4, 46, 32]",4584914944
trunk_fp16.onnx,4260,MatMul,"inputs=[46, 46, 128], [128, 128] -> outputs=[46, 46, 128]",69337088
trunk_fp16.onnx,4270,MatMul,"inputs=[1, 46, 46, 128], [128, 4] -> outputs=[1, 46, 46, 4]",2166784
trunk_fp16.onnx,4275,MatMul,"inputs=[46, 46, 128], [128, 128] -> outputs=[46, 46, 128]",69337088
trunk_fp16.onnx,4276,MatMul,"inputs=[46, 46, 128], [128, 128] -> outputs=[46, 46, 128]",69337088
trunk_fp16.onnx,4277,MatMul,"inputs=[46, 46, 128], [128, 128] -> outputs=[46, 46, 128]",69337088
trunk_fp16.onnx,4287,MatMul,"inputs=[46, 4, 46, 32], [46, 4, 32, 46] -> outputs=[46, 4, 46, 46]",4584914944
trunk_fp16.onnx,4290,MatMul,"inputs=[46, 46, 128], [128, 128] -> outputs=[46, 46, 128]",69337088
trunk_fp16.onnx,4294,Softmax,"inputs=[46, 4, 46, 46] -> outputs=[46, 4, 46, 46]",1946720
trunk_fp16.onnx,4296,MatMul,"inputs=[46, 4, 46, 46], [46, 4, 46, 32] -> outputs=[46, 4, 46, 32]",4584914944
trunk_fp16.onnx,4300,MatMul,"inputs=[46, 46, 128], [128, 128] -> outputs=[46, 46, 128]",69337088
trunk_fp16.onnx,4310,MatMul,"inputs=[1, 46, 46, 128], [128, 512] -> outputs=[1, 46, 46, 512]",277348352
trunk_fp16.onnx,4313,MatMul,"inputs=[1, 46, 46, 128], [128, 512] -> outputs=[1, 46, 46, 512]",277348352
trunk_fp16.onnx,4315,MatMul,"inputs=[1, 46, 46, 512], [512, 128] -> outputs=[1, 46, 46, 128]",277348352
trunk_fp16.onnx,4322,MatMul,"inputs=[1, 46, 384], [384, 384] -> outputs=[1, 46, 384]",13565952
trunk_fp16.onnx,4325,MatMul,"inputs=[1, 46, 384], [384, 384] -> outputs=[1, 46, 384]",13565952
trunk_fp16.onnx,4327,MatMul,"inputs=[1, 46, 384], [384, 384] -> outputs=[1, 46, 384]",13565952
trunk_fp16.onnx,4329,MatMul,"inputs=[1, 46, 384], [384, 384] -> outputs=[1, 46, 384]",13565952
trunk_fp16.onnx,4331,Einsum,"inputs=[1, 46, 16, 24], [1, 46, 16, 24] -> outputs=[1, 16, 46, 46]",1625088
trunk_fp16.onnx,4338,MatMul,"inputs=[1, 46, 46, 128], [128, 16] -> outputs=[1, 46, 46, 16]",8667136
trunk_fp16.onnx,4346,Softmax,"inputs=[1, 16, 46, 46] -> outputs=[1, 16, 46, 46]",169280
trunk_fp16.onnx,4348,Einsum,"inputs=[1, 16, 46, 46], [1, 46, 16, 24] -> outputs=[1, 46, 16, 24]",1625088
trunk_fp16.onnx,4351,MatMul,"inputs=[1, 46, 384], [384, 384] -> outputs=[1, 46, 384]",13565952
trunk_fp16.onnx,4358,MatMul,"inputs=[1, 46, 384], [384, 1536] -> outputs=[1, 46, 1536]",54263808
trunk_fp16.onnx,4361,MatMul,"inputs=[1, 46, 384], [384, 1536] -> outputs=[1, 46, 1536]",54263808
trunk_fp16.onnx,4363,MatMul,"inputs=[1, 46, 1536], [1536, 384] -> outputs=[1, 46, 384]",54263808
trunk_fp16.onnx,4370,MatMul,"inputs=[1, 46, 46, 128], [128, 256] -> outputs=[1, 46, 46, 256]",138674176
trunk_fp16.onnx,4371,MatMul,"inputs=[1, 46, 46, 128], [128, 256] -> outputs=[1, 46, 46, 256]",138674176
trunk_fp16.onnx,4376,Einsum,"inputs=[1, 46, 46, 128], [1, 46, 46, 128] -> outputs=[1, 46, 46, 128]",24918016
trunk_fp16.onnx,4377,MatMul,"inputs=[1, 46, 46, 128], [128, 128] -> outputs=[1, 46, 46, 128]",69337088
trunk_fp16.onnx,4384,MatMul,"inputs=[1, 46, 46, 128], [128, 128] -> outputs=[1, 46, 46, 128]",69337088
trunk_fp16.onnx,4393,MatMul,"inputs=[1, 46, 46, 128], [128, 256] -> outputs=[1, 46, 46, 256]",138674176
trunk_fp16.onnx,4394,MatMul,"inputs=[1, 46, 46, 128], [128, 256] -> outputs=[1, 46, 46, 256]",138674176
trunk_fp16.onnx,4399,Einsum,"inputs=[1, 46, 46, 128], [1, 46, 46, 128] -> outputs=[1, 46, 46, 128]",24918016
trunk_fp16.onnx,4400,MatMul,"inputs=[1, 46, 46, 128], [128, 128] -> outputs=[1, 46, 46, 128]",69337088
trunk_fp16.onnx,4407,MatMul,"inputs=[1, 46, 46, 128], [128, 128] -> outputs=[1, 46, 46, 128]",69337088
trunk_fp16.onnx,4416,MatMul,"inputs=[1, 46, 46, 128], [128, 4] -> outputs=[1, 46, 46, 4]",2166784
trunk_fp16.onnx,4421,MatMul,"inputs=[46, 46, 128], [128, 128] -> outputs=[46, 46, 128]",69337088
trunk_fp16.onnx,4422,MatMul,"inputs=[46, 46, 128], [128, 128] -> outputs=[46, 46, 128]",69337088
trunk_fp16.onnx,4423,MatMul,"inputs=[46, 46, 128], [128, 128] -> outputs=[46, 46, 128]",69337088
trunk_fp16.onnx,4433,MatMul,"inputs=[46, 4, 46, 32], [46, 4, 32, 46] -> outputs=[46, 4, 46, 46]",4584914944
trunk_fp16.onnx,4436,MatMul,"inputs=[46, 46, 128], [128, 128] -> outputs=[46, 46, 128]",69337088
trunk_fp16.onnx,4440,Softmax,"inputs=[46, 4, 46, 46] -> outputs=[46, 4, 46, 46]",1946720
trunk_fp16.onnx,4442,MatMul,"inputs=[46, 4, 46, 46], [46, 4, 46, 32] -> outputs=[46, 4, 46, 32]",4584914944
trunk_fp16.onnx,4446,MatMul,"inputs=[46, 46, 128], [128, 128] -> outputs=[46, 46, 128]",69337088
trunk_fp16.onnx,4456,MatMul,"inputs=[1, 46, 46, 128], [128, 4] -> outputs=[1, 46, 46, 4]",2166784
trunk_fp16.onnx,4461,MatMul,"inputs=[46, 46, 128], [128, 128] -> outputs=[46, 46, 128]",69337088
trunk_fp16.onnx,4462,MatMul,"inputs=[46, 46, 128], [128, 128] -> outputs=[46, 46, 128]",69337088
trunk_fp16.onnx,4463,MatMul,"inputs=[46, 46, 128], [128, 128] -> outputs=[46, 46, 128]",69337088
trunk_fp16.onnx,4473,MatMul,"inputs=[46, 4, 46, 32], [46, 4, 32, 46] -> outputs=[46, 4, 46, 46]",4584914944
trunk_fp16.onnx,4476,MatMul,"inputs=[46, 46, 128], [128, 128] -> outputs=[46, 46, 128]",69337088
trunk_fp16.onnx,4480,Softmax,"inputs=[46, 4, 46, 46] -> outputs=[46, 4, 46, 46]",1946720
trunk_fp16.onnx,4482,MatMul,"inputs=[46, 4, 46, 46], [46, 4, 46, 32] -> outputs=[46, 4, 46, 32]",4584914944
trunk_fp16.onnx,4486,MatMul,"inputs=[46, 46, 128], [128, 128] -> outputs=[46, 46, 128]",69337088
trunk_fp16.onnx,4496,MatMul,"inputs=[1, 46, 46, 128], [128, 512] -> outputs=[1, 46, 46, 512]",277348352
trunk_fp16.onnx,4499,MatMul,"inputs=[1, 46, 46, 128], [128, 512] -> outputs=[1, 46, 46, 512]",277348352
trunk_fp16.onnx,4501,MatMul,"inputs=[1, 46, 46, 512], [512, 128] -> outputs=[1, 46, 46, 128]",277348352
trunk_fp16.onnx,4508,MatMul,"inputs=[1, 46, 384], [384, 384] -> outputs=[1, 46, 384]",13565952
trunk_fp16.onnx,4511,MatMul,"inputs=[1, 46, 384], [384, 384] -> outputs=[1, 46, 384]",13565952
trunk_fp16.onnx,4513,MatMul,"inputs=[1, 46, 384], [384, 384] -> outputs=[1, 46, 384]",13565952
trunk_fp16.onnx,4515,MatMul,"inputs=[1, 46, 384], [384, 384] -> outputs=[1, 46, 384]",13565952
trunk_fp16.onnx,4517,Einsum,"inputs=[1, 46, 16, 24], [1, 46, 16, 24] -> outputs=[1, 16, 46, 46]",1625088
trunk_fp16.onnx,4524,MatMul,"inputs=[1, 46, 46, 128], [128, 16] -> outputs=[1, 46, 46, 16]",8667136
trunk_fp16.onnx,4532,Softmax,"inputs=[1, 16, 46, 46] -> outputs=[1, 16, 46, 46]",169280
trunk_fp16.onnx,4534,Einsum,"inputs=[1, 16, 46, 46], [1, 46, 16, 24] -> outputs=[1, 46, 16, 24]",1625088
trunk_fp16.onnx,4537,MatMul,"inputs=[1, 46, 384], [384, 384] -> outputs=[1, 46, 384]",13565952
trunk_fp16.onnx,4544,MatMul,"inputs=[1, 46, 384], [384, 1536] -> outputs=[1, 46, 1536]",54263808
trunk_fp16.onnx,4547,MatMul,"inputs=[1, 46, 384], [384, 1536] -> outputs=[1, 46, 1536]",54263808
trunk_fp16.onnx,4549,MatMul,"inputs=[1, 46, 1536], [1536, 384] -> outputs=[1, 46, 384]",54263808
trunk_fp16.onnx,4556,MatMul,"inputs=[1, 46, 46, 128], [128, 256] -> outputs=[1, 46, 46, 256]",138674176
trunk_fp16.onnx,4557,MatMul,"inputs=[1, 46, 46, 128], [128, 256] -> outputs=[1, 46, 46, 256]",138674176
trunk_fp16.onnx,4562,Einsum,"inputs=[1, 46, 46, 128], [1, 46, 46, 128] -> outputs=[1, 46, 46, 128]",24918016
trunk_fp16.onnx,4563,MatMul,"inputs=[1, 46, 46, 128], [128, 128] -> outputs=[1, 46, 46, 128]",69337088
trunk_fp16.onnx,4570,MatMul,"inputs=[1, 46, 46, 128], [128, 128] -> outputs=[1, 46, 46, 128]",69337088
trunk_fp16.onnx,4579,MatMul,"inputs=[1, 46, 46, 128], [128, 256] -> outputs=[1, 46, 46, 256]",138674176
trunk_fp16.onnx,4580,MatMul,"inputs=[1, 46, 46, 128], [128, 256] -> outputs=[1, 46, 46, 256]",138674176
trunk_fp16.onnx,4585,Einsum,"inputs=[1, 46, 46, 128], [1, 46, 46, 128] -> outputs=[1, 46, 46, 128]",24918016
trunk_fp16.onnx,4586,MatMul,"inputs=[1, 46, 46, 128], [128, 128] -> outputs=[1, 46, 46, 128]",69337088
trunk_fp16.onnx,4593,MatMul,"inputs=[1, 46, 46, 128], [128, 128] -> outputs=[1, 46, 46, 128]",69337088
trunk_fp16.onnx,4602,MatMul,"inputs=[1, 46, 46, 128], [128, 4] -> outputs=[1, 46, 46, 4]",2166784
trunk_fp16.onnx,4607,MatMul,"inputs=[46, 46, 128], [128, 128] -> outputs=[46, 46, 128]",69337088
trunk_fp16.onnx,4608,MatMul,"inputs=[46, 46, 128], [128, 128] -> outputs=[46, 46, 128]",69337088
trunk_fp16.onnx,4609,MatMul,"inputs=[46, 46, 128], [128, 128] -> outputs=[46, 46, 128]",69337088
trunk_fp16.onnx,4619,MatMul,"inputs=[46, 4, 46, 32], [46, 4, 32, 46] -> outputs=[46, 4, 46, 46]",4584914944
trunk_fp16.onnx,4622,MatMul,"inputs=[46, 46, 128], [128, 128] -> outputs=[46, 46, 128]",69337088
trunk_fp16.onnx,4626,Softmax,"inputs=[46, 4, 46, 46] -> outputs=[46, 4, 46, 46]",1946720
trunk_fp16.onnx,4628,MatMul,"inputs=[46, 4, 46, 46], [46, 4, 46, 32] -> outputs=[46, 4, 46, 32]",4584914944
trunk_fp16.onnx,4632,MatMul,"inputs=[46, 46, 128], [128, 128] -> outputs=[46, 46, 128]",69337088
trunk_fp16.onnx,4642,MatMul,"inputs=[1, 46, 46, 128], [128, 4] -> outputs=[1, 46, 46, 4]",2166784
trunk_fp16.onnx,4647,MatMul,"inputs=[46, 46, 128], [128, 128] -> outputs=[46, 46, 128]",69337088
trunk_fp16.onnx,4648,MatMul,"inputs=[46, 46, 128], [128, 128] -> outputs=[46, 46, 128]",69337088
trunk_fp16.onnx,4649,MatMul,"inputs=[46, 46, 128], [128, 128] -> outputs=[46, 46, 128]",69337088
trunk_fp16.onnx,4659,MatMul,"inputs=[46, 4, 46, 32], [46, 4, 32, 46] -> outputs=[46, 4, 46, 46]",4584914944
trunk_fp16.onnx,4662,MatMul,"inputs=[46, 46, 128], [128, 128] -> outputs=[46, 46, 128]",69337088
trunk_fp16.onnx,4666,Softmax,"inputs=[46, 4, 46, 46] -> outputs=[46, 4, 46, 46]",1946720
trunk_fp16.onnx,4668,MatMul,"inputs=[46, 4, 46, 46], [46, 4, 46, 32] -> outputs=[46, 4, 46, 32]",4584914944
trunk_fp16.onnx,4672,MatMul,"inputs=[46, 46, 128], [128, 128] -> outputs=[46, 46, 128]",69337088
trunk_fp16.onnx,4682,MatMul,"inputs=[1, 46, 46, 128], [128, 512] -> outputs=[1, 46, 46, 512]",277348352
trunk_fp16.onnx,4685,MatMul,"inputs=[1, 46, 46, 128], [128, 512] -> outputs=[1, 46, 46, 512]",277348352
trunk_fp16.onnx,4687,MatMul,"inputs=[1, 46, 46, 512], [512, 128] -> outputs=[1, 46, 46, 128]",277348352
trunk_fp16.onnx,4694,MatMul,"inputs=[1, 46, 384], [384, 384] -> outputs=[1, 46, 384]",13565952
trunk_fp16.onnx,4697,MatMul,"inputs=[1, 46, 384], [384, 384] -> outputs=[1, 46, 384]",13565952
trunk_fp16.onnx,4699,MatMul,"inputs=[1, 46, 384], [384, 384] -> outputs=[1, 46, 384]",13565952
trunk_fp16.onnx,4701,MatMul,"inputs=[1, 46, 384], [384, 384] -> outputs=[1, 46, 384]",13565952
trunk_fp16.onnx,4703,Einsum,"inputs=[1, 46, 16, 24], [1, 46, 16, 24] -> outputs=[1, 16, 46, 46]",1625088
trunk_fp16.onnx,4710,MatMul,"inputs=[1, 46, 46, 128], [128, 16] -> outputs=[1, 46, 46, 16]",8667136
trunk_fp16.onnx,4718,Softmax,"inputs=[1, 16, 46, 46] -> outputs=[1, 16, 46, 46]",169280
trunk_fp16.onnx,4720,Einsum,"inputs=[1, 16, 46, 46], [1, 46, 16, 24] -> outputs=[1, 46, 16, 24]",1625088
trunk_fp16.onnx,4723,MatMul,"inputs=[1, 46, 384], [384, 384] -> outputs=[1, 46, 384]",13565952
trunk_fp16.onnx,4730,MatMul,"inputs=[1, 46, 384], [384, 1536] -> outputs=[1, 46, 1536]",54263808
trunk_fp16.onnx,4733,MatMul,"inputs=[1, 46, 384], [384, 1536] -> outputs=[1, 46, 1536]",54263808
trunk_fp16.onnx,4735,MatMul,"inputs=[1, 46, 1536], [1536, 384] -> outputs=[1, 46, 384]",54263808
trunk_fp16.onnx,4742,MatMul,"inputs=[1, 46, 46, 128], [128, 256] -> outputs=[1, 46, 46, 256]",138674176
trunk_fp16.onnx,4743,MatMul,"inputs=[1, 46, 46, 128], [128, 256] -> outputs=[1, 46, 46, 256]",138674176
trunk_fp16.onnx,4748,Einsum,"inputs=[1, 46, 46, 128], [1, 46, 46, 128] -> outputs=[1, 46, 46, 128]",24918016
trunk_fp16.onnx,4749,MatMul,"inputs=[1, 46, 46, 128], [128, 128] -> outputs=[1, 46, 46, 128]",69337088
trunk_fp16.onnx,4756,MatMul,"inputs=[1, 46, 46, 128], [128, 128] -> outputs=[1, 46, 46, 128]",69337088
trunk_fp16.onnx,4765,MatMul,"inputs=[1, 46, 46, 128], [128, 256] -> outputs=[1, 46, 46, 256]",138674176
trunk_fp16.onnx,4766,MatMul,"inputs=[1, 46, 46, 128], [128, 256] -> outputs=[1, 46, 46, 256]",138674176
trunk_fp16.onnx,4771,Einsum,"inputs=[1, 46, 46, 128], [1, 46, 46, 128] -> outputs=[1, 46, 46, 128]",24918016
trunk_fp16.onnx,4772,MatMul,"inputs=[1, 46, 46, 128], [128, 128] -> outputs=[1, 46, 46, 128]",69337088
trunk_fp16.onnx,4779,MatMul,"inputs=[1, 46, 46, 128], [128, 128] -> outputs=[1, 46, 46, 128]",69337088
trunk_fp16.onnx,4788,MatMul,"inputs=[1, 46, 46, 128], [128, 4] -> outputs=[1, 46, 46, 4]",2166784
trunk_fp16.onnx,4793,MatMul,"inputs=[46, 46, 128], [128, 128] -> outputs=[46, 46, 128]",69337088
trunk_fp16.onnx,4794,MatMul,"inputs=[46, 46, 128], [128, 128] -> outputs=[46, 46, 128]",69337088
trunk_fp16.onnx,4795,MatMul,"inputs=[46, 46, 128], [128, 128] -> outputs=[46, 46, 128]",69337088
trunk_fp16.onnx,4805,MatMul,"inputs=[46, 4, 46, 32], [46, 4, 32, 46] -> outputs=[46, 4, 46, 46]",4584914944
trunk_fp16.onnx,4808,MatMul,"inputs=[46, 46, 128], [128, 128] -> outputs=[46, 46, 128]",69337088
trunk_fp16.onnx,4812,Softmax,"inputs=[46, 4, 46, 46] -> outputs=[46, 4, 46, 46]",1946720
trunk_fp16.onnx,4814,MatMul,"inputs=[46, 4, 46, 46], [46, 4, 46, 32] -> outputs=[46, 4, 46, 32]",4584914944
trunk_fp16.onnx,4818,MatMul,"inputs=[46, 46, 128], [128, 128] -> outputs=[46, 46, 128]",69337088
trunk_fp16.onnx,4828,MatMul,"inputs=[1, 46, 46, 128], [128, 4] -> outputs=[1, 46, 46, 4]",2166784
trunk_fp16.onnx,4833,MatMul,"inputs=[46, 46, 128], [128, 128] -> outputs=[46, 46, 128]",69337088
trunk_fp16.onnx,4834,MatMul,"inputs=[46, 46, 128], [128, 128] -> outputs=[46, 46, 128]",69337088
trunk_fp16.onnx,4835,MatMul,"inputs=[46, 46, 128], [128, 128] -> outputs=[46, 46, 128]",69337088
trunk_fp16.onnx,4845,MatMul,"inputs=[46, 4, 46, 32], [46, 4, 32, 46] -> outputs=[46, 4, 46, 46]",4584914944
trunk_fp16.onnx,4848,MatMul,"inputs=[46, 46, 128], [128, 128] -> outputs=[46, 46, 128]",69337088
trunk_fp16.onnx,4852,Softmax,"inputs=[46, 4, 46, 46] -> outputs=[46, 4, 46, 46]",1946720
trunk_fp16.onnx,4854,MatMul,"inputs=[46, 4, 46, 46], [46, 4, 46, 32] -> outputs=[46, 4, 46, 32]",4584914944
trunk_fp16.onnx,4858,MatMul,"inputs=[46, 46, 128], [128, 128] -> outputs=[46, 46, 128]",69337088
trunk_fp16.onnx,4868,MatMul,"inputs=[1, 46, 46, 128], [128, 512] -> outputs=[1, 46, 46, 512]",277348352
trunk_fp16.onnx,4871,MatMul,"inputs=[1, 46, 46, 128], [128, 512] -> outputs=[1, 46, 46, 512]",277348352
trunk_fp16.onnx,4873,MatMul,"inputs=[1, 46, 46, 512], [512, 128] -> outputs=[1, 46, 46, 128]",277348352
trunk_fp16.onnx,4880,MatMul,"inputs=[1, 46, 384], [384, 384] -> outputs=[1, 46, 384]",13565952
trunk_fp16.onnx,4883,MatMul,"inputs=[1, 46, 384], [384, 384] -> outputs=[1, 46, 384]",13565952
trunk_fp16.onnx,4885,MatMul,"inputs=[1, 46, 384], [384, 384] -> outputs=[1, 46, 384]",13565952
trunk_fp16.onnx,4887,MatMul,"inputs=[1, 46, 384], [384, 384] -> outputs=[1, 46, 384]",13565952
trunk_fp16.onnx,4889,Einsum,"inputs=[1, 46, 16, 24], [1, 46, 16, 24] -> outputs=[1, 16, 46, 46]",1625088
trunk_fp16.onnx,4896,MatMul,"inputs=[1, 46, 46, 128], [128, 16] -> outputs=[1, 46, 46, 16]",8667136
trunk_fp16.onnx,4904,Softmax,"inputs=[1, 16, 46, 46] -> outputs=[1, 16, 46, 46]",169280
trunk_fp16.onnx,4906,Einsum,"inputs=[1, 16, 46, 46], [1, 46, 16, 24] -> outputs=[1, 46, 16, 24]",1625088
trunk_fp16.onnx,4909,MatMul,"inputs=[1, 46, 384], [384, 384] -> outputs=[1, 46, 384]",13565952
trunk_fp16.onnx,4916,MatMul,"inputs=[1, 46, 384], [384, 1536] -> outputs=[1, 46, 1536]",54263808
trunk_fp16.onnx,4919,MatMul,"inputs=[1, 46, 384], [384, 1536] -> outputs=[1, 46, 1536]",54263808
trunk_fp16.onnx,4921,MatMul,"inputs=[1, 46, 1536], [1536, 384] -> outputs=[1, 46, 384]",54263808
trunk_fp16.onnx,4928,MatMul,"inputs=[1, 46, 46, 128], [128, 256] -> outputs=[1, 46, 46, 256]",138674176
trunk_fp16.onnx,4929,MatMul,"inputs=[1, 46, 46, 128], [128, 256] -> outputs=[1, 46, 46, 256]",138674176
trunk_fp16.onnx,4934,Einsum,"inputs=[1, 46, 46, 128], [1, 46, 46, 128] -> outputs=[1, 46, 46, 128]",24918016
trunk_fp16.onnx,4935,MatMul,"inputs=[1, 46, 46, 128], [128, 128] -> outputs=[1, 46, 46, 128]",69337088
trunk_fp16.onnx,4942,MatMul,"inputs=[1, 46, 46, 128], [128, 128] -> outputs=[1, 46, 46, 128]",69337088
trunk_fp16.onnx,4951,MatMul,"inputs=[1, 46, 46, 128], [128, 256] -> outputs=[1, 46, 46, 256]",138674176
trunk_fp16.onnx,4952,MatMul,"inputs=[1, 46, 46, 128], [128, 256] -> outputs=[1, 46, 46, 256]",138674176
trunk_fp16.onnx,4957,Einsum,"inputs=[1, 46, 46, 128], [1, 46, 46, 128] -> outputs=[1, 46, 46, 128]",24918016
trunk_fp16.onnx,4958,MatMul,"inputs=[1, 46, 46, 128], [128, 128] -> outputs=[1, 46, 46, 128]",69337088
trunk_fp16.onnx,4965,MatMul,"inputs=[1, 46, 46, 128], [128, 128] -> outputs=[1, 46, 46, 128]",69337088
trunk_fp16.onnx,4974,MatMul,"inputs=[1, 46, 46, 128], [128, 4] -> outputs=[1, 46, 46, 4]",2166784
trunk_fp16.onnx,4979,MatMul,"inputs=[46, 46, 128], [128, 128] -> outputs=[46, 46, 128]",69337088
trunk_fp16.onnx,4980,MatMul,"inputs=[46, 46, 128], [128, 128] -> outputs=[46, 46, 128]",69337088
trunk_fp16.onnx,4981,MatMul,"inputs=[46, 46, 128], [128, 128] -> outputs=[46, 46, 128]",69337088
trunk_fp16.onnx,4991,MatMul,"inputs=[46, 4, 46, 32], [46, 4, 32, 46] -> outputs=[46, 4, 46, 46]",4584914944
trunk_fp16.onnx,4994,MatMul,"inputs=[46, 46, 128], [128, 128] -> outputs=[46, 46, 128]",69337088
trunk_fp16.onnx,4998,Softmax,"inputs=[46, 4, 46, 46] -> outputs=[46, 4, 46, 46]",1946720
trunk_fp16.onnx,5000,MatMul,"inputs=[46, 4, 46, 46], [46, 4, 46, 32] -> outputs=[46, 4, 46, 32]",4584914944
trunk_fp16.onnx,5004,MatMul,"inputs=[46, 46, 128], [128, 128] -> outputs=[46, 46, 128]",69337088
trunk_fp16.onnx,5014,MatMul,"inputs=[1, 46, 46, 128], [128, 4] -> outputs=[1, 46, 46, 4]",2166784
trunk_fp16.onnx,5019,MatMul,"inputs=[46, 46, 128], [128, 128] -> outputs=[46, 46, 128]",69337088
trunk_fp16.onnx,5020,MatMul,"inputs=[46, 46, 128], [128, 128] -> outputs=[46, 46, 128]",69337088
trunk_fp16.onnx,5021,MatMul,"inputs=[46, 46, 128], [128, 128] -> outputs=[46, 46, 128]",69337088
trunk_fp16.onnx,5031,MatMul,"inputs=[46, 4, 46, 32], [46, 4, 32, 46] -> outputs=[46, 4, 46, 46]",4584914944
trunk_fp16.onnx,5034,MatMul,"inputs=[46, 46, 128], [128, 128] -> outputs=[46, 46, 128]",69337088
trunk_fp16.onnx,5038,Softmax,"inputs=[46, 4, 46, 46] -> outputs=[46, 4, 46, 46]",1946720
trunk_fp16.onnx,5040,MatMul,"inputs=[46, 4, 46, 46], [46, 4, 46, 32] -> outputs=[46, 4, 46, 32]",4584914944
trunk_fp16.onnx,5044,MatMul,"inputs=[46, 46, 128], [128, 128] -> outputs=[46, 46, 128]",69337088
trunk_fp16.onnx,5054,MatMul,"inputs=[1, 46, 46, 128], [128, 512] -> outputs=[1, 46, 46, 512]",277348352
trunk_fp16.onnx,5057,MatMul,"inputs=[1, 46, 46, 128], [128, 512] -> outputs=[1, 46, 46, 512]",277348352
trunk_fp16.onnx,5059,MatMul,"inputs=[1, 46, 46, 512], [512, 128] -> outputs=[1, 46, 46, 128]",277348352
trunk_fp16.onnx,5066,MatMul,"inputs=[1, 46, 384], [384, 384] -> outputs=[1, 46, 384]",13565952
trunk_fp16.onnx,5069,MatMul,"inputs=[1, 46, 384], [384, 384] -> outputs=[1, 46, 384]",13565952
trunk_fp16.onnx,5071,MatMul,"inputs=[1, 46, 384], [384, 384] -> outputs=[1, 46, 384]",13565952
trunk_fp16.onnx,5073,MatMul,"inputs=[1, 46, 384], [384, 384] -> outputs=[1, 46, 384]",13565952
trunk_fp16.onnx,5075,Einsum,"inputs=[1, 46, 16, 24], [1, 46, 16, 24] -> outputs=[1, 16, 46, 46]",1625088
trunk_fp16.onnx,5082,MatMul,"inputs=[1, 46, 46, 128], [128, 16] -> outputs=[1, 46, 46, 16]",8667136
trunk_fp16.onnx,5090,Softmax,"inputs=[1, 16, 46, 46] -> outputs=[1, 16, 46, 46]",169280
trunk_fp16.onnx,5092,Einsum,"inputs=[1, 16, 46, 46], [1, 46, 16, 24] -> outputs=[1, 46, 16, 24]",1625088
trunk_fp16.onnx,5095,MatMul,"inputs=[1, 46, 384], [384, 384] -> outputs=[1, 46, 384]",13565952
trunk_fp16.onnx,5102,MatMul,"inputs=[1, 46, 384], [384, 1536] -> outputs=[1, 46, 1536]",54263808
trunk_fp16.onnx,5105,MatMul,"inputs=[1, 46, 384], [384, 1536] -> outputs=[1, 46, 1536]",54263808
trunk_fp16.onnx,5107,MatMul,"inputs=[1, 46, 1536], [1536, 384] -> outputs=[1, 46, 384]",54263808
trunk_fp16.onnx,5114,MatMul,"inputs=[1, 46, 46, 128], [128, 256] -> outputs=[1, 46, 46, 256]",138674176
trunk_fp16.onnx,5115,MatMul,"inputs=[1, 46, 46, 128], [128, 256] -> outputs=[1, 46, 46, 256]",138674176
trunk_fp16.onnx,5120,Einsum,"inputs=[1, 46, 46, 128], [1, 46, 46, 128] -> outputs=[1, 46, 46, 128]",24918016
trunk_fp16.onnx,5121,MatMul,"inputs=[1, 46, 46, 128], [128, 128] -> outputs=[1, 46, 46, 128]",69337088
trunk_fp16.onnx,5128,MatMul,"inputs=[1, 46, 46, 128], [128, 128] -> outputs=[1, 46, 46, 128]",69337088
trunk_fp16.onnx,5137,MatMul,"inputs=[1, 46, 46, 128], [128, 256] -> outputs=[1, 46, 46, 256]",138674176
trunk_fp16.onnx,5138,MatMul,"inputs=[1, 46, 46, 128], [128, 256] -> outputs=[1, 46, 46, 256]",138674176
trunk_fp16.onnx,5143,Einsum,"inputs=[1, 46, 46, 128], [1, 46, 46, 128] -> outputs=[1, 46, 46, 128]",24918016
trunk_fp16.onnx,5144,MatMul,"inputs=[1, 46, 46, 128], [128, 128] -> outputs=[1, 46, 46, 128]",69337088
trunk_fp16.onnx,5151,MatMul,"inputs=[1, 46, 46, 128], [128, 128] -> outputs=[1, 46, 46, 128]",69337088
trunk_fp16.onnx,5160,MatMul,"inputs=[1, 46, 46, 128], [128, 4] -> outputs=[1, 46, 46, 4]",2166784
trunk_fp16.onnx,5165,MatMul,"inputs=[46, 46, 128], [128, 128] -> outputs=[46, 46, 128]",69337088
trunk_fp16.onnx,5166,MatMul,"inputs=[46, 46, 128], [128, 128] -> outputs=[46, 46, 128]",69337088
trunk_fp16.onnx,5167,MatMul,"inputs=[46, 46, 128], [128, 128] -> outputs=[46, 46, 128]",69337088
trunk_fp16.onnx,5177,MatMul,"inputs=[46, 4, 46, 32], [46, 4, 32, 46] -> outputs=[46, 4, 46, 46]",4584914944
trunk_fp16.onnx,5180,MatMul,"inputs=[46, 46, 128], [128, 128] -> outputs=[46, 46, 128]",69337088
trunk_fp16.onnx,5184,Softmax,"inputs=[46, 4, 46, 46] -> outputs=[46, 4, 46, 46]",1946720
trunk_fp16.onnx,5186,MatMul,"inputs=[46, 4, 46, 46], [46, 4, 46, 32] -> outputs=[46, 4, 46, 32]",4584914944
trunk_fp16.onnx,5190,MatMul,"inputs=[46, 46, 128], [128, 128] -> outputs=[46, 46, 128]",69337088
trunk_fp16.onnx,5200,MatMul,"inputs=[1, 46, 46, 128], [128, 4] -> outputs=[1, 46, 46, 4]",2166784
trunk_fp16.onnx,5205,MatMul,"inputs=[46, 46, 128], [128, 128] -> outputs=[46, 46, 128]",69337088
trunk_fp16.onnx,5206,MatMul,"inputs=[46, 46, 128], [128, 128] -> outputs=[46, 46, 128]",69337088
trunk_fp16.onnx,5207,MatMul,"inputs=[46, 46, 128], [128, 128] -> outputs=[46, 46, 128]",69337088
trunk_fp16.onnx,5217,MatMul,"inputs=[46, 4, 46, 32], [46, 4, 32, 46] -> outputs=[46, 4, 46, 46]",4584914944
trunk_fp16.onnx,5220,MatMul,"inputs=[46, 46, 128], [128, 128] -> outputs=[46, 46, 128]",69337088
trunk_fp16.onnx,5224,Softmax,"inputs=[46, 4, 46, 46] -> outputs=[46, 4, 46, 46]",1946720
trunk_fp16.onnx,5226,MatMul,"inputs=[46, 4, 46, 46], [46, 4, 46, 32] -> outputs=[46, 4, 46, 32]",4584914944
trunk_fp16.onnx,5230,MatMul,"inputs=[46, 46, 128], [128, 128] -> outputs=[46, 46, 128]",69337088
trunk_fp16.onnx,5240,MatMul,"inputs=[1, 46, 46, 128], [128, 512] -> outputs=[1, 46, 46, 512]",277348352
trunk_fp16.onnx,5243,MatMul,"inputs=[1, 46, 46, 128], [128, 512] -> outputs=[1, 46, 46, 512]",277348352
trunk_fp16.onnx,5245,MatMul,"inputs=[1, 46, 46, 512], [512, 128] -> outputs=[1, 46, 46, 128]",277348352
trunk_fp16.onnx,5252,MatMul,"inputs=[1, 46, 384], [384, 384] -> outputs=[1, 46, 384]",13565952
trunk_fp16.onnx,5255,MatMul,"inputs=[1, 46, 384], [384, 384] -> outputs=[1, 46, 384]",13565952
trunk_fp16.onnx,5257,MatMul,"inputs=[1, 46, 384], [384, 384] -> outputs=[1, 46, 384]",13565952
trunk_fp16.onnx,5259,MatMul,"inputs=[1, 46, 384], [384, 384] -> outputs=[1, 46, 384]",13565952
trunk_fp16.onnx,5261,Einsum,"inputs=[1, 46, 16, 24], [1, 46, 16, 24] -> outputs=[1, 16, 46, 46]",1625088
trunk_fp16.onnx,5268,MatMul,"inputs=[1, 46, 46, 128], [128, 16] -> outputs=[1, 46, 46, 16]",8667136
trunk_fp16.onnx,5276,Softmax,"inputs=[1, 16, 46, 46] -> outputs=[1, 16, 46, 46]",169280
trunk_fp16.onnx,5278,Einsum,"inputs=[1, 16, 46, 46], [1, 46, 16, 24] -> outputs=[1, 46, 16, 24]",1625088
trunk_fp16.onnx,5281,MatMul,"inputs=[1, 46, 384], [384, 384] -> outputs=[1, 46, 384]",13565952
trunk_fp16.onnx,5288,MatMul,"inputs=[1, 46, 384], [384, 1536] -> outputs=[1, 46, 1536]",54263808
trunk_fp16.onnx,5291,MatMul,"inputs=[1, 46, 384], [384, 1536] -> outputs=[1, 46, 1536]",54263808
trunk_fp16.onnx,5293,MatMul,"inputs=[1, 46, 1536], [1536, 384] -> outputs=[1, 46, 384]",54263808
trunk_fp16.onnx,5300,MatMul,"inputs=[1, 46, 46, 128], [128, 256] -> outputs=[1, 46, 46, 256]",138674176
trunk_fp16.onnx,5301,MatMul,"inputs=[1, 46, 46, 128], [128, 256] -> outputs=[1, 46, 46, 256]",138674176
trunk_fp16.onnx,5306,Einsum,"inputs=[1, 46, 46, 128], [1, 46, 46, 128] -> outputs=[1, 46, 46, 128]",24918016
trunk_fp16.onnx,5307,MatMul,"inputs=[1, 46, 46, 128], [128, 128] -> outputs=[1, 46, 46, 128]",69337088
trunk_fp16.onnx,5314,MatMul,"inputs=[1, 46, 46, 128], [128, 128] -> outputs=[1, 46, 46, 128]",69337088
trunk_fp16.onnx,5323,MatMul,"inputs=[1, 46, 46, 128], [128, 256] -> outputs=[1, 46, 46, 256]",138674176
trunk_fp16.onnx,5324,MatMul,"inputs=[1, 46, 46, 128], [128, 256] -> outputs=[1, 46, 46, 256]",138674176
trunk_fp16.onnx,5329,Einsum,"inputs=[1, 46, 46, 128], [1, 46, 46, 128] -> outputs=[1, 46, 46, 128]",24918016
trunk_fp16.onnx,5330,MatMul,"inputs=[1, 46, 46, 128], [128, 128] -> outputs=[1, 46, 46, 128]",69337088
trunk_fp16.onnx,5337,MatMul,"inputs=[1, 46, 46, 128], [128, 128] -> outputs=[1, 46, 46, 128]",69337088
trunk_fp16.onnx,5346,MatMul,"inputs=[1, 46, 46, 128], [128, 4] -> outputs=[1, 46, 46, 4]",2166784
trunk_fp16.onnx,5351,MatMul,"inputs=[46, 46, 128], [128, 128] -> outputs=[46, 46, 128]",69337088
trunk_fp16.onnx,5352,MatMul,"inputs=[46, 46, 128], [128, 128] -> outputs=[46, 46, 128]",69337088
trunk_fp16.onnx,5353,MatMul,"inputs=[46, 46, 128], [128, 128] -> outputs=[46, 46, 128]",69337088
trunk_fp16.onnx,5363,MatMul,"inputs=[46, 4, 46, 32], [46, 4, 32, 46] -> outputs=[46, 4, 46, 46]",4584914944
trunk_fp16.onnx,5366,MatMul,"inputs=[46, 46, 128], [128, 128] -> outputs=[46, 46, 128]",69337088
trunk_fp16.onnx,5370,Softmax,"inputs=[46, 4, 46, 46] -> outputs=[46, 4, 46, 46]",1946720
trunk_fp16.onnx,5372,MatMul,"inputs=[46, 4, 46, 46], [46, 4, 46, 32] -> outputs=[46, 4, 46, 32]",4584914944
trunk_fp16.onnx,5376,MatMul,"inputs=[46, 46, 128], [128, 128] -> outputs=[46, 46, 128]",69337088
trunk_fp16.onnx,5386,MatMul,"inputs=[1, 46, 46, 128], [128, 4] -> outputs=[1, 46, 46, 4]",2166784
trunk_fp16.onnx,5391,MatMul,"inputs=[46, 46, 128], [128, 128] -> outputs=[46, 46, 128]",69337088
trunk_fp16.onnx,5392,MatMul,"inputs=[46, 46, 128], [128, 128] -> outputs=[46, 46, 128]",69337088
trunk_fp16.onnx,5393,MatMul,"inputs=[46, 46, 128], [128, 128] -> outputs=[46, 46, 128]",69337088
trunk_fp16.onnx,5403,MatMul,"inputs=[46, 4, 46, 32], [46, 4, 32, 46] -> outputs=[46, 4, 46, 46]",4584914944
trunk_fp16.onnx,5406,MatMul,"inputs=[46, 46, 128], [128, 128] -> outputs=[46, 46, 128]",69337088
trunk_fp16.onnx,5410,Softmax,"inputs=[46, 4, 46, 46] -> outputs=[46, 4, 46, 46]",1946720
trunk_fp16.onnx,5412,MatMul,"inputs=[46, 4, 46, 46], [46, 4, 46, 32] -> outputs=[46, 4, 46, 32]",4584914944
trunk_fp16.onnx,5416,MatMul,"inputs=[46, 46, 128], [128, 128] -> outputs=[46, 46, 128]",69337088
trunk_fp16.onnx,5426,MatMul,"inputs=[1, 46, 46, 128], [128, 512] -> outputs=[1, 46, 46, 512]",277348352
trunk_fp16.onnx,5429,MatMul,"inputs=[1, 46, 46, 128], [128, 512] -> outputs=[1, 46, 46, 512]",277348352
trunk_fp16.onnx,5431,MatMul,"inputs=[1, 46, 46, 512], [512, 128] -> outputs=[1, 46, 46, 128]",277348352
trunk_fp16.onnx,5438,MatMul,"inputs=[1, 46, 384], [384, 384] -> outputs=[1, 46, 384]",13565952
trunk_fp16.onnx,5441,MatMul,"inputs=[1, 46, 384], [384, 384] -> outputs=[1, 46, 384]",13565952
trunk_fp16.onnx,5443,MatMul,"inputs=[1, 46, 384], [384, 384] -> outputs=[1, 46, 384]",13565952
trunk_fp16.onnx,5445,MatMul,"inputs=[1, 46, 384], [384, 384] -> outputs=[1, 46, 384]",13565952
trunk_fp16.onnx,5447,Einsum,"inputs=[1, 46, 16, 24], [1, 46, 16, 24] -> outputs=[1, 16, 46, 46]",1625088
trunk_fp16.onnx,5454,MatMul,"inputs=[1, 46, 46, 128], [128, 16] -> outputs=[1, 46, 46, 16]",8667136
trunk_fp16.onnx,5462,Softmax,"inputs=[1, 16, 46, 46] -> outputs=[1, 16, 46, 46]",169280
trunk_fp16.onnx,5464,Einsum,"inputs=[1, 16, 46, 46], [1, 46, 16, 24] -> outputs=[1, 46, 16, 24]",1625088
trunk_fp16.onnx,5467,MatMul,"inputs=[1, 46, 384], [384, 384] -> outputs=[1, 46, 384]",13565952
trunk_fp16.onnx,5474,MatMul,"inputs=[1, 46, 384], [384, 1536] -> outputs=[1, 46, 1536]",54263808
trunk_fp16.onnx,5477,MatMul,"inputs=[1, 46, 384], [384, 1536] -> outputs=[1, 46, 1536]",54263808
trunk_fp16.onnx,5479,MatMul,"inputs=[1, 46, 1536], [1536, 384] -> outputs=[1, 46, 384]",54263808
trunk_fp16.onnx,5486,MatMul,"inputs=[1, 46, 46, 128], [128, 256] -> outputs=[1, 46, 46, 256]",138674176
trunk_fp16.onnx,5487,MatMul,"inputs=[1, 46, 46, 128], [128, 256] -> outputs=[1, 46, 46, 256]",138674176
trunk_fp16.onnx,5492,Einsum,"inputs=[1, 46, 46, 128], [1, 46, 46, 128] -> outputs=[1, 46, 46, 128]",24918016
trunk_fp16.onnx,5493,MatMul,"inputs=[1, 46, 46, 128], [128, 128] -> outputs=[1, 46, 46, 128]",69337088
trunk_fp16.onnx,5500,MatMul,"inputs=[1, 46, 46, 128], [128, 128] -> outputs=[1, 46, 46, 128]",69337088
trunk_fp16.onnx,5509,MatMul,"inputs=[1, 46, 46, 128], [128, 256] -> outputs=[1, 46, 46, 256]",138674176
trunk_fp16.onnx,5510,MatMul,"inputs=[1, 46, 46, 128], [128, 256] -> outputs=[1, 46, 46, 256]",138674176
trunk_fp16.onnx,5515,Einsum,"inputs=[1, 46, 46, 128], [1, 46, 46, 128] -> outputs=[1, 46, 46, 128]",24918016
trunk_fp16.onnx,5516,MatMul,"inputs=[1, 46, 46, 128], [128, 128] -> outputs=[1, 46, 46, 128]",69337088
trunk_fp16.onnx,5523,MatMul,"inputs=[1, 46, 46, 128], [128, 128] -> outputs=[1, 46, 46, 128]",69337088
trunk_fp16.onnx,5532,MatMul,"inputs=[1, 46, 46, 128], [128, 4] -> outputs=[1, 46, 46, 4]",2166784
trunk_fp16.onnx,5537,MatMul,"inputs=[46, 46, 128], [128, 128] -> outputs=[46, 46, 128]",69337088
trunk_fp16.onnx,5538,MatMul,"inputs=[46, 46, 128], [128, 128] -> outputs=[46, 46, 128]",69337088
trunk_fp16.onnx,5539,MatMul,"inputs=[46, 46, 128], [128, 128] -> outputs=[46, 46, 128]",69337088
trunk_fp16.onnx,5549,MatMul,"inputs=[46, 4, 46, 32], [46, 4, 32, 46] -> outputs=[46, 4, 46, 46]",4584914944
trunk_fp16.onnx,5552,MatMul,"inputs=[46, 46, 128], [128, 128] -> outputs=[46, 46, 128]",69337088
trunk_fp16.onnx,5556,Softmax,"inputs=[46, 4, 46, 46] -> outputs=[46, 4, 46, 46]",1946720
trunk_fp16.onnx,5558,MatMul,"inputs=[46, 4, 46, 46], [46, 4, 46, 32] -> outputs=[46, 4, 46, 32]",4584914944
trunk_fp16.onnx,5562,MatMul,"inputs=[46, 46, 128], [128, 128] -> outputs=[46, 46, 128]",69337088
trunk_fp16.onnx,5572,MatMul,"inputs=[1, 46, 46, 128], [128, 4] -> outputs=[1, 46, 46, 4]",2166784
trunk_fp16.onnx,5577,MatMul,"inputs=[46, 46, 128], [128, 128] -> outputs=[46, 46, 128]",69337088
trunk_fp16.onnx,5578,MatMul,"inputs=[46, 46, 128], [128, 128] -> outputs=[46, 46, 128]",69337088
trunk_fp16.onnx,5579,MatMul,"inputs=[46, 46, 128], [128, 128] -> outputs=[46, 46, 128]",69337088
trunk_fp16.onnx,5589,MatMul,"inputs=[46, 4, 46, 32], [46, 4, 32, 46] -> outputs=[46, 4, 46, 46]",4584914944
trunk_fp16.onnx,5592,MatMul,"inputs=[46, 46, 128], [128, 128] -> outputs=[46, 46, 128]",69337088
trunk_fp16.onnx,5596,Softmax,"inputs=[46, 4, 46, 46] -> outputs=[46, 4, 46, 46]",1946720
trunk_fp16.onnx,5598,MatMul,"inputs=[46, 4, 46, 46], [46, 4, 46, 32] -> outputs=[46, 4, 46, 32]",4584914944
trunk_fp16.onnx,5602,MatMul,"inputs=[46, 46, 128], [128, 128] -> outputs=[46, 46, 128]",69337088
trunk_fp16.onnx,5612,MatMul,"inputs=[1, 46, 46, 128], [128, 512] -> outputs=[1, 46, 46, 512]",277348352
trunk_fp16.onnx,5615,MatMul,"inputs=[1, 46, 46, 128], [128, 512] -> outputs=[1, 46, 46, 512]",277348352
trunk_fp16.onnx,5617,MatMul,"inputs=[1, 46, 46, 512], [512, 128] -> outputs=[1, 46, 46, 128]",277348352
trunk_fp16.onnx,5624,MatMul,"inputs=[1, 46, 384], [384, 384] -> outputs=[1, 46, 384]",13565952
trunk_fp16.onnx,5627,MatMul,"inputs=[1, 46, 384], [384, 384] -> outputs=[1, 46, 384]",13565952
trunk_fp16.onnx,5629,MatMul,"inputs=[1, 46, 384], [384, 384] -> outputs=[1, 46, 384]",13565952
trunk_fp16.onnx,5631,MatMul,"inputs=[1, 46, 384], [384, 384] -> outputs=[1, 46, 384]",13565952
trunk_fp16.onnx,5633,Einsum,"inputs=[1, 46, 16, 24], [1, 46, 16, 24] -> outputs=[1, 16, 46, 46]",1625088
trunk_fp16.onnx,5640,MatMul,"inputs=[1, 46, 46, 128], [128, 16] -> outputs=[1, 46, 46, 16]",8667136
trunk_fp16.onnx,5648,Softmax,"inputs=[1, 16, 46, 46] -> outputs=[1, 16, 46, 46]",169280
trunk_fp16.onnx,5650,Einsum,"inputs=[1, 16, 46, 46], [1, 46, 16, 24] -> outputs=[1, 46, 16, 24]",1625088
trunk_fp16.onnx,5653,MatMul,"inputs=[1, 46, 384], [384, 384] -> outputs=[1, 46, 384]",13565952
trunk_fp16.onnx,5660,MatMul,"inputs=[1, 46, 384], [384, 1536] -> outputs=[1, 46, 1536]",54263808
trunk_fp16.onnx,5663,MatMul,"inputs=[1, 46, 384], [384, 1536] -> outputs=[1, 46, 1536]",54263808
trunk_fp16.onnx,5665,MatMul,"inputs=[1, 46, 1536], [1536, 384] -> outputs=[1, 46, 384]",54263808
trunk_fp16.onnx,5672,MatMul,"inputs=[1, 46, 46, 128], [128, 256] -> outputs=[1, 46, 46, 256]",138674176
trunk_fp16.onnx,5673,MatMul,"inputs=[1, 46, 46, 128], [128, 256] -> outputs=[1, 46, 46, 256]",138674176
trunk_fp16.onnx,5678,Einsum,"inputs=[1, 46, 46, 128], [1, 46, 46, 128] -> outputs=[1, 46, 46, 128]",24918016
trunk_fp16.onnx,5679,MatMul,"inputs=[1, 46, 46, 128], [128, 128] -> outputs=[1, 46, 46, 128]",69337088
trunk_fp16.onnx,5686,MatMul,"inputs=[1, 46, 46, 128], [128, 128] -> outputs=[1, 46, 46, 128]",69337088
trunk_fp16.onnx,5695,MatMul,"inputs=[1, 46, 46, 128], [128, 256] -> outputs=[1, 46, 46, 256]",138674176
trunk_fp16.onnx,5696,MatMul,"inputs=[1, 46, 46, 128], [128, 256] -> outputs=[1, 46, 46, 256]",138674176
trunk_fp16.onnx,5701,Einsum,"inputs=[1, 46, 46, 128], [1, 46, 46, 128] -> outputs=[1, 46, 46, 128]",24918016
trunk_fp16.onnx,5702,MatMul,"inputs=[1, 46, 46, 128], [128, 128] -> outputs=[1, 46, 46, 128]",69337088
trunk_fp16.onnx,5709,MatMul,"inputs=[1, 46, 46, 128], [128, 128] -> outputs=[1, 46, 46, 128]",69337088
trunk_fp16.onnx,5718,MatMul,"inputs=[1, 46, 46, 128], [128, 4] -> outputs=[1, 46, 46, 4]",2166784
trunk_fp16.onnx,5723,MatMul,"inputs=[46, 46, 128], [128, 128] -> outputs=[46, 46, 128]",69337088
trunk_fp16.onnx,5724,MatMul,"inputs=[46, 46, 128], [128, 128] -> outputs=[46, 46, 128]",69337088
trunk_fp16.onnx,5725,MatMul,"inputs=[46, 46, 128], [128, 128] -> outputs=[46, 46, 128]",69337088
trunk_fp16.onnx,5735,MatMul,"inputs=[46, 4, 46, 32], [46, 4, 32, 46] -> outputs=[46, 4, 46, 46]",4584914944
trunk_fp16.onnx,5738,MatMul,"inputs=[46, 46, 128], [128, 128] -> outputs=[46, 46, 128]",69337088
trunk_fp16.onnx,5742,Softmax,"inputs=[46, 4, 46, 46] -> outputs=[46, 4, 46, 46]",1946720
trunk_fp16.onnx,5744,MatMul,"inputs=[46, 4, 46, 46], [46, 4, 46, 32] -> outputs=[46, 4, 46, 32]",4584914944
trunk_fp16.onnx,5748,MatMul,"inputs=[46, 46, 128], [128, 128] -> outputs=[46, 46, 128]",69337088
trunk_fp16.onnx,5758,MatMul,"inputs=[1, 46, 46, 128], [128, 4] -> outputs=[1, 46, 46, 4]",2166784
trunk_fp16.onnx,5763,MatMul,"inputs=[46, 46, 128], [128, 128] -> outputs=[46, 46, 128]",69337088
trunk_fp16.onnx,5764,MatMul,"inputs=[46, 46, 128], [128, 128] -> outputs=[46, 46, 128]",69337088
trunk_fp16.onnx,5765,MatMul,"inputs=[46, 46, 128], [128, 128] -> outputs=[46, 46, 128]",69337088
trunk_fp16.onnx,5775,MatMul,"inputs=[46, 4, 46, 32], [46, 4, 32, 46] -> outputs=[46, 4, 46, 46]",4584914944
trunk_fp16.onnx,5778,MatMul,"inputs=[46, 46, 128], [128, 128] -> outputs=[46, 46, 128]",69337088
trunk_fp16.onnx,5782,Softmax,"inputs=[46, 4, 46, 46] -> outputs=[46, 4, 46, 46]",1946720
trunk_fp16.onnx,5784,MatMul,"inputs=[46, 4, 46, 46], [46, 4, 46, 32] -> outputs=[46, 4, 46, 32]",4584914944
trunk_fp16.onnx,5788,MatMul,"inputs=[46, 46, 128], [128, 128] -> outputs=[46, 46, 128]",69337088
trunk_fp16.onnx,5798,MatMul,"inputs=[1, 46, 46, 128], [128, 512] -> outputs=[1, 46, 46, 512]",277348352
trunk_fp16.onnx,5801,MatMul,"inputs=[1, 46, 46, 128], [128, 512] -> outputs=[1, 46, 46, 512]",277348352
trunk_fp16.onnx,5803,MatMul,"inputs=[1, 46, 46, 512], [512, 128] -> outputs=[1, 46, 46, 128]",277348352
trunk_fp16.onnx,5810,MatMul,"inputs=[1, 46, 384], [384, 384] -> outputs=[1, 46, 384]",13565952
trunk_fp16.onnx,5813,MatMul,"inputs=[1, 46, 384], [384, 384] -> outputs=[1, 46, 384]",13565952
trunk_fp16.onnx,5815,MatMul,"inputs=[1, 46, 384], [384, 384] -> outputs=[1, 46, 384]",13565952
trunk_fp16.onnx,5817,MatMul,"inputs=[1, 46, 384], [384, 384] -> outputs=[1, 46, 384]",13565952
trunk_fp16.onnx,5819,Einsum,"inputs=[1, 46, 16, 24], [1, 46, 16, 24] -> outputs=[1, 16, 46, 46]",1625088
trunk_fp16.onnx,5826,MatMul,"inputs=[1, 46, 46, 128], [128, 16] -> outputs=[1, 46, 46, 16]",8667136
trunk_fp16.onnx,5834,Softmax,"inputs=[1, 16, 46, 46] -> outputs=[1, 16, 46, 46]",169280
trunk_fp16.onnx,5836,Einsum,"inputs=[1, 16, 46, 46], [1, 46, 16, 24] -> outputs=[1, 46, 16, 24]",1625088
trunk_fp16.onnx,5839,MatMul,"inputs=[1, 46, 384], [384, 384] -> outputs=[1, 46, 384]",13565952
trunk_fp16.onnx,5846,MatMul,"inputs=[1, 46, 384], [384, 1536] -> outputs=[1, 46, 1536]",54263808
trunk_fp16.onnx,5849,MatMul,"inputs=[1, 46, 384], [384, 1536] -> outputs=[1, 46, 1536]",54263808
trunk_fp16.onnx,5851,MatMul,"inputs=[1, 46, 1536], [1536, 384] -> outputs=[1, 46, 384]",54263808
trunk_fp16.onnx,5858,MatMul,"inputs=[1, 46, 46, 128], [128, 256] -> outputs=[1, 46, 46, 256]",138674176
trunk_fp16.onnx,5859,MatMul,"inputs=[1, 46, 46, 128], [128, 256] -> outputs=[1, 46, 46, 256]",138674176
trunk_fp16.onnx,5864,Einsum,"inputs=[1, 46, 46, 128], [1, 46, 46, 128] -> outputs=[1, 46, 46, 128]",24918016
trunk_fp16.onnx,5865,MatMul,"inputs=[1, 46, 46, 128], [128, 128] -> outputs=[1, 46, 46, 128]",69337088
trunk_fp16.onnx,5872,MatMul,"inputs=[1, 46, 46, 128], [128, 128] -> outputs=[1, 46, 46, 128]",69337088
trunk_fp16.onnx,5881,MatMul,"inputs=[1, 46, 46, 128], [128, 256] -> outputs=[1, 46, 46, 256]",138674176
trunk_fp16.onnx,5882,MatMul,"inputs=[1, 46, 46, 128], [128, 256] -> outputs=[1, 46, 46, 256]",138674176
trunk_fp16.onnx,5887,Einsum,"inputs=[1, 46, 46, 128], [1, 46, 46, 128] -> outputs=[1, 46, 46, 128]",24918016
trunk_fp16.onnx,5888,MatMul,"inputs=[1, 46, 46, 128], [128, 128] -> outputs=[1, 46, 46, 128]",69337088
trunk_fp16.onnx,5895,MatMul,"inputs=[1, 46, 46, 128], [128, 128] -> outputs=[1, 46, 46, 128]",69337088
trunk_fp16.onnx,5904,MatMul,"inputs=[1, 46, 46, 128], [128, 4] -> outputs=[1, 46, 46, 4]",2166784
trunk_fp16.onnx,5909,MatMul,"inputs=[46, 46, 128], [128, 128] -> outputs=[46, 46, 128]",69337088
trunk_fp16.onnx,5910,MatMul,"inputs=[46, 46, 128], [128, 128] -> outputs=[46, 46, 128]",69337088
trunk_fp16.onnx,5911,MatMul,"inputs=[46, 46, 128], [128, 128] -> outputs=[46, 46, 128]",69337088
trunk_fp16.onnx,5921,MatMul,"inputs=[46, 4, 46, 32], [46, 4, 32, 46] -> outputs=[46, 4, 46, 46]",4584914944
trunk_fp16.onnx,5924,MatMul,"inputs=[46, 46, 128], [128, 128] -> outputs=[46, 46, 128]",69337088
trunk_fp16.onnx,5928,Softmax,"inputs=[46, 4, 46, 46] -> outputs=[46, 4, 46, 46]",1946720
trunk_fp16.onnx,5930,MatMul,"inputs=[46, 4, 46, 46], [46, 4, 46, 32] -> outputs=[46, 4, 46, 32]",4584914944
trunk_fp16.onnx,5934,MatMul,"inputs=[46, 46, 128], [128, 128] -> outputs=[46, 46, 128]",69337088
trunk_fp16.onnx,5944,MatMul,"inputs=[1, 46, 46, 128], [128, 4] -> outputs=[1, 46, 46, 4]",2166784
trunk_fp16.onnx,5949,MatMul,"inputs=[46, 46, 128], [128, 128] -> outputs=[46, 46, 128]",69337088
trunk_fp16.onnx,5950,MatMul,"inputs=[46, 46, 128], [128, 128] -> outputs=[46, 46, 128]",69337088
trunk_fp16.onnx,5951,MatMul,"inputs=[46, 46, 128], [128, 128] -> outputs=[46, 46, 128]",69337088
trunk_fp16.onnx,5961,MatMul,"inputs=[46, 4, 46, 32], [46, 4, 32, 46] -> outputs=[46, 4, 46, 46]",4584914944
trunk_fp16.onnx,5964,MatMul,"inputs=[46, 46, 128], [128, 128] -> outputs=[46, 46, 128]",69337088
trunk_fp16.onnx,5968,Softmax,"inputs=[46, 4, 46, 46] -> outputs=[46, 4, 46, 46]",1946720
trunk_fp16.onnx,5970,MatMul,"inputs=[46, 4, 46, 46], [46, 4, 46, 32] -> outputs=[46, 4, 46, 32]",4584914944
trunk_fp16.onnx,5974,MatMul,"inputs=[46, 46, 128], [128, 128] -> outputs=[46, 46, 128]",69337088
trunk_fp16.onnx,5984,MatMul,"inputs=[1, 46, 46, 128], [128, 512] -> outputs=[1, 46, 46, 512]",277348352
trunk_fp16.onnx,5987,MatMul,"inputs=[1, 46, 46, 128], [128, 512] -> outputs=[1, 46, 46, 512]",277348352
trunk_fp16.onnx,5989,MatMul,"inputs=[1, 46, 46, 512], [512, 128] -> outputs=[1, 46, 46, 128]",277348352
trunk_fp16.onnx,5996,MatMul,"inputs=[1, 46, 384], [384, 384] -> outputs=[1, 46, 384]",13565952
trunk_fp16.onnx,5999,MatMul,"inputs=[1, 46, 384], [384, 384] -> outputs=[1, 46, 384]",13565952
trunk_fp16.onnx,6001,MatMul,"inputs=[1, 46, 384], [384, 384] -> outputs=[1, 46, 384]",13565952
trunk_fp16.onnx,6003,MatMul,"inputs=[1, 46, 384], [384, 384] -> outputs=[1, 46, 384]",13565952
trunk_fp16.onnx,6005,Einsum,"inputs=[1, 46, 16, 24], [1, 46, 16, 24] -> outputs=[1, 16, 46, 46]",1625088
trunk_fp16.onnx,6012,MatMul,"inputs=[1, 46, 46, 128], [128, 16] -> outputs=[1, 46, 46, 16]",8667136
trunk_fp16.onnx,6020,Softmax,"inputs=[1, 16, 46, 46] -> outputs=[1, 16, 46, 46]",169280
trunk_fp16.onnx,6022,Einsum,"inputs=[1, 16, 46, 46], [1, 46, 16, 24] -> outputs=[1, 46, 16, 24]",1625088
trunk_fp16.onnx,6025,MatMul,"inputs=[1, 46, 384], [384, 384] -> outputs=[1, 46, 384]",13565952
trunk_fp16.onnx,6032,MatMul,"inputs=[1, 46, 384], [384, 1536] -> outputs=[1, 46, 1536]",54263808
trunk_fp16.onnx,6035,MatMul,"inputs=[1, 46, 384], [384, 1536] -> outputs=[1, 46, 1536]",54263808
trunk_fp16.onnx,6037,MatMul,"inputs=[1, 46, 1536], [1536, 384] -> outputs=[1, 46, 384]",54263808
trunk_fp16.onnx,6044,MatMul,"inputs=[1, 46, 46, 128], [128, 256] -> outputs=[1, 46, 46, 256]",138674176
trunk_fp16.onnx,6045,MatMul,"inputs=[1, 46, 46, 128], [128, 256] -> outputs=[1, 46, 46, 256]",138674176
trunk_fp16.onnx,6050,Einsum,"inputs=[1, 46, 46, 128], [1, 46, 46, 128] -> outputs=[1, 46, 46, 128]",24918016
trunk_fp16.onnx,6051,MatMul,"inputs=[1, 46, 46, 128], [128, 128] -> outputs=[1, 46, 46, 128]",69337088
trunk_fp16.onnx,6058,MatMul,"inputs=[1, 46, 46, 128], [128, 128] -> outputs=[1, 46, 46, 128]",69337088
trunk_fp16.onnx,6067,MatMul,"inputs=[1, 46, 46, 128], [128, 256] -> outputs=[1, 46, 46, 256]",138674176
trunk_fp16.onnx,6068,MatMul,"inputs=[1, 46, 46, 128], [128, 256] -> outputs=[1, 46, 46, 256]",138674176
trunk_fp16.onnx,6073,Einsum,"inputs=[1, 46, 46, 128], [1, 46, 46, 128] -> outputs=[1, 46, 46, 128]",24918016
trunk_fp16.onnx,6074,MatMul,"inputs=[1, 46, 46, 128], [128, 128] -> outputs=[1, 46, 46, 128]",69337088
trunk_fp16.onnx,6081,MatMul,"inputs=[1, 46, 46, 128], [128, 128] -> outputs=[1, 46, 46, 128]",69337088
trunk_fp16.onnx,6090,MatMul,"inputs=[1, 46, 46, 128], [128, 4] -> outputs=[1, 46, 46, 4]",2166784
trunk_fp16.onnx,6095,MatMul,"inputs=[46, 46, 128], [128, 128] -> outputs=[46, 46, 128]",69337088
trunk_fp16.onnx,6096,MatMul,"inputs=[46, 46, 128], [128, 128] -> outputs=[46, 46, 128]",69337088
trunk_fp16.onnx,6097,MatMul,"inputs=[46, 46, 128], [128, 128] -> outputs=[46, 46, 128]",69337088
trunk_fp16.onnx,6107,MatMul,"inputs=[46, 4, 46, 32], [46, 4, 32, 46] -> outputs=[46, 4, 46, 46]",4584914944
trunk_fp16.onnx,6110,MatMul,"inputs=[46, 46, 128], [128, 128] -> outputs=[46, 46, 128]",69337088
trunk_fp16.onnx,6114,Softmax,"inputs=[46, 4, 46, 46] -> outputs=[46, 4, 46, 46]",1946720
trunk_fp16.onnx,6116,MatMul,"inputs=[46, 4, 46, 46], [46, 4, 46, 32] -> outputs=[46, 4, 46, 32]",4584914944
trunk_fp16.onnx,6120,MatMul,"inputs=[46, 46, 128], [128, 128] -> outputs=[46, 46, 128]",69337088
trunk_fp16.onnx,6130,MatMul,"inputs=[1, 46, 46, 128], [128, 4] -> outputs=[1, 46, 46, 4]",2166784
trunk_fp16.onnx,6135,MatMul,"inputs=[46, 46, 128], [128, 128] -> outputs=[46, 46, 128]",69337088
trunk_fp16.onnx,6136,MatMul,"inputs=[46, 46, 128], [128, 128] -> outputs=[46, 46, 128]",69337088
trunk_fp16.onnx,6137,MatMul,"inputs=[46, 46, 128], [128, 128] -> outputs=[46, 46, 128]",69337088
trunk_fp16.onnx,6147,MatMul,"inputs=[46, 4, 46, 32], [46, 4, 32, 46] -> outputs=[46, 4, 46, 46]",4584914944
trunk_fp16.onnx,6150,MatMul,"inputs=[46, 46, 128], [128, 128] -> outputs=[46, 46, 128]",69337088
trunk_fp16.onnx,6154,Softmax,"inputs=[46, 4, 46, 46] -> outputs=[46, 4, 46, 46]",1946720
trunk_fp16.onnx,6156,MatMul,"inputs=[46, 4, 46, 46], [46, 4, 46, 32] -> outputs=[46, 4, 46, 32]",4584914944
trunk_fp16.onnx,6160,MatMul,"inputs=[46, 46, 128], [128, 128] -> outputs=[46, 46, 128]",69337088
trunk_fp16.onnx,6170,MatMul,"inputs=[1, 46, 46, 128], [128, 512] -> outputs=[1, 46, 46, 512]",277348352
trunk_fp16.onnx,6173,MatMul,"inputs=[1, 46, 46, 128], [128, 512] -> outputs=[1, 46, 46, 512]",277348352
trunk_fp16.onnx,6175,MatMul,"inputs=[1, 46, 46, 512], [512, 128] -> outputs=[1, 46, 46, 128]",277348352
trunk_fp16.onnx,6182,MatMul,"inputs=[1, 46, 384], [384, 384] -> outputs=[1, 46, 384]",13565952
trunk_fp16.onnx,6185,MatMul,"inputs=[1, 46, 384], [384, 384] -> outputs=[1, 46, 384]",13565952
trunk_fp16.onnx,6187,MatMul,"inputs=[1, 46, 384], [384, 384] -> outputs=[1, 46, 384]",13565952
trunk_fp16.onnx,6189,MatMul,"inputs=[1, 46, 384], [384, 384] -> outputs=[1, 46, 384]",13565952
trunk_fp16.onnx,6191,Einsum,"inputs=[1, 46, 16, 24], [1, 46, 16, 24] -> outputs=[1, 16, 46, 46]",1625088
trunk_fp16.onnx,6198,MatMul,"inputs=[1, 46, 46, 128], [128, 16] -> outputs=[1, 46, 46, 16]",8667136
trunk_fp16.onnx,6206,Softmax,"inputs=[1, 16, 46, 46] -> outputs=[1, 16, 46, 46]",169280
trunk_fp16.onnx,6208,Einsum,"inputs=[1, 16, 46, 46], [1, 46, 16, 24] -> outputs=[1, 46, 16, 24]",1625088
trunk_fp16.onnx,6211,MatMul,"inputs=[1, 46, 384], [384, 384] -> outputs=[1, 46, 384]",13565952
trunk_fp16.onnx,6218,MatMul,"inputs=[1, 46, 384], [384, 1536] -> outputs=[1, 46, 1536]",54263808
trunk_fp16.onnx,6221,MatMul,"inputs=[1, 46, 384], [384, 1536] -> outputs=[1, 46, 1536]",54263808
trunk_fp16.onnx,6223,MatMul,"inputs=[1, 46, 1536], [1536, 384] -> outputs=[1, 46, 384]",54263808
trunk_fp16.onnx,6230,MatMul,"inputs=[1, 46, 46, 128], [128, 256] -> outputs=[1, 46, 46, 256]",138674176
trunk_fp16.onnx,6231,MatMul,"inputs=[1, 46, 46, 128], [128, 256] -> outputs=[1, 46, 46, 256]",138674176
trunk_fp16.onnx,6236,Einsum,"inputs=[1, 46, 46, 128], [1, 46, 46, 128] -> outputs=[1, 46, 46, 128]",24918016
trunk_fp16.onnx,6237,MatMul,"inputs=[1, 46, 46, 128], [128, 128] -> outputs=[1, 46, 46, 128]",69337088
trunk_fp16.onnx,6244,MatMul,"inputs=[1, 46, 46, 128], [128, 128] -> outputs=[1, 46, 46, 128]",69337088
trunk_fp16.onnx,6253,MatMul,"inputs=[1, 46, 46, 128], [128, 256] -> outputs=[1, 46, 46, 256]",138674176
trunk_fp16.onnx,6254,MatMul,"inputs=[1, 46, 46, 128], [128, 256] -> outputs=[1, 46, 46, 256]",138674176
trunk_fp16.onnx,6259,Einsum,"inputs=[1, 46, 46, 128], [1, 46, 46, 128] -> outputs=[1, 46, 46, 128]",24918016
trunk_fp16.onnx,6260,MatMul,"inputs=[1, 46, 46, 128], [128, 128] -> outputs=[1, 46, 46, 128]",69337088
trunk_fp16.onnx,6267,MatMul,"inputs=[1, 46, 46, 128], [128, 128] -> outputs=[1, 46, 46, 128]",69337088
trunk_fp16.onnx,6276,MatMul,"inputs=[1, 46, 46, 128], [128, 4] -> outputs=[1, 46, 46, 4]",2166784
trunk_fp16.onnx,6281,MatMul,"inputs=[46, 46, 128], [128, 128] -> outputs=[46, 46, 128]",69337088
trunk_fp16.onnx,6282,MatMul,"inputs=[46, 46, 128], [128, 128] -> outputs=[46, 46, 128]",69337088
trunk_fp16.onnx,6283,MatMul,"inputs=[46, 46, 128], [128, 128] -> outputs=[46, 46, 128]",69337088
trunk_fp16.onnx,6293,MatMul,"inputs=[46, 4, 46, 32], [46, 4, 32, 46] -> outputs=[46, 4, 46, 46]",4584914944
trunk_fp16.onnx,6296,MatMul,"inputs=[46, 46, 128], [128, 128] -> outputs=[46, 46, 128]",69337088
trunk_fp16.onnx,6300,Softmax,"inputs=[46, 4, 46, 46] -> outputs=[46, 4, 46, 46]",1946720
trunk_fp16.onnx,6302,MatMul,"inputs=[46, 4, 46, 46], [46, 4, 46, 32] -> outputs=[46, 4, 46, 32]",4584914944
trunk_fp16.onnx,6306,MatMul,"inputs=[46, 46, 128], [128, 128] -> outputs=[46, 46, 128]",69337088
trunk_fp16.onnx,6316,MatMul,"inputs=[1, 46, 46, 128], [128, 4] -> outputs=[1, 46, 46, 4]",2166784
trunk_fp16.onnx,6321,MatMul,"inputs=[46, 46, 128], [128, 128] -> outputs=[46, 46, 128]",69337088
trunk_fp16.onnx,6322,MatMul,"inputs=[46, 46, 128], [128, 128] -> outputs=[46, 46, 128]",69337088
trunk_fp16.onnx,6323,MatMul,"inputs=[46, 46, 128], [128, 128] -> outputs=[46, 46, 128]",69337088
trunk_fp16.onnx,6333,MatMul,"inputs=[46, 4, 46, 32], [46, 4, 32, 46] -> outputs=[46, 4, 46, 46]",4584914944
trunk_fp16.onnx,6336,MatMul,"inputs=[46, 46, 128], [128, 128] -> outputs=[46, 46, 128]",69337088
trunk_fp16.onnx,6340,Softmax,"inputs=[46, 4, 46, 46] -> outputs=[46, 4, 46, 46]",1946720
trunk_fp16.onnx,6342,MatMul,"inputs=[46, 4, 46, 46], [46, 4, 46, 32] -> outputs=[46, 4, 46, 32]",4584914944
trunk_fp16.onnx,6346,MatMul,"inputs=[46, 46, 128], [128, 128] -> outputs=[46, 46, 128]",69337088
trunk_fp16.onnx,6356,MatMul,"inputs=[1, 46, 46, 128], [128, 512] -> outputs=[1, 46, 46, 512]",277348352
trunk_fp16.onnx,6359,MatMul,"inputs=[1, 46, 46, 128], [128, 512] -> outputs=[1, 46, 46, 512]",277348352
trunk_fp16.onnx,6361,MatMul,"inputs=[1, 46, 46, 512], [512, 128] -> outputs=[1, 46, 46, 128]",277348352
trunk_fp16.onnx,6368,MatMul,"inputs=[1, 46, 384], [384, 384] -> outputs=[1, 46, 384]",13565952
trunk_fp16.onnx,6371,MatMul,"inputs=[1, 46, 384], [384, 384] -> outputs=[1, 46, 384]",13565952
trunk_fp16.onnx,6373,MatMul,"inputs=[1, 46, 384], [384, 384] -> outputs=[1, 46, 384]",13565952
trunk_fp16.onnx,6375,MatMul,"inputs=[1, 46, 384], [384, 384] -> outputs=[1, 46, 384]",13565952
trunk_fp16.onnx,6377,Einsum,"inputs=[1, 46, 16, 24], [1, 46, 16, 24] -> outputs=[1, 16, 46, 46]",1625088
trunk_fp16.onnx,6384,MatMul,"inputs=[1, 46, 46, 128], [128, 16] -> outputs=[1, 46, 46, 16]",8667136
trunk_fp16.onnx,6392,Softmax,"inputs=[1, 16, 46, 46] -> outputs=[1, 16, 46, 46]",169280
trunk_fp16.onnx,6394,Einsum,"inputs=[1, 16, 46, 46], [1, 46, 16, 24] -> outputs=[1, 46, 16, 24]",1625088
trunk_fp16.onnx,6397,MatMul,"inputs=[1, 46, 384], [384, 384] -> outputs=[1, 46, 384]",13565952
trunk_fp16.onnx,6404,MatMul,"inputs=[1, 46, 384], [384, 1536] -> outputs=[1, 46, 1536]",54263808
trunk_fp16.onnx,6407,MatMul,"inputs=[1, 46, 384], [384, 1536] -> outputs=[1, 46, 1536]",54263808
trunk_fp16.onnx,6409,MatMul,"inputs=[1, 46, 1536], [1536, 384] -> outputs=[1, 46, 384]",54263808
trunk_fp16.onnx,6416,MatMul,"inputs=[1, 46, 46, 128], [128, 256] -> outputs=[1, 46, 46, 256]",138674176
trunk_fp16.onnx,6417,MatMul,"inputs=[1, 46, 46, 128], [128, 256] -> outputs=[1, 46, 46, 256]",138674176
trunk_fp16.onnx,6422,Einsum,"inputs=[1, 46, 46, 128], [1, 46, 46, 128] -> outputs=[1, 46, 46, 128]",24918016
trunk_fp16.onnx,6423,MatMul,"inputs=[1, 46, 46, 128], [128, 128] -> outputs=[1, 46, 46, 128]",69337088
trunk_fp16.onnx,6430,MatMul,"inputs=[1, 46, 46, 128], [128, 128] -> outputs=[1, 46, 46, 128]",69337088
trunk_fp16.onnx,6439,MatMul,"inputs=[1, 46, 46, 128], [128, 256] -> outputs=[1, 46, 46, 256]",138674176
trunk_fp16.onnx,6440,MatMul,"inputs=[1, 46, 46, 128], [128, 256] -> outputs=[1, 46, 46, 256]",138674176
trunk_fp16.onnx,6445,Einsum,"inputs=[1, 46, 46, 128], [1, 46, 46, 128] -> outputs=[1, 46, 46, 128]",24918016
trunk_fp16.onnx,6446,MatMul,"inputs=[1, 46, 46, 128], [128, 128] -> outputs=[1, 46, 46, 128]",69337088
trunk_fp16.onnx,6453,MatMul,"inputs=[1, 46, 46, 128], [128, 128] -> outputs=[1, 46, 46, 128]",69337088
trunk_fp16.onnx,6462,MatMul,"inputs=[1, 46, 46, 128], [128, 4] -> outputs=[1, 46, 46, 4]",2166784
trunk_fp16.onnx,6467,MatMul,"inputs=[46, 46, 128], [128, 128] -> outputs=[46, 46, 128]",69337088
trunk_fp16.onnx,6468,MatMul,"inputs=[46, 46, 128], [128, 128] -> outputs=[46, 46, 128]",69337088
trunk_fp16.onnx,6469,MatMul,"inputs=[46, 46, 128], [128, 128] -> outputs=[46, 46, 128]",69337088
trunk_fp16.onnx,6479,MatMul,"inputs=[46, 4, 46, 32], [46, 4, 32, 46] -> outputs=[46, 4, 46, 46]",4584914944
trunk_fp16.onnx,6482,MatMul,"inputs=[46, 46, 128], [128, 128] -> outputs=[46, 46, 128]",69337088
trunk_fp16.onnx,6486,Softmax,"inputs=[46, 4, 46, 46] -> outputs=[46, 4, 46, 46]",1946720
trunk_fp16.onnx,6488,MatMul,"inputs=[46, 4, 46, 46], [46, 4, 46, 32] -> outputs=[46, 4, 46, 32]",4584914944
trunk_fp16.onnx,6492,MatMul,"inputs=[46, 46, 128], [128, 128] -> outputs=[46, 46, 128]",69337088
trunk_fp16.onnx,6502,MatMul,"inputs=[1, 46, 46, 128], [128, 4] -> outputs=[1, 46, 46, 4]",2166784
trunk_fp16.onnx,6507,MatMul,"inputs=[46, 46, 128], [128, 128] -> outputs=[46, 46, 128]",69337088
trunk_fp16.onnx,6508,MatMul,"inputs=[46, 46, 128], [128, 128] -> outputs=[46, 46, 128]",69337088
trunk_fp16.onnx,6509,MatMul,"inputs=[46, 46, 128], [128, 128] -> outputs=[46, 46, 128]",69337088
trunk_fp16.onnx,6519,MatMul,"inputs=[46, 4, 46, 32], [46, 4, 32, 46] -> outputs=[46, 4, 46, 46]",4584914944
trunk_fp16.onnx,6522,MatMul,"inputs=[46, 46, 128], [128, 128] -> outputs=[46, 46, 128]",69337088
trunk_fp16.onnx,6526,Softmax,"inputs=[46, 4, 46, 46] -> outputs=[46, 4, 46, 46]",1946720
trunk_fp16.onnx,6528,MatMul,"inputs=[46, 4, 46, 46], [46, 4, 46, 32] -> outputs=[46, 4, 46, 32]",4584914944
trunk_fp16.onnx,6532,MatMul,"inputs=[46, 46, 128], [128, 128] -> outputs=[46, 46, 128]",69337088
trunk_fp16.onnx,6542,MatMul,"inputs=[1, 46, 46, 128], [128, 512] -> outputs=[1, 46, 46, 512]",277348352
trunk_fp16.onnx,6545,MatMul,"inputs=[1, 46, 46, 128], [128, 512] -> outputs=[1, 46, 46, 512]",277348352
trunk_fp16.onnx,6547,MatMul,"inputs=[1, 46, 46, 512], [512, 128] -> outputs=[1, 46, 46, 128]",277348352
trunk_fp16.onnx,6554,MatMul,"inputs=[1, 46, 384], [384, 384] -> outputs=[1, 46, 384]",13565952
trunk_fp16.onnx,6557,MatMul,"inputs=[1, 46, 384], [384, 384] -> outputs=[1, 46, 384]",13565952
trunk_fp16.onnx,6559,MatMul,"inputs=[1, 46, 384], [384, 384] -> outputs=[1, 46, 384]",13565952
trunk_fp16.onnx,6561,MatMul,"inputs=[1, 46, 384], [384, 384] -> outputs=[1, 46, 384]",13565952
trunk_fp16.onnx,6563,Einsum,"inputs=[1, 46, 16, 24], [1, 46, 16, 24] -> outputs=[1, 16, 46, 46]",1625088
trunk_fp16.onnx,6570,MatMul,"inputs=[1, 46, 46, 128], [128, 16] -> outputs=[1, 46, 46, 16]",8667136
trunk_fp16.onnx,6578,Softmax,"inputs=[1, 16, 46, 46] -> outputs=[1, 16, 46, 46]",169280
trunk_fp16.onnx,6580,Einsum,"inputs=[1, 16, 46, 46], [1, 46, 16, 24] -> outputs=[1, 46, 16, 24]",1625088
trunk_fp16.onnx,6583,MatMul,"inputs=[1, 46, 384], [384, 384] -> outputs=[1, 46, 384]",13565952
trunk_fp16.onnx,6590,MatMul,"inputs=[1, 46, 384], [384, 1536] -> outputs=[1, 46, 1536]",54263808
trunk_fp16.onnx,6593,MatMul,"inputs=[1, 46, 384], [384, 1536] -> outputs=[1, 46, 1536]",54263808
trunk_fp16.onnx,6595,MatMul,"inputs=[1, 46, 1536], [1536, 384] -> outputs=[1, 46, 384]",54263808
trunk_fp16.onnx,6602,MatMul,"inputs=[1, 46, 46, 128], [128, 256] -> outputs=[1, 46, 46, 256]",138674176
trunk_fp16.onnx,6603,MatMul,"inputs=[1, 46, 46, 128], [128, 256] -> outputs=[1, 46, 46, 256]",138674176
trunk_fp16.onnx,6608,Einsum,"inputs=[1, 46, 46, 128], [1, 46, 46, 128] -> outputs=[1, 46, 46, 128]",24918016
trunk_fp16.onnx,6609,MatMul,"inputs=[1, 46, 46, 128], [128, 128] -> outputs=[1, 46, 46, 128]",69337088
trunk_fp16.onnx,6616,MatMul,"inputs=[1, 46, 46, 128], [128, 128] -> outputs=[1, 46, 46, 128]",69337088
trunk_fp16.onnx,6625,MatMul,"inputs=[1, 46, 46, 128], [128, 256] -> outputs=[1, 46, 46, 256]",138674176
trunk_fp16.onnx,6626,MatMul,"inputs=[1, 46, 46, 128], [128, 256] -> outputs=[1, 46, 46, 256]",138674176
trunk_fp16.onnx,6631,Einsum,"inputs=[1, 46, 46, 128], [1, 46, 46, 128] -> outputs=[1, 46, 46, 128]",24918016
trunk_fp16.onnx,6632,MatMul,"inputs=[1, 46, 46, 128], [128, 128] -> outputs=[1, 46, 46, 128]",69337088
trunk_fp16.onnx,6639,MatMul,"inputs=[1, 46, 46, 128], [128, 128] -> outputs=[1, 46, 46, 128]",69337088
trunk_fp16.onnx,6648,MatMul,"inputs=[1, 46, 46, 128], [128, 4] -> outputs=[1, 46, 46, 4]",2166784
trunk_fp16.onnx,6653,MatMul,"inputs=[46, 46, 128], [128, 128] -> outputs=[46, 46, 128]",69337088
trunk_fp16.onnx,6654,MatMul,"inputs=[46, 46, 128], [128, 128] -> outputs=[46, 46, 128]",69337088
trunk_fp16.onnx,6655,MatMul,"inputs=[46, 46, 128], [128, 128] -> outputs=[46, 46, 128]",69337088
trunk_fp16.onnx,6665,MatMul,"inputs=[46, 4, 46, 32], [46, 4, 32, 46] -> outputs=[46, 4, 46, 46]",4584914944
trunk_fp16.onnx,6668,MatMul,"inputs=[46, 46, 128], [128, 128] -> outputs=[46, 46, 128]",69337088
trunk_fp16.onnx,6672,Softmax,"inputs=[46, 4, 46, 46] -> outputs=[46, 4, 46, 46]",1946720
trunk_fp16.onnx,6674,MatMul,"inputs=[46, 4, 46, 46], [46, 4, 46, 32] -> outputs=[46, 4, 46, 32]",4584914944
trunk_fp16.onnx,6678,MatMul,"inputs=[46, 46, 128], [128, 128] -> outputs=[46, 46, 128]",69337088
trunk_fp16.onnx,6688,MatMul,"inputs=[1, 46, 46, 128], [128, 4] -> outputs=[1, 46, 46, 4]",2166784
trunk_fp16.onnx,6693,MatMul,"inputs=[46, 46, 128], [128, 128] -> outputs=[46, 46, 128]",69337088
trunk_fp16.onnx,6694,MatMul,"inputs=[46, 46, 128], [128, 128] -> outputs=[46, 46, 128]",69337088
trunk_fp16.onnx,6695,MatMul,"inputs=[46, 46, 128], [128, 128] -> outputs=[46, 46, 128]",69337088
trunk_fp16.onnx,6705,MatMul,"inputs=[46, 4, 46, 32], [46, 4, 32, 46] -> outputs=[46, 4, 46, 46]",4584914944
trunk_fp16.onnx,6708,MatMul,"inputs=[46, 46, 128], [128, 128] -> outputs=[46, 46, 128]",69337088
trunk_fp16.onnx,6712,Softmax,"inputs=[46, 4, 46, 46] -> outputs=[46, 4, 46, 46]",1946720
trunk_fp16.onnx,6714,MatMul,"inputs=[46, 4, 46, 46], [46, 4, 46, 32] -> outputs=[46, 4, 46, 32]",4584914944
trunk_fp16.onnx,6718,MatMul,"inputs=[46, 46, 128], [128, 128] -> outputs=[46, 46, 128]",69337088
trunk_fp16.onnx,6728,MatMul,"inputs=[1, 46, 46, 128], [128, 512] -> outputs=[1, 46, 46, 512]",277348352
trunk_fp16.onnx,6731,MatMul,"inputs=[1, 46, 46, 128], [128, 512] -> outputs=[1, 46, 46, 512]",277348352
trunk_fp16.onnx,6733,MatMul,"inputs=[1, 46, 46, 512], [512, 128] -> outputs=[1, 46, 46, 128]",277348352
trunk_fp16.onnx,6740,MatMul,"inputs=[1, 46, 384], [384, 384] -> outputs=[1, 46, 384]",13565952
trunk_fp16.onnx,6743,MatMul,"inputs=[1, 46, 384], [384, 384] -> outputs=[1, 46, 384]",13565952
trunk_fp16.onnx,6745,MatMul,"inputs=[1, 46, 384], [384, 384] -> outputs=[1, 46, 384]",13565952
trunk_fp16.onnx,6747,MatMul,"inputs=[1, 46, 384], [384, 384] -> outputs=[1, 46, 384]",13565952
trunk_fp16.onnx,6749,Einsum,"inputs=[1, 46, 16, 24], [1, 46, 16, 24] -> outputs=[1, 16, 46, 46]",1625088
trunk_fp16.onnx,6756,MatMul,"inputs=[1, 46, 46, 128], [128, 16] -> outputs=[1, 46, 46, 16]",8667136
trunk_fp16.onnx,6764,Softmax,"inputs=[1, 16, 46, 46] -> outputs=[1, 16, 46, 46]",169280
trunk_fp16.onnx,6766,Einsum,"inputs=[1, 16, 46, 46], [1, 46, 16, 24] -> outputs=[1, 46, 16, 24]",1625088
trunk_fp16.onnx,6769,MatMul,"inputs=[1, 46, 384], [384, 384] -> outputs=[1, 46, 384]",13565952
trunk_fp16.onnx,6776,MatMul,"inputs=[1, 46, 384], [384, 1536] -> outputs=[1, 46, 1536]",54263808
trunk_fp16.onnx,6779,MatMul,"inputs=[1, 46, 384], [384, 1536] -> outputs=[1, 46, 1536]",54263808
trunk_fp16.onnx,6781,MatMul,"inputs=[1, 46, 1536], [1536, 384] -> outputs=[1, 46, 384]",54263808
trunk_fp16.onnx,6788,MatMul,"inputs=[1, 46, 46, 128], [128, 256] -> outputs=[1, 46, 46, 256]",138674176
trunk_fp16.onnx,6789,MatMul,"inputs=[1, 46, 46, 128], [128, 256] -> outputs=[1, 46, 46, 256]",138674176
trunk_fp16.onnx,6794,Einsum,"inputs=[1, 46, 46, 128], [1, 46, 46, 128] -> outputs=[1, 46, 46, 128]",24918016
trunk_fp16.onnx,6795,MatMul,"inputs=[1, 46, 46, 128], [128, 128] -> outputs=[1, 46, 46, 128]",69337088
trunk_fp16.onnx,6802,MatMul,"inputs=[1, 46, 46, 128], [128, 128] -> outputs=[1, 46, 46, 128]",69337088
trunk_fp16.onnx,6811,MatMul,"inputs=[1, 46, 46, 128], [128, 256] -> outputs=[1, 46, 46, 256]",138674176
trunk_fp16.onnx,6812,MatMul,"inputs=[1, 46, 46, 128], [128, 256] -> outputs=[1, 46, 46, 256]",138674176
trunk_fp16.onnx,6817,Einsum,"inputs=[1, 46, 46, 128], [1, 46, 46, 128] -> outputs=[1, 46, 46, 128]",24918016
trunk_fp16.onnx,6818,MatMul,"inputs=[1, 46, 46, 128], [128, 128] -> outputs=[1, 46, 46, 128]",69337088
trunk_fp16.onnx,6825,MatMul,"inputs=[1, 46, 46, 128], [128, 128] -> outputs=[1, 46, 46, 128]",69337088
trunk_fp16.onnx,6834,MatMul,"inputs=[1, 46, 46, 128], [128, 4] -> outputs=[1, 46, 46, 4]",2166784
trunk_fp16.onnx,6839,MatMul,"inputs=[46, 46, 128], [128, 128] -> outputs=[46, 46, 128]",69337088
trunk_fp16.onnx,6840,MatMul,"inputs=[46, 46, 128], [128, 128] -> outputs=[46, 46, 128]",69337088
trunk_fp16.onnx,6841,MatMul,"inputs=[46, 46, 128], [128, 128] -> outputs=[46, 46, 128]",69337088
trunk_fp16.onnx,6851,MatMul,"inputs=[46, 4, 46, 32], [46, 4, 32, 46] -> outputs=[46, 4, 46, 46]",4584914944
trunk_fp16.onnx,6854,MatMul,"inputs=[46, 46, 128], [128, 128] -> outputs=[46, 46, 128]",69337088
trunk_fp16.onnx,6858,Softmax,"inputs=[46, 4, 46, 46] -> outputs=[46, 4, 46, 46]",1946720
trunk_fp16.onnx,6860,MatMul,"inputs=[46, 4, 46, 46], [46, 4, 46, 32] -> outputs=[46, 4, 46, 32]",4584914944
trunk_fp16.onnx,6864,MatMul,"inputs=[46, 46, 128], [128, 128] -> outputs=[46, 46, 128]",69337088
trunk_fp16.onnx,6874,MatMul,"inputs=[1, 46, 46, 128], [128, 4] -> outputs=[1, 46, 46, 4]",2166784
trunk_fp16.onnx,6879,MatMul,"inputs=[46, 46, 128], [128, 128] -> outputs=[46, 46, 128]",69337088
trunk_fp16.onnx,6880,MatMul,"inputs=[46, 46, 128], [128, 128] -> outputs=[46, 46, 128]",69337088
trunk_fp16.onnx,6881,MatMul,"inputs=[46, 46, 128], [128, 128] -> outputs=[46, 46, 128]",69337088
trunk_fp16.onnx,6891,MatMul,"inputs=[46, 4, 46, 32], [46, 4, 32, 46] -> outputs=[46, 4, 46, 46]",4584914944
trunk_fp16.onnx,6894,MatMul,"inputs=[46, 46, 128], [128, 128] -> outputs=[46, 46, 128]",69337088
trunk_fp16.onnx,6898,Softmax,"inputs=[46, 4, 46, 46] -> outputs=[46, 4, 46, 46]",1946720
trunk_fp16.onnx,6900,MatMul,"inputs=[46, 4, 46, 46], [46, 4, 46, 32] -> outputs=[46, 4, 46, 32]",4584914944
trunk_fp16.onnx,6904,MatMul,"inputs=[46, 46, 128], [128, 128] -> outputs=[46, 46, 128]",69337088
trunk_fp16.onnx,6914,MatMul,"inputs=[1, 46, 46, 128], [128, 512] -> outputs=[1, 46, 46, 512]",277348352
trunk_fp16.onnx,6917,MatMul,"inputs=[1, 46, 46, 128], [128, 512] -> outputs=[1, 46, 46, 512]",277348352
trunk_fp16.onnx,6919,MatMul,"inputs=[1, 46, 46, 512], [512, 128] -> outputs=[1, 46, 46, 128]",277348352
trunk_fp16.onnx,6926,MatMul,"inputs=[1, 46, 384], [384, 384] -> outputs=[1, 46, 384]",13565952
trunk_fp16.onnx,6929,MatMul,"inputs=[1, 46, 384], [384, 384] -> outputs=[1, 46, 384]",13565952
trunk_fp16.onnx,6931,MatMul,"inputs=[1, 46, 384], [384, 384] -> outputs=[1, 46, 384]",13565952
trunk_fp16.onnx,6933,MatMul,"inputs=[1, 46, 384], [384, 384] -> outputs=[1, 46, 384]",13565952
trunk_fp16.onnx,6935,Einsum,"inputs=[1, 46, 16, 24], [1, 46, 16, 24] -> outputs=[1, 16, 46, 46]",1625088
trunk_fp16.onnx,6942,MatMul,"inputs=[1, 46, 46, 128], [128, 16] -> outputs=[1, 46, 46, 16]",8667136
trunk_fp16.onnx,6950,Softmax,"inputs=[1, 16, 46, 46] -> outputs=[1, 16, 46, 46]",169280
trunk_fp16.onnx,6952,Einsum,"inputs=[1, 16, 46, 46], [1, 46, 16, 24] -> outputs=[1, 46, 16, 24]",1625088
trunk_fp16.onnx,6955,MatMul,"inputs=[1, 46, 384], [384, 384] -> outputs=[1, 46, 384]",13565952
trunk_fp16.onnx,6962,MatMul,"inputs=[1, 46, 384], [384, 1536] -> outputs=[1, 46, 1536]",54263808
trunk_fp16.onnx,6965,MatMul,"inputs=[1, 46, 384], [384, 1536] -> outputs=[1, 46, 1536]",54263808
trunk_fp16.onnx,6967,MatMul,"inputs=[1, 46, 1536], [1536, 384] -> outputs=[1, 46, 384]",54263808
trunk_fp16.onnx,6974,MatMul,"inputs=[1, 46, 46, 128], [128, 256] -> outputs=[1, 46, 46, 256]",138674176
trunk_fp16.onnx,6975,MatMul,"inputs=[1, 46, 46, 128], [128, 256] -> outputs=[1, 46, 46, 256]",138674176
trunk_fp16.onnx,6980,Einsum,"inputs=[1, 46, 46, 128], [1, 46, 46, 128] -> outputs=[1, 46, 46, 128]",24918016
trunk_fp16.onnx,6981,MatMul,"inputs=[1, 46, 46, 128], [128, 128] -> outputs=[1, 46, 46, 128]",69337088
trunk_fp16.onnx,6988,MatMul,"inputs=[1, 46, 46, 128], [128, 128] -> outputs=[1, 46, 46, 128]",69337088
trunk_fp16.onnx,6997,MatMul,"inputs=[1, 46, 46, 128], [128, 256] -> outputs=[1, 46, 46, 256]",138674176
trunk_fp16.onnx,6998,MatMul,"inputs=[1, 46, 46, 128], [128, 256] -> outputs=[1, 46, 46, 256]",138674176
trunk_fp16.onnx,7003,Einsum,"inputs=[1, 46, 46, 128], [1, 46, 46, 128] -> outputs=[1, 46, 46, 128]",24918016
trunk_fp16.onnx,7004,MatMul,"inputs=[1, 46, 46, 128], [128, 128] -> outputs=[1, 46, 46, 128]",69337088
trunk_fp16.onnx,7011,MatMul,"inputs=[1, 46, 46, 128], [128, 128] -> outputs=[1, 46, 46, 128]",69337088
trunk_fp16.onnx,7020,MatMul,"inputs=[1, 46, 46, 128], [128, 4] -> outputs=[1, 46, 46, 4]",2166784
trunk_fp16.onnx,7025,MatMul,"inputs=[46, 46, 128], [128, 128] -> outputs=[46, 46, 128]",69337088
trunk_fp16.onnx,7026,MatMul,"inputs=[46, 46, 128], [128, 128] -> outputs=[46, 46, 128]",69337088
trunk_fp16.onnx,7027,MatMul,"inputs=[46, 46, 128], [128, 128] -> outputs=[46, 46, 128]",69337088
trunk_fp16.onnx,7037,MatMul,"inputs=[46, 4, 46, 32], [46, 4, 32, 46] -> outputs=[46, 4, 46, 46]",4584914944
trunk_fp16.onnx,7040,MatMul,"inputs=[46, 46, 128], [128, 128] -> outputs=[46, 46, 128]",69337088
trunk_fp16.onnx,7044,Softmax,"inputs=[46, 4, 46, 46] -> outputs=[46, 4, 46, 46]",1946720
trunk_fp16.onnx,7046,MatMul,"inputs=[46, 4, 46, 46], [46, 4, 46, 32] -> outputs=[46, 4, 46, 32]",4584914944
trunk_fp16.onnx,7050,MatMul,"inputs=[46, 46, 128], [128, 128] -> outputs=[46, 46, 128]",69337088
trunk_fp16.onnx,7060,MatMul,"inputs=[1, 46, 46, 128], [128, 4] -> outputs=[1, 46, 46, 4]",2166784
trunk_fp16.onnx,7065,MatMul,"inputs=[46, 46, 128], [128, 128] -> outputs=[46, 46, 128]",69337088
trunk_fp16.onnx,7066,MatMul,"inputs=[46, 46, 128], [128, 128] -> outputs=[46, 46, 128]",69337088
trunk_fp16.onnx,7067,MatMul,"inputs=[46, 46, 128], [128, 128] -> outputs=[46, 46, 128]",69337088
trunk_fp16.onnx,7077,MatMul,"inputs=[46, 4, 46, 32], [46, 4, 32, 46] -> outputs=[46, 4, 46, 46]",4584914944
trunk_fp16.onnx,7080,MatMul,"inputs=[46, 46, 128], [128, 128] -> outputs=[46, 46, 128]",69337088
trunk_fp16.onnx,7084,Softmax,"inputs=[46, 4, 46, 46] -> outputs=[46, 4, 46, 46]",1946720
trunk_fp16.onnx,7086,MatMul,"inputs=[46, 4, 46, 46], [46, 4, 46, 32] -> outputs=[46, 4, 46, 32]",4584914944
trunk_fp16.onnx,7090,MatMul,"inputs=[46, 46, 128], [128, 128] -> outputs=[46, 46, 128]",69337088
trunk_fp16.onnx,7100,MatMul,"inputs=[1, 46, 46, 128], [128, 512] -> outputs=[1, 46, 46, 512]",277348352
trunk_fp16.onnx,7103,MatMul,"inputs=[1, 46, 46, 128], [128, 512] -> outputs=[1, 46, 46, 512]",277348352
trunk_fp16.onnx,7105,MatMul,"inputs=[1, 46, 46, 512], [512, 128] -> outputs=[1, 46, 46, 128]",277348352
trunk_fp16.onnx,7112,MatMul,"inputs=[1, 46, 384], [384, 384] -> outputs=[1, 46, 384]",13565952
trunk_fp16.onnx,7115,MatMul,"inputs=[1, 46, 384], [384, 384] -> outputs=[1, 46, 384]",13565952
trunk_fp16.onnx,7117,MatMul,"inputs=[1, 46, 384], [384, 384] -> outputs=[1, 46, 384]",13565952
trunk_fp16.onnx,7119,MatMul,"inputs=[1, 46, 384], [384, 384] -> outputs=[1, 46, 384]",13565952
trunk_fp16.onnx,7121,Einsum,"inputs=[1, 46, 16, 24], [1, 46, 16, 24] -> outputs=[1, 16, 46, 46]",1625088
trunk_fp16.onnx,7128,MatMul,"inputs=[1, 46, 46, 128], [128, 16] -> outputs=[1, 46, 46, 16]",8667136
trunk_fp16.onnx,7136,Softmax,"inputs=[1, 16, 46, 46] -> outputs=[1, 16, 46, 46]",169280
trunk_fp16.onnx,7138,Einsum,"inputs=[1, 16, 46, 46], [1, 46, 16, 24] -> outputs=[1, 46, 16, 24]",1625088
trunk_fp16.onnx,7141,MatMul,"inputs=[1, 46, 384], [384, 384] -> outputs=[1, 46, 384]",13565952
trunk_fp16.onnx,7148,MatMul,"inputs=[1, 46, 384], [384, 1536] -> outputs=[1, 46, 1536]",54263808
trunk_fp16.onnx,7151,MatMul,"inputs=[1, 46, 384], [384, 1536] -> outputs=[1, 46, 1536]",54263808
trunk_fp16.onnx,7153,MatMul,"inputs=[1, 46, 1536], [1536, 384] -> outputs=[1, 46, 384]",54263808
trunk_fp16.onnx,7160,MatMul,"inputs=[1, 46, 46, 128], [128, 256] -> outputs=[1, 46, 46, 256]",138674176
trunk_fp16.onnx,7161,MatMul,"inputs=[1, 46, 46, 128], [128, 256] -> outputs=[1, 46, 46, 256]",138674176
trunk_fp16.onnx,7166,Einsum,"inputs=[1, 46, 46, 128], [1, 46, 46, 128] -> outputs=[1, 46, 46, 128]",24918016
trunk_fp16.onnx,7167,MatMul,"inputs=[1, 46, 46, 128], [128, 128] -> outputs=[1, 46, 46, 128]",69337088
trunk_fp16.onnx,7174,MatMul,"inputs=[1, 46, 46, 128], [128, 128] -> outputs=[1, 46, 46, 128]",69337088
trunk_fp16.onnx,7183,MatMul,"inputs=[1, 46, 46, 128], [128, 256] -> outputs=[1, 46, 46, 256]",138674176
trunk_fp16.onnx,7184,MatMul,"inputs=[1, 46, 46, 128], [128, 256] -> outputs=[1, 46, 46, 256]",138674176
trunk_fp16.onnx,7189,Einsum,"inputs=[1, 46, 46, 128], [1, 46, 46, 128] -> outputs=[1, 46, 46, 128]",24918016
trunk_fp16.onnx,7190,MatMul,"inputs=[1, 46, 46, 128], [128, 128] -> outputs=[1, 46, 46, 128]",69337088
trunk_fp16.onnx,7197,MatMul,"inputs=[1, 46, 46, 128], [128, 128] -> outputs=[1, 46, 46, 128]",69337088
trunk_fp16.onnx,7206,MatMul,"inputs=[1, 46, 46, 128], [128, 4] -> outputs=[1, 46, 46, 4]",2166784
trunk_fp16.onnx,7211,MatMul,"inputs=[46, 46, 128], [128, 128] -> outputs=[46, 46, 128]",69337088
trunk_fp16.onnx,7212,MatMul,"inputs=[46, 46, 128], [128, 128] -> outputs=[46, 46, 128]",69337088
trunk_fp16.onnx,7213,MatMul,"inputs=[46, 46, 128], [128, 128] -> outputs=[46, 46, 128]",69337088
trunk_fp16.onnx,7223,MatMul,"inputs=[46, 4, 46, 32], [46, 4, 32, 46] -> outputs=[46, 4, 46, 46]",4584914944
trunk_fp16.onnx,7226,MatMul,"inputs=[46, 46, 128], [128, 128] -> outputs=[46, 46, 128]",69337088
trunk_fp16.onnx,7230,Softmax,"inputs=[46, 4, 46, 46] -> outputs=[46, 4, 46, 46]",1946720
trunk_fp16.onnx,7232,MatMul,"inputs=[46, 4, 46, 46], [46, 4, 46, 32] -> outputs=[46, 4, 46, 32]",4584914944
trunk_fp16.onnx,7236,MatMul,"inputs=[46, 46, 128], [128, 128] -> outputs=[46, 46, 128]",69337088
trunk_fp16.onnx,7246,MatMul,"inputs=[1, 46, 46, 128], [128, 4] -> outputs=[1, 46, 46, 4]",2166784
trunk_fp16.onnx,7251,MatMul,"inputs=[46, 46, 128], [128, 128] -> outputs=[46, 46, 128]",69337088
trunk_fp16.onnx,7252,MatMul,"inputs=[46, 46, 128], [128, 128] -> outputs=[46, 46, 128]",69337088
trunk_fp16.onnx,7253,MatMul,"inputs=[46, 46, 128], [128, 128] -> outputs=[46, 46, 128]",69337088
trunk_fp16.onnx,7263,MatMul,"inputs=[46, 4, 46, 32], [46, 4, 32, 46] -> outputs=[46, 4, 46, 46]",4584914944
trunk_fp16.onnx,7266,MatMul,"inputs=[46, 46, 128], [128, 128] -> outputs=[46, 46, 128]",69337088
trunk_fp16.onnx,7270,Softmax,"inputs=[46, 4, 46, 46] -> outputs=[46, 4, 46, 46]",1946720
trunk_fp16.onnx,7272,MatMul,"inputs=[46, 4, 46, 46], [46, 4, 46, 32] -> outputs=[46, 4, 46, 32]",4584914944
trunk_fp16.onnx,7276,MatMul,"inputs=[46, 46, 128], [128, 128] -> outputs=[46, 46, 128]",69337088
trunk_fp16.onnx,7286,MatMul,"inputs=[1, 46, 46, 128], [128, 512] -> outputs=[1, 46, 46, 512]",277348352
trunk_fp16.onnx,7289,MatMul,"inputs=[1, 46, 46, 128], [128, 512] -> outputs=[1, 46, 46, 512]",277348352
trunk_fp16.onnx,7291,MatMul,"inputs=[1, 46, 46, 512], [512, 128] -> outputs=[1, 46, 46, 128]",277348352
trunk_fp16.onnx,7298,MatMul,"inputs=[1, 46, 384], [384, 384] -> outputs=[1, 46, 384]",13565952
trunk_fp16.onnx,7301,MatMul,"inputs=[1, 46, 384], [384, 384] -> outputs=[1, 46, 384]",13565952
trunk_fp16.onnx,7303,MatMul,"inputs=[1, 46, 384], [384, 384] -> outputs=[1, 46, 384]",13565952
trunk_fp16.onnx,7305,MatMul,"inputs=[1, 46, 384], [384, 384] -> outputs=[1, 46, 384]",13565952
trunk_fp16.onnx,7307,Einsum,"inputs=[1, 46, 16, 24], [1, 46, 16, 24] -> outputs=[1, 16, 46, 46]",1625088
trunk_fp16.onnx,7314,MatMul,"inputs=[1, 46, 46, 128], [128, 16] -> outputs=[1, 46, 46, 16]",8667136
trunk_fp16.onnx,7322,Softmax,"inputs=[1, 16, 46, 46] -> outputs=[1, 16, 46, 46]",169280
trunk_fp16.onnx,7324,Einsum,"inputs=[1, 16, 46, 46], [1, 46, 16, 24] -> outputs=[1, 46, 16, 24]",1625088
trunk_fp16.onnx,7327,MatMul,"inputs=[1, 46, 384], [384, 384] -> outputs=[1, 46, 384]",13565952
trunk_fp16.onnx,7334,MatMul,"inputs=[1, 46, 384], [384, 1536] -> outputs=[1, 46, 1536]",54263808
trunk_fp16.onnx,7337,MatMul,"inputs=[1, 46, 384], [384, 1536] -> outputs=[1, 46, 1536]",54263808
trunk_fp16.onnx,7339,MatMul,"inputs=[1, 46, 1536], [1536, 384] -> outputs=[1, 46, 384]",54263808
trunk_fp16.onnx,7346,MatMul,"inputs=[1, 46, 46, 128], [128, 256] -> outputs=[1, 46, 46, 256]",138674176
trunk_fp16.onnx,7347,MatMul,"inputs=[1, 46, 46, 128], [128, 256] -> outputs=[1, 46, 46, 256]",138674176
trunk_fp16.onnx,7352,Einsum,"inputs=[1, 46, 46, 128], [1, 46, 46, 128] -> outputs=[1, 46, 46, 128]",24918016
trunk_fp16.onnx,7353,MatMul,"inputs=[1, 46, 46, 128], [128, 128] -> outputs=[1, 46, 46, 128]",69337088
trunk_fp16.onnx,7360,MatMul,"inputs=[1, 46, 46, 128], [128, 128] -> outputs=[1, 46, 46, 128]",69337088
trunk_fp16.onnx,7369,MatMul,"inputs=[1, 46, 46, 128], [128, 256] -> outputs=[1, 46, 46, 256]",138674176
trunk_fp16.onnx,7370,MatMul,"inputs=[1, 46, 46, 128], [128, 256] -> outputs=[1, 46, 46, 256]",138674176
trunk_fp16.onnx,7375,Einsum,"inputs=[1, 46, 46, 128], [1, 46, 46, 128] -> outputs=[1, 46, 46, 128]",24918016
trunk_fp16.onnx,7376,MatMul,"inputs=[1, 46, 46, 128], [128, 128] -> outputs=[1, 46, 46, 128]",69337088
trunk_fp16.onnx,7383,MatMul,"inputs=[1, 46, 46, 128], [128, 128] -> outputs=[1, 46, 46, 128]",69337088
trunk_fp16.onnx,7392,MatMul,"inputs=[1, 46, 46, 128], [128, 4] -> outputs=[1, 46, 46, 4]",2166784
trunk_fp16.onnx,7397,MatMul,"inputs=[46, 46, 128], [128, 128] -> outputs=[46, 46, 128]",69337088
trunk_fp16.onnx,7398,MatMul,"inputs=[46, 46, 128], [128, 128] -> outputs=[46, 46, 128]",69337088
trunk_fp16.onnx,7399,MatMul,"inputs=[46, 46, 128], [128, 128] -> outputs=[46, 46, 128]",69337088
trunk_fp16.onnx,7409,MatMul,"inputs=[46, 4, 46, 32], [46, 4, 32, 46] -> outputs=[46, 4, 46, 46]",4584914944
trunk_fp16.onnx,7412,MatMul,"inputs=[46, 46, 128], [128, 128] -> outputs=[46, 46, 128]",69337088
trunk_fp16.onnx,7416,Softmax,"inputs=[46, 4, 46, 46] -> outputs=[46, 4, 46, 46]",1946720
trunk_fp16.onnx,7418,MatMul,"inputs=[46, 4, 46, 46], [46, 4, 46, 32] -> outputs=[46, 4, 46, 32]",4584914944
trunk_fp16.onnx,7422,MatMul,"inputs=[46, 46, 128], [128, 128] -> outputs=[46, 46, 128]",69337088
trunk_fp16.onnx,7432,MatMul,"inputs=[1, 46, 46, 128], [128, 4] -> outputs=[1, 46, 46, 4]",2166784
trunk_fp16.onnx,7437,MatMul,"inputs=[46, 46, 128], [128, 128] -> outputs=[46, 46, 128]",69337088
trunk_fp16.onnx,7438,MatMul,"inputs=[46, 46, 128], [128, 128] -> outputs=[46, 46, 128]",69337088
trunk_fp16.onnx,7439,MatMul,"inputs=[46, 46, 128], [128, 128] -> outputs=[46, 46, 128]",69337088
trunk_fp16.onnx,7449,MatMul,"inputs=[46, 4, 46, 32], [46, 4, 32, 46] -> outputs=[46, 4, 46, 46]",4584914944
trunk_fp16.onnx,7452,MatMul,"inputs=[46, 46, 128], [128, 128] -> outputs=[46, 46, 128]",69337088
trunk_fp16.onnx,7456,Softmax,"inputs=[46, 4, 46, 46] -> outputs=[46, 4, 46, 46]",1946720
trunk_fp16.onnx,7458,MatMul,"inputs=[46, 4, 46, 46], [46, 4, 46, 32] -> outputs=[46, 4, 46, 32]",4584914944
trunk_fp16.onnx,7462,MatMul,"inputs=[46, 46, 128], [128, 128] -> outputs=[46, 46, 128]",69337088
trunk_fp16.onnx,7472,MatMul,"inputs=[1, 46, 46, 128], [128, 512] -> outputs=[1, 46, 46, 512]",277348352
trunk_fp16.onnx,7475,MatMul,"inputs=[1, 46, 46, 128], [128, 512] -> outputs=[1, 46, 46, 512]",277348352
trunk_fp16.onnx,7477,MatMul,"inputs=[1, 46, 46, 512], [512, 128] -> outputs=[1, 46, 46, 128]",277348352
trunk_fp16.onnx,7484,MatMul,"inputs=[1, 46, 384], [384, 384] -> outputs=[1, 46, 384]",13565952
trunk_fp16.onnx,7487,MatMul,"inputs=[1, 46, 384], [384, 384] -> outputs=[1, 46, 384]",13565952
trunk_fp16.onnx,7489,MatMul,"inputs=[1, 46, 384], [384, 384] -> outputs=[1, 46, 384]",13565952
trunk_fp16.onnx,7491,MatMul,"inputs=[1, 46, 384], [384, 384] -> outputs=[1, 46, 384]",13565952
trunk_fp16.onnx,7493,Einsum,"inputs=[1, 46, 16, 24], [1, 46, 16, 24] -> outputs=[1, 16, 46, 46]",1625088
trunk_fp16.onnx,7500,MatMul,"inputs=[1, 46, 46, 128], [128, 16] -> outputs=[1, 46, 46, 16]",8667136
trunk_fp16.onnx,7508,Softmax,"inputs=[1, 16, 46, 46] -> outputs=[1, 16, 46, 46]",169280
trunk_fp16.onnx,7510,Einsum,"inputs=[1, 16, 46, 46], [1, 46, 16, 24] -> outputs=[1, 46, 16, 24]",1625088
trunk_fp16.onnx,7513,MatMul,"inputs=[1, 46, 384], [384, 384] -> outputs=[1, 46, 384]",13565952
trunk_fp16.onnx,7520,MatMul,"inputs=[1, 46, 384], [384, 1536] -> outputs=[1, 46, 1536]",54263808
trunk_fp16.onnx,7523,MatMul,"inputs=[1, 46, 384], [384, 1536] -> outputs=[1, 46, 1536]",54263808
trunk_fp16.onnx,7525,MatMul,"inputs=[1, 46, 1536], [1536, 384] -> outputs=[1, 46, 384]",54263808
trunk_fp16.onnx,7532,MatMul,"inputs=[1, 46, 46, 128], [128, 256] -> outputs=[1, 46, 46, 256]",138674176
trunk_fp16.onnx,7533,MatMul,"inputs=[1, 46, 46, 128], [128, 256] -> outputs=[1, 46, 46, 256]",138674176
trunk_fp16.onnx,7538,Einsum,"inputs=[1, 46, 46, 128], [1, 46, 46, 128] -> outputs=[1, 46, 46, 128]",24918016
trunk_fp16.onnx,7539,MatMul,"inputs=[1, 46, 46, 128], [128, 128] -> outputs=[1, 46, 46, 128]",69337088
trunk_fp16.onnx,7546,MatMul,"inputs=[1, 46, 46, 128], [128, 128] -> outputs=[1, 46, 46, 128]",69337088
trunk_fp16.onnx,7555,MatMul,"inputs=[1, 46, 46, 128], [128, 256] -> outputs=[1, 46, 46, 256]",138674176
trunk_fp16.onnx,7556,MatMul,"inputs=[1, 46, 46, 128], [128, 256] -> outputs=[1, 46, 46, 256]",138674176
trunk_fp16.onnx,7561,Einsum,"inputs=[1, 46, 46, 128], [1, 46, 46, 128] -> outputs=[1, 46, 46, 128]",24918016
trunk_fp16.onnx,7562,MatMul,"inputs=[1, 46, 46, 128], [128, 128] -> outputs=[1, 46, 46, 128]",69337088
trunk_fp16.onnx,7569,MatMul,"inputs=[1, 46, 46, 128], [128, 128] -> outputs=[1, 46, 46, 128]",69337088
trunk_fp16.onnx,7578,MatMul,"inputs=[1, 46, 46, 128], [128, 4] -> outputs=[1, 46, 46, 4]",2166784
trunk_fp16.onnx,7583,MatMul,"inputs=[46, 46, 128], [128, 128] -> outputs=[46, 46, 128]",69337088
trunk_fp16.onnx,7584,MatMul,"inputs=[46, 46, 128], [128, 128] -> outputs=[46, 46, 128]",69337088
trunk_fp16.onnx,7585,MatMul,"inputs=[46, 46, 128], [128, 128] -> outputs=[46, 46, 128]",69337088
trunk_fp16.onnx,7595,MatMul,"inputs=[46, 4, 46, 32], [46, 4, 32, 46] -> outputs=[46, 4, 46, 46]",4584914944
trunk_fp16.onnx,7598,MatMul,"inputs=[46, 46, 128], [128, 128] -> outputs=[46, 46, 128]",69337088
trunk_fp16.onnx,7602,Softmax,"inputs=[46, 4, 46, 46] -> outputs=[46, 4, 46, 46]",1946720
trunk_fp16.onnx,7604,MatMul,"inputs=[46, 4, 46, 46], [46, 4, 46, 32] -> outputs=[46, 4, 46, 32]",4584914944
trunk_fp16.onnx,7608,MatMul,"inputs=[46, 46, 128], [128, 128] -> outputs=[46, 46, 128]",69337088
trunk_fp16.onnx,7618,MatMul,"inputs=[1, 46, 46, 128], [128, 4] -> outputs=[1, 46, 46, 4]",2166784
trunk_fp16.onnx,7623,MatMul,"inputs=[46, 46, 128], [128, 128] -> outputs=[46, 46, 128]",69337088
trunk_fp16.onnx,7624,MatMul,"inputs=[46, 46, 128], [128, 128] -> outputs=[46, 46, 128]",69337088
trunk_fp16.onnx,7625,MatMul,"inputs=[46, 46, 128], [128, 128] -> outputs=[46, 46, 128]",69337088
trunk_fp16.onnx,7635,MatMul,"inputs=[46, 4, 46, 32], [46, 4, 32, 46] -> outputs=[46, 4, 46, 46]",4584914944
trunk_fp16.onnx,7638,MatMul,"inputs=[46, 46, 128], [128, 128] -> outputs=[46, 46, 128]",69337088
trunk_fp16.onnx,7642,Softmax,"inputs=[46, 4, 46, 46] -> outputs=[46, 4, 46, 46]",1946720
trunk_fp16.onnx,7644,MatMul,"inputs=[46, 4, 46, 46], [46, 4, 46, 32] -> outputs=[46, 4, 46, 32]",4584914944
trunk_fp16.onnx,7648,MatMul,"inputs=[46, 46, 128], [128, 128] -> outputs=[46, 46, 128]",69337088
trunk_fp16.onnx,7658,MatMul,"inputs=[1, 46, 46, 128], [128, 512] -> outputs=[1, 46, 46, 512]",277348352
trunk_fp16.onnx,7661,MatMul,"inputs=[1, 46, 46, 128], [128, 512] -> outputs=[1, 46, 46, 512]",277348352
trunk_fp16.onnx,7663,MatMul,"inputs=[1, 46, 46, 512], [512, 128] -> outputs=[1, 46, 46, 128]",277348352
trunk_fp16.onnx,7670,MatMul,"inputs=[1, 46, 384], [384, 384] -> outputs=[1, 46, 384]",13565952
trunk_fp16.onnx,7673,MatMul,"inputs=[1, 46, 384], [384, 384] -> outputs=[1, 46, 384]",13565952
trunk_fp16.onnx,7675,MatMul,"inputs=[1, 46, 384], [384, 384] -> outputs=[1, 46, 384]",13565952
trunk_fp16.onnx,7677,MatMul,"inputs=[1, 46, 384], [384, 384] -> outputs=[1, 46, 384]",13565952
trunk_fp16.onnx,7679,Einsum,"inputs=[1, 46, 16, 24], [1, 46, 16, 24] -> outputs=[1, 16, 46, 46]",1625088
trunk_fp16.onnx,7686,MatMul,"inputs=[1, 46, 46, 128], [128, 16] -> outputs=[1, 46, 46, 16]",8667136
trunk_fp16.onnx,7694,Softmax,"inputs=[1, 16, 46, 46] -> outputs=[1, 16, 46, 46]",169280
trunk_fp16.onnx,7696,Einsum,"inputs=[1, 16, 46, 46], [1, 46, 16, 24] -> outputs=[1, 46, 16, 24]",1625088
trunk_fp16.onnx,7699,MatMul,"inputs=[1, 46, 384], [384, 384] -> outputs=[1, 46, 384]",13565952
trunk_fp16.onnx,7706,MatMul,"inputs=[1, 46, 384], [384, 1536] -> outputs=[1, 46, 1536]",54263808
trunk_fp16.onnx,7709,MatMul,"inputs=[1, 46, 384], [384, 1536] -> outputs=[1, 46, 1536]",54263808
trunk_fp16.onnx,7711,MatMul,"inputs=[1, 46, 1536], [1536, 384] -> outputs=[1, 46, 384]",54263808
trunk_fp16.onnx,7718,MatMul,"inputs=[1, 46, 46, 128], [128, 256] -> outputs=[1, 46, 46, 256]",138674176
trunk_fp16.onnx,7719,MatMul,"inputs=[1, 46, 46, 128], [128, 256] -> outputs=[1, 46, 46, 256]",138674176
trunk_fp16.onnx,7724,Einsum,"inputs=[1, 46, 46, 128], [1, 46, 46, 128] -> outputs=[1, 46, 46, 128]",24918016
trunk_fp16.onnx,7725,MatMul,"inputs=[1, 46, 46, 128], [128, 128] -> outputs=[1, 46, 46, 128]",69337088
trunk_fp16.onnx,7732,MatMul,"inputs=[1, 46, 46, 128], [128, 128] -> outputs=[1, 46, 46, 128]",69337088
trunk_fp16.onnx,7741,MatMul,"inputs=[1, 46, 46, 128], [128, 256] -> outputs=[1, 46, 46, 256]",138674176
trunk_fp16.onnx,7742,MatMul,"inputs=[1, 46, 46, 128], [128, 256] -> outputs=[1, 46, 46, 256]",138674176
trunk_fp16.onnx,7747,Einsum,"inputs=[1, 46, 46, 128], [1, 46, 46, 128] -> outputs=[1, 46, 46, 128]",24918016
trunk_fp16.onnx,7748,MatMul,"inputs=[1, 46, 46, 128], [128, 128] -> outputs=[1, 46, 46, 128]",69337088
trunk_fp16.onnx,7755,MatMul,"inputs=[1, 46, 46, 128], [128, 128] -> outputs=[1, 46, 46, 128]",69337088
trunk_fp16.onnx,7764,MatMul,"inputs=[1, 46, 46, 128], [128, 4] -> outputs=[1, 46, 46, 4]",2166784
trunk_fp16.onnx,7769,MatMul,"inputs=[46, 46, 128], [128, 128] -> outputs=[46, 46, 128]",69337088
trunk_fp16.onnx,7770,MatMul,"inputs=[46, 46, 128], [128, 128] -> outputs=[46, 46, 128]",69337088
trunk_fp16.onnx,7771,MatMul,"inputs=[46, 46, 128], [128, 128] -> outputs=[46, 46, 128]",69337088
trunk_fp16.onnx,7781,MatMul,"inputs=[46, 4, 46, 32], [46, 4, 32, 46] -> outputs=[46, 4, 46, 46]",4584914944
trunk_fp16.onnx,7784,MatMul,"inputs=[46, 46, 128], [128, 128] -> outputs=[46, 46, 128]",69337088
trunk_fp16.onnx,7788,Softmax,"inputs=[46, 4, 46, 46] -> outputs=[46, 4, 46, 46]",1946720
trunk_fp16.onnx,7790,MatMul,"inputs=[46, 4, 46, 46], [46, 4, 46, 32] -> outputs=[46, 4, 46, 32]",4584914944
trunk_fp16.onnx,7794,MatMul,"inputs=[46, 46, 128], [128, 128] -> outputs=[46, 46, 128]",69337088
trunk_fp16.onnx,7804,MatMul,"inputs=[1, 46, 46, 128], [128, 4] -> outputs=[1, 46, 46, 4]",2166784
trunk_fp16.onnx,7809,MatMul,"inputs=[46, 46, 128], [128, 128] -> outputs=[46, 46, 128]",69337088
trunk_fp16.onnx,7810,MatMul,"inputs=[46, 46, 128], [128, 128] -> outputs=[46, 46, 128]",69337088
trunk_fp16.onnx,7811,MatMul,"inputs=[46, 46, 128], [128, 128] -> outputs=[46, 46, 128]",69337088
trunk_fp16.onnx,7821,MatMul,"inputs=[46, 4, 46, 32], [46, 4, 32, 46] -> outputs=[46, 4, 46, 46]",4584914944
trunk_fp16.onnx,7824,MatMul,"inputs=[46, 46, 128], [128, 128] -> outputs=[46, 46, 128]",69337088
trunk_fp16.onnx,7828,Softmax,"inputs=[46, 4, 46, 46] -> outputs=[46, 4, 46, 46]",1946720
trunk_fp16.onnx,7830,MatMul,"inputs=[46, 4, 46, 46], [46, 4, 46, 32] -> outputs=[46, 4, 46, 32]",4584914944
trunk_fp16.onnx,7834,MatMul,"inputs=[46, 46, 128], [128, 128] -> outputs=[46, 46, 128]",69337088
trunk_fp16.onnx,7844,MatMul,"inputs=[1, 46, 46, 128], [128, 512] -> outputs=[1, 46, 46, 512]",277348352
trunk_fp16.onnx,7847,MatMul,"inputs=[1, 46, 46, 128], [128, 512] -> outputs=[1, 46, 46, 512]",277348352
trunk_fp16.onnx,7849,MatMul,"inputs=[1, 46, 46, 512], [512, 128] -> outputs=[1, 46, 46, 128]",277348352
trunk_fp16.onnx,7856,MatMul,"inputs=[1, 46, 384], [384, 384] -> outputs=[1, 46, 384]",13565952
trunk_fp16.onnx,7859,MatMul,"inputs=[1, 46, 384], [384, 384] -> outputs=[1, 46, 384]",13565952
trunk_fp16.onnx,7861,MatMul,"inputs=[1, 46, 384], [384, 384] -> outputs=[1, 46, 384]",13565952
trunk_fp16.onnx,7863,MatMul,"inputs=[1, 46, 384], [384, 384] -> outputs=[1, 46, 384]",13565952
trunk_fp16.onnx,7865,Einsum,"inputs=[1, 46, 16, 24], [1, 46, 16, 24] -> outputs=[1, 16, 46, 46]",1625088
trunk_fp16.onnx,7872,MatMul,"inputs=[1, 46, 46, 128], [128, 16] -> outputs=[1, 46, 46, 16]",8667136
trunk_fp16.onnx,7880,Softmax,"inputs=[1, 16, 46, 46] -> outputs=[1, 16, 46, 46]",169280
trunk_fp16.onnx,7882,Einsum,"inputs=[1, 16, 46, 46], [1, 46, 16, 24] -> outputs=[1, 46, 16, 24]",1625088
trunk_fp16.onnx,7885,MatMul,"inputs=[1, 46, 384], [384, 384] -> outputs=[1, 46, 384]",13565952
trunk_fp16.onnx,7892,MatMul,"inputs=[1, 46, 384], [384, 1536] -> outputs=[1, 46, 1536]",54263808
trunk_fp16.onnx,7895,MatMul,"inputs=[1, 46, 384], [384, 1536] -> outputs=[1, 46, 1536]",54263808
trunk_fp16.onnx,7897,MatMul,"inputs=[1, 46, 1536], [1536, 384] -> outputs=[1, 46, 384]",54263808
trunk_fp16.onnx,7904,MatMul,"inputs=[1, 46, 46, 128], [128, 256] -> outputs=[1, 46, 46, 256]",138674176
trunk_fp16.onnx,7905,MatMul,"inputs=[1, 46, 46, 128], [128, 256] -> outputs=[1, 46, 46, 256]",138674176
trunk_fp16.onnx,7910,Einsum,"inputs=[1, 46, 46, 128], [1, 46, 46, 128] -> outputs=[1, 46, 46, 128]",24918016
trunk_fp16.onnx,7911,MatMul,"inputs=[1, 46, 46, 128], [128, 128] -> outputs=[1, 46, 46, 128]",69337088
trunk_fp16.onnx,7918,MatMul,"inputs=[1, 46, 46, 128], [128, 128] -> outputs=[1, 46, 46, 128]",69337088
trunk_fp16.onnx,7927,MatMul,"inputs=[1, 46, 46, 128], [128, 256] -> outputs=[1, 46, 46, 256]",138674176
trunk_fp16.onnx,7928,MatMul,"inputs=[1, 46, 46, 128], [128, 256] -> outputs=[1, 46, 46, 256]",138674176
trunk_fp16.onnx,7933,Einsum,"inputs=[1, 46, 46, 128], [1, 46, 46, 128] -> outputs=[1, 46, 46, 128]",24918016
trunk_fp16.onnx,7934,MatMul,"inputs=[1, 46, 46, 128], [128, 128] -> outputs=[1, 46, 46, 128]",69337088
trunk_fp16.onnx,7941,MatMul,"inputs=[1, 46, 46, 128], [128, 128] -> outputs=[1, 46, 46, 128]",69337088
trunk_fp16.onnx,7950,MatMul,"inputs=[1, 46, 46, 128], [128, 4] -> outputs=[1, 46, 46, 4]",2166784
trunk_fp16.onnx,7955,MatMul,"inputs=[46, 46, 128], [128, 128] -> outputs=[46, 46, 128]",69337088
trunk_fp16.onnx,7956,MatMul,"inputs=[46, 46, 128], [128, 128] -> outputs=[46, 46, 128]",69337088
trunk_fp16.onnx,7957,MatMul,"inputs=[46, 46, 128], [128, 128] -> outputs=[46, 46, 128]",69337088
trunk_fp16.onnx,7967,MatMul,"inputs=[46, 4, 46, 32], [46, 4, 32, 46] -> outputs=[46, 4, 46, 46]",4584914944
trunk_fp16.onnx,7970,MatMul,"inputs=[46, 46, 128], [128, 128] -> outputs=[46, 46, 128]",69337088
trunk_fp16.onnx,7974,Softmax,"inputs=[46, 4, 46, 46] -> outputs=[46, 4, 46, 46]",1946720
trunk_fp16.onnx,7976,MatMul,"inputs=[46, 4, 46, 46], [46, 4, 46, 32] -> outputs=[46, 4, 46, 32]",4584914944
trunk_fp16.onnx,7980,MatMul,"inputs=[46, 46, 128], [128, 128] -> outputs=[46, 46, 128]",69337088
trunk_fp16.onnx,7990,MatMul,"inputs=[1, 46, 46, 128], [128, 4] -> outputs=[1, 46, 46, 4]",2166784
trunk_fp16.onnx,7995,MatMul,"inputs=[46, 46, 128], [128, 128] -> outputs=[46, 46, 128]",69337088
trunk_fp16.onnx,7996,MatMul,"inputs=[46, 46, 128], [128, 128] -> outputs=[46, 46, 128]",69337088
trunk_fp16.onnx,7997,MatMul,"inputs=[46, 46, 128], [128, 128] -> outputs=[46, 46, 128]",69337088
trunk_fp16.onnx,8007,MatMul,"inputs=[46, 4, 46, 32], [46, 4, 32, 46] -> outputs=[46, 4, 46, 46]",4584914944
trunk_fp16.onnx,8010,MatMul,"inputs=[46, 46, 128], [128, 128] -> outputs=[46, 46, 128]",69337088
trunk_fp16.onnx,8014,Softmax,"inputs=[46, 4, 46, 46] -> outputs=[46, 4, 46, 46]",1946720
trunk_fp16.onnx,8016,MatMul,"inputs=[46, 4, 46, 46], [46, 4, 46, 32] -> outputs=[46, 4, 46, 32]",4584914944
trunk_fp16.onnx,8020,MatMul,"inputs=[46, 46, 128], [128, 128] -> outputs=[46, 46, 128]",69337088
trunk_fp16.onnx,8030,MatMul,"inputs=[1, 46, 46, 128], [128, 512] -> outputs=[1, 46, 46, 512]",277348352
trunk_fp16.onnx,8033,MatMul,"inputs=[1, 46, 46, 128], [128, 512] -> outputs=[1, 46, 46, 512]",277348352
trunk_fp16.onnx,8035,MatMul,"inputs=[1, 46, 46, 512], [512, 128] -> outputs=[1, 46, 46, 128]",277348352
trunk_fp16.onnx,8042,MatMul,"inputs=[1, 46, 384], [384, 384] -> outputs=[1, 46, 384]",13565952
trunk_fp16.onnx,8045,MatMul,"inputs=[1, 46, 384], [384, 384] -> outputs=[1, 46, 384]",13565952
trunk_fp16.onnx,8047,MatMul,"inputs=[1, 46, 384], [384, 384] -> outputs=[1, 46, 384]",13565952
trunk_fp16.onnx,8049,MatMul,"inputs=[1, 46, 384], [384, 384] -> outputs=[1, 46, 384]",13565952
trunk_fp16.onnx,8051,Einsum,"inputs=[1, 46, 16, 24], [1, 46, 16, 24] -> outputs=[1, 16, 46, 46]",1625088
trunk_fp16.onnx,8058,MatMul,"inputs=[1, 46, 46, 128], [128, 16] -> outputs=[1, 46, 46, 16]",8667136
trunk_fp16.onnx,8066,Softmax,"inputs=[1, 16, 46, 46] -> outputs=[1, 16, 46, 46]",169280
trunk_fp16.onnx,8068,Einsum,"inputs=[1, 16, 46, 46], [1, 46, 16, 24] -> outputs=[1, 46, 16, 24]",1625088
trunk_fp16.onnx,8071,MatMul,"inputs=[1, 46, 384], [384, 384] -> outputs=[1, 46, 384]",13565952
trunk_fp16.onnx,8078,MatMul,"inputs=[1, 46, 384], [384, 1536] -> outputs=[1, 46, 1536]",54263808
trunk_fp16.onnx,8081,MatMul,"inputs=[1, 46, 384], [384, 1536] -> outputs=[1, 46, 1536]",54263808
trunk_fp16.onnx,8083,MatMul,"inputs=[1, 46, 1536], [1536, 384] -> outputs=[1, 46, 384]",54263808
trunk_fp16.onnx,8090,MatMul,"inputs=[1, 46, 46, 128], [128, 256] -> outputs=[1, 46, 46, 256]",138674176
trunk_fp16.onnx,8091,MatMul,"inputs=[1, 46, 46, 128], [128, 256] -> outputs=[1, 46, 46, 256]",138674176
trunk_fp16.onnx,8096,Einsum,"inputs=[1, 46, 46, 128], [1, 46, 46, 128] -> outputs=[1, 46, 46, 128]",24918016
trunk_fp16.onnx,8097,MatMul,"inputs=[1, 46, 46, 128], [128, 128] -> outputs=[1, 46, 46, 128]",69337088
trunk_fp16.onnx,8104,MatMul,"inputs=[1, 46, 46, 128], [128, 128] -> outputs=[1, 46, 46, 128]",69337088
trunk_fp16.onnx,8113,MatMul,"inputs=[1, 46, 46, 128], [128, 256] -> outputs=[1, 46, 46, 256]",138674176
trunk_fp16.onnx,8114,MatMul,"inputs=[1, 46, 46, 128], [128, 256] -> outputs=[1, 46, 46, 256]",138674176
trunk_fp16.onnx,8119,Einsum,"inputs=[1, 46, 46, 128], [1, 46, 46, 128] -> outputs=[1, 46, 46, 128]",24918016
trunk_fp16.onnx,8120,MatMul,"inputs=[1, 46, 46, 128], [128, 128] -> outputs=[1, 46, 46, 128]",69337088
trunk_fp16.onnx,8127,MatMul,"inputs=[1, 46, 46, 128], [128, 128] -> outputs=[1, 46, 46, 128]",69337088
trunk_fp16.onnx,8136,MatMul,"inputs=[1, 46, 46, 128], [128, 4] -> outputs=[1, 46, 46, 4]",2166784
trunk_fp16.onnx,8141,MatMul,"inputs=[46, 46, 128], [128, 128] -> outputs=[46, 46, 128]",69337088
trunk_fp16.onnx,8142,MatMul,"inputs=[46, 46, 128], [128, 128] -> outputs=[46, 46, 128]",69337088
trunk_fp16.onnx,8143,MatMul,"inputs=[46, 46, 128], [128, 128] -> outputs=[46, 46, 128]",69337088
trunk_fp16.onnx,8153,MatMul,"inputs=[46, 4, 46, 32], [46, 4, 32, 46] -> outputs=[46, 4, 46, 46]",4584914944
trunk_fp16.onnx,8156,MatMul,"inputs=[46, 46, 128], [128, 128] -> outputs=[46, 46, 128]",69337088
trunk_fp16.onnx,8160,Softmax,"inputs=[46, 4, 46, 46] -> outputs=[46, 4, 46, 46]",1946720
trunk_fp16.onnx,8162,MatMul,"inputs=[46, 4, 46, 46], [46, 4, 46, 32] -> outputs=[46, 4, 46, 32]",4584914944
trunk_fp16.onnx,8166,MatMul,"inputs=[46, 46, 128], [128, 128] -> outputs=[46, 46, 128]",69337088
trunk_fp16.onnx,8176,MatMul,"inputs=[1, 46, 46, 128], [128, 4] -> outputs=[1, 46, 46, 4]",2166784
trunk_fp16.onnx,8181,MatMul,"inputs=[46, 46, 128], [128, 128] -> outputs=[46, 46, 128]",69337088
trunk_fp16.onnx,8182,MatMul,"inputs=[46, 46, 128], [128, 128] -> outputs=[46, 46, 128]",69337088
trunk_fp16.onnx,8183,MatMul,"inputs=[46, 46, 128], [128, 128] -> outputs=[46, 46, 128]",69337088
trunk_fp16.onnx,8193,MatMul,"inputs=[46, 4, 46, 32], [46, 4, 32, 46] -> outputs=[46, 4, 46, 46]",4584914944
trunk_fp16.onnx,8196,MatMul,"inputs=[46, 46, 128], [128, 128] -> outputs=[46, 46, 128]",69337088
trunk_fp16.onnx,8200,Softmax,"inputs=[46, 4, 46, 46] -> outputs=[46, 4, 46, 46]",1946720
trunk_fp16.onnx,8202,MatMul,"inputs=[46, 4, 46, 46], [46, 4, 46, 32] -> outputs=[46, 4, 46, 32]",4584914944
trunk_fp16.onnx,8206,MatMul,"inputs=[46, 46, 128], [128, 128] -> outputs=[46, 46, 128]",69337088
trunk_fp16.onnx,8216,MatMul,"inputs=[1, 46, 46, 128], [128, 512] -> outputs=[1, 46, 46, 512]",277348352
trunk_fp16.onnx,8219,MatMul,"inputs=[1, 46, 46, 128], [128, 512] -> outputs=[1, 46, 46, 512]",277348352
trunk_fp16.onnx,8221,MatMul,"inputs=[1, 46, 46, 512], [512, 128] -> outputs=[1, 46, 46, 128]",277348352
trunk_fp16.onnx,8228,MatMul,"inputs=[1, 46, 384], [384, 384] -> outputs=[1, 46, 384]",13565952
trunk_fp16.onnx,8231,MatMul,"inputs=[1, 46, 384], [384, 384] -> outputs=[1, 46, 384]",13565952
trunk_fp16.onnx,8233,MatMul,"inputs=[1, 46, 384], [384, 384] -> outputs=[1, 46, 384]",13565952
trunk_fp16.onnx,8235,MatMul,"inputs=[1, 46, 384], [384, 384] -> outputs=[1, 46, 384]",13565952
trunk_fp16.onnx,8237,Einsum,"inputs=[1, 46, 16, 24], [1, 46, 16, 24] -> outputs=[1, 16, 46, 46]",1625088
trunk_fp16.onnx,8244,MatMul,"inputs=[1, 46, 46, 128], [128, 16] -> outputs=[1, 46, 46, 16]",8667136
trunk_fp16.onnx,8252,Softmax,"inputs=[1, 16, 46, 46] -> outputs=[1, 16, 46, 46]",169280
trunk_fp16.onnx,8254,Einsum,"inputs=[1, 16, 46, 46], [1, 46, 16, 24] -> outputs=[1, 46, 16, 24]",1625088
trunk_fp16.onnx,8257,MatMul,"inputs=[1, 46, 384], [384, 384] -> outputs=[1, 46, 384]",13565952
trunk_fp16.onnx,8264,MatMul,"inputs=[1, 46, 384], [384, 1536] -> outputs=[1, 46, 1536]",54263808
trunk_fp16.onnx,8267,MatMul,"inputs=[1, 46, 384], [384, 1536] -> outputs=[1, 46, 1536]",54263808
trunk_fp16.onnx,8269,MatMul,"inputs=[1, 46, 1536], [1536, 384] -> outputs=[1, 46, 384]",54263808
trunk_fp16.onnx,8276,MatMul,"inputs=[1, 46, 46, 128], [128, 256] -> outputs=[1, 46, 46, 256]",138674176
trunk_fp16.onnx,8277,MatMul,"inputs=[1, 46, 46, 128], [128, 256] -> outputs=[1, 46, 46, 256]",138674176
trunk_fp16.onnx,8282,Einsum,"inputs=[1, 46, 46, 128], [1, 46, 46, 128] -> outputs=[1, 46, 46, 128]",24918016
trunk_fp16.onnx,8283,MatMul,"inputs=[1, 46, 46, 128], [128, 128] -> outputs=[1, 46, 46, 128]",69337088
trunk_fp16.onnx,8290,MatMul,"inputs=[1, 46, 46, 128], [128, 128] -> outputs=[1, 46, 46, 128]",69337088
trunk_fp16.onnx,8299,MatMul,"inputs=[1, 46, 46, 128], [128, 256] -> outputs=[1, 46, 46, 256]",138674176
trunk_fp16.onnx,8300,MatMul,"inputs=[1, 46, 46, 128], [128, 256] -> outputs=[1, 46, 46, 256]",138674176
trunk_fp16.onnx,8305,Einsum,"inputs=[1, 46, 46, 128], [1, 46, 46, 128] -> outputs=[1, 46, 46, 128]",24918016
trunk_fp16.onnx,8306,MatMul,"inputs=[1, 46, 46, 128], [128, 128] -> outputs=[1, 46, 46, 128]",69337088
trunk_fp16.onnx,8313,MatMul,"inputs=[1, 46, 46, 128], [128, 128] -> outputs=[1, 46, 46, 128]",69337088
trunk_fp16.onnx,8322,MatMul,"inputs=[1, 46, 46, 128], [128, 4] -> outputs=[1, 46, 46, 4]",2166784
trunk_fp16.onnx,8327,MatMul,"inputs=[46, 46, 128], [128, 128] -> outputs=[46, 46, 128]",69337088
trunk_fp16.onnx,8328,MatMul,"inputs=[46, 46, 128], [128, 128] -> outputs=[46, 46, 128]",69337088
trunk_fp16.onnx,8329,MatMul,"inputs=[46, 46, 128], [128, 128] -> outputs=[46, 46, 128]",69337088
trunk_fp16.onnx,8339,MatMul,"inputs=[46, 4, 46, 32], [46, 4, 32, 46] -> outputs=[46, 4, 46, 46]",4584914944
trunk_fp16.onnx,8342,MatMul,"inputs=[46, 46, 128], [128, 128] -> outputs=[46, 46, 128]",69337088
trunk_fp16.onnx,8346,Softmax,"inputs=[46, 4, 46, 46] -> outputs=[46, 4, 46, 46]",1946720
trunk_fp16.onnx,8348,MatMul,"inputs=[46, 4, 46, 46], [46, 4, 46, 32] -> outputs=[46, 4, 46, 32]",4584914944
trunk_fp16.onnx,8352,MatMul,"inputs=[46, 46, 128], [128, 128] -> outputs=[46, 46, 128]",69337088
trunk_fp16.onnx,8362,MatMul,"inputs=[1, 46, 46, 128], [128, 4] -> outputs=[1, 46, 46, 4]",2166784
trunk_fp16.onnx,8367,MatMul,"inputs=[46, 46, 128], [128, 128] -> outputs=[46, 46, 128]",69337088
trunk_fp16.onnx,8368,MatMul,"inputs=[46, 46, 128], [128, 128] -> outputs=[46, 46, 128]",69337088
trunk_fp16.onnx,8369,MatMul,"inputs=[46, 46, 128], [128, 128] -> outputs=[46, 46, 128]",69337088
trunk_fp16.onnx,8379,MatMul,"inputs=[46, 4, 46, 32], [46, 4, 32, 46] -> outputs=[46, 4, 46, 46]",4584914944
trunk_fp16.onnx,8382,MatMul,"inputs=[46, 46, 128], [128, 128] -> outputs=[46, 46, 128]",69337088
trunk_fp16.onnx,8386,Softmax,"inputs=[46, 4, 46, 46] -> outputs=[46, 4, 46, 46]",1946720
trunk_fp16.onnx,8388,MatMul,"inputs=[46, 4, 46, 46], [46, 4, 46, 32] -> outputs=[46, 4, 46, 32]",4584914944
trunk_fp16.onnx,8392,MatMul,"inputs=[46, 46, 128], [128, 128] -> outputs=[46, 46, 128]",69337088
trunk_fp16.onnx,8402,MatMul,"inputs=[1, 46, 46, 128], [128, 512] -> outputs=[1, 46, 46, 512]",277348352
trunk_fp16.onnx,8405,MatMul,"inputs=[1, 46, 46, 128], [128, 512] -> outputs=[1, 46, 46, 512]",277348352
trunk_fp16.onnx,8407,MatMul,"inputs=[1, 46, 46, 512], [512, 128] -> outputs=[1, 46, 46, 128]",277348352
trunk_fp16.onnx,8414,MatMul,"inputs=[1, 46, 384], [384, 384] -> outputs=[1, 46, 384]",13565952
trunk_fp16.onnx,8417,MatMul,"inputs=[1, 46, 384], [384, 384] -> outputs=[1, 46, 384]",13565952
trunk_fp16.onnx,8419,MatMul,"inputs=[1, 46, 384], [384, 384] -> outputs=[1, 46, 384]",13565952
trunk_fp16.onnx,8421,MatMul,"inputs=[1, 46, 384], [384, 384] -> outputs=[1, 46, 384]",13565952
trunk_fp16.onnx,8423,Einsum,"inputs=[1, 46, 16, 24], [1, 46, 16, 24] -> outputs=[1, 16, 46, 46]",1625088
trunk_fp16.onnx,8430,MatMul,"inputs=[1, 46, 46, 128], [128, 16] -> outputs=[1, 46, 46, 16]",8667136
trunk_fp16.onnx,8438,Softmax,"inputs=[1, 16, 46, 46] -> outputs=[1, 16, 46, 46]",169280
trunk_fp16.onnx,8440,Einsum,"inputs=[1, 16, 46, 46], [1, 46, 16, 24] -> outputs=[1, 46, 16, 24]",1625088
trunk_fp16.onnx,8443,MatMul,"inputs=[1, 46, 384], [384, 384] -> outputs=[1, 46, 384]",13565952
trunk_fp16.onnx,8450,MatMul,"inputs=[1, 46, 384], [384, 1536] -> outputs=[1, 46, 1536]",54263808
trunk_fp16.onnx,8453,MatMul,"inputs=[1, 46, 384], [384, 1536] -> outputs=[1, 46, 1536]",54263808
trunk_fp16.onnx,8455,MatMul,"inputs=[1, 46, 1536], [1536, 384] -> outputs=[1, 46, 384]",54263808
trunk_fp16.onnx,8462,MatMul,"inputs=[1, 46, 46, 128], [128, 256] -> outputs=[1, 46, 46, 256]",138674176
trunk_fp16.onnx,8463,MatMul,"inputs=[1, 46, 46, 128], [128, 256] -> outputs=[1, 46, 46, 256]",138674176
trunk_fp16.onnx,8468,Einsum,"inputs=[1, 46, 46, 128], [1, 46, 46, 128] -> outputs=[1, 46, 46, 128]",24918016
trunk_fp16.onnx,8469,MatMul,"inputs=[1, 46, 46, 128], [128, 128] -> outputs=[1, 46, 46, 128]",69337088
trunk_fp16.onnx,8476,MatMul,"inputs=[1, 46, 46, 128], [128, 128] -> outputs=[1, 46, 46, 128]",69337088
trunk_fp16.onnx,8485,MatMul,"inputs=[1, 46, 46, 128], [128, 256] -> outputs=[1, 46, 46, 256]",138674176
trunk_fp16.onnx,8486,MatMul,"inputs=[1, 46, 46, 128], [128, 256] -> outputs=[1, 46, 46, 256]",138674176
trunk_fp16.onnx,8491,Einsum,"inputs=[1, 46, 46, 128], [1, 46, 46, 128] -> outputs=[1, 46, 46, 128]",24918016
trunk_fp16.onnx,8492,MatMul,"inputs=[1, 46, 46, 128], [128, 128] -> outputs=[1, 46, 46, 128]",69337088
trunk_fp16.onnx,8499,MatMul,"inputs=[1, 46, 46, 128], [128, 128] -> outputs=[1, 46, 46, 128]",69337088
trunk_fp16.onnx,8508,MatMul,"inputs=[1, 46, 46, 128], [128, 4] -> outputs=[1, 46, 46, 4]",2166784
trunk_fp16.onnx,8513,MatMul,"inputs=[46, 46, 128], [128, 128] -> outputs=[46, 46, 128]",69337088
trunk_fp16.onnx,8514,MatMul,"inputs=[46, 46, 128], [128, 128] -> outputs=[46, 46, 128]",69337088
trunk_fp16.onnx,8515,MatMul,"inputs=[46, 46, 128], [128, 128] -> outputs=[46, 46, 128]",69337088
trunk_fp16.onnx,8525,MatMul,"inputs=[46, 4, 46, 32], [46, 4, 32, 46] -> outputs=[46, 4, 46, 46]",4584914944
trunk_fp16.onnx,8528,MatMul,"inputs=[46, 46, 128], [128, 128] -> outputs=[46, 46, 128]",69337088
trunk_fp16.onnx,8532,Softmax,"inputs=[46, 4, 46, 46] -> outputs=[46, 4, 46, 46]",1946720
trunk_fp16.onnx,8534,MatMul,"inputs=[46, 4, 46, 46], [46, 4, 46, 32] -> outputs=[46, 4, 46, 32]",4584914944
trunk_fp16.onnx,8538,MatMul,"inputs=[46, 46, 128], [128, 128] -> outputs=[46, 46, 128]",69337088
trunk_fp16.onnx,8548,MatMul,"inputs=[1, 46, 46, 128], [128, 4] -> outputs=[1, 46, 46, 4]",2166784
trunk_fp16.onnx,8553,MatMul,"inputs=[46, 46, 128], [128, 128] -> outputs=[46, 46, 128]",69337088
trunk_fp16.onnx,8554,MatMul,"inputs=[46, 46, 128], [128, 128] -> outputs=[46, 46, 128]",69337088
trunk_fp16.onnx,8555,MatMul,"inputs=[46, 46, 128], [128, 128] -> outputs=[46, 46, 128]",69337088
trunk_fp16.onnx,8565,MatMul,"inputs=[46, 4, 46, 32], [46, 4, 32, 46] -> outputs=[46, 4, 46, 46]",4584914944
trunk_fp16.onnx,8568,MatMul,"inputs=[46, 46, 128], [128, 128] -> outputs=[46, 46, 128]",69337088
trunk_fp16.onnx,8572,Softmax,"inputs=[46, 4, 46, 46] -> outputs=[46, 4, 46, 46]",1946720
trunk_fp16.onnx,8574,MatMul,"inputs=[46, 4, 46, 46], [46, 4, 46, 32] -> outputs=[46, 4, 46, 32]",4584914944
trunk_fp16.onnx,8578,MatMul,"inputs=[46, 46, 128], [128, 128] -> outputs=[46, 46, 128]",69337088
trunk_fp16.onnx,8588,MatMul,"inputs=[1, 46, 46, 128], [128, 512] -> outputs=[1, 46, 46, 512]",277348352
trunk_fp16.onnx,8591,MatMul,"inputs=[1, 46, 46, 128], [128, 512] -> outputs=[1, 46, 46, 512]",277348352
trunk_fp16.onnx,8593,MatMul,"inputs=[1, 46, 46, 512], [512, 128] -> outputs=[1, 46, 46, 128]",277348352
trunk_fp16.onnx,8600,MatMul,"inputs=[1, 46, 384], [384, 384] -> outputs=[1, 46, 384]",13565952
trunk_fp16.onnx,8603,MatMul,"inputs=[1, 46, 384], [384, 384] -> outputs=[1, 46, 384]",13565952
trunk_fp16.onnx,8605,MatMul,"inputs=[1, 46, 384], [384, 384] -> outputs=[1, 46, 384]",13565952
trunk_fp16.onnx,8607,MatMul,"inputs=[1, 46, 384], [384, 384] -> outputs=[1, 46, 384]",13565952
trunk_fp16.onnx,8609,Einsum,"inputs=[1, 46, 16, 24], [1, 46, 16, 24] -> outputs=[1, 16, 46, 46]",1625088
trunk_fp16.onnx,8616,MatMul,"inputs=[1, 46, 46, 128], [128, 16] -> outputs=[1, 46, 46, 16]",8667136
trunk_fp16.onnx,8624,Softmax,"inputs=[1, 16, 46, 46] -> outputs=[1, 16, 46, 46]",169280
trunk_fp16.onnx,8626,Einsum,"inputs=[1, 16, 46, 46], [1, 46, 16, 24] -> outputs=[1, 46, 16, 24]",1625088
trunk_fp16.onnx,8629,MatMul,"inputs=[1, 46, 384], [384, 384] -> outputs=[1, 46, 384]",13565952
trunk_fp16.onnx,8636,MatMul,"inputs=[1, 46, 384], [384, 1536] -> outputs=[1, 46, 1536]",54263808
trunk_fp16.onnx,8639,MatMul,"inputs=[1, 46, 384], [384, 1536] -> outputs=[1, 46, 1536]",54263808
trunk_fp16.onnx,8641,MatMul,"inputs=[1, 46, 1536], [1536, 384] -> outputs=[1, 46, 384]",54263808
trunk_fp16.onnx,8648,MatMul,"inputs=[1, 46, 46, 128], [128, 256] -> outputs=[1, 46, 46, 256]",138674176
trunk_fp16.onnx,8649,MatMul,"inputs=[1, 46, 46, 128], [128, 256] -> outputs=[1, 46, 46, 256]",138674176
trunk_fp16.onnx,8654,Einsum,"inputs=[1, 46, 46, 128], [1, 46, 46, 128] -> outputs=[1, 46, 46, 128]",24918016
trunk_fp16.onnx,8655,MatMul,"inputs=[1, 46, 46, 128], [128, 128] -> outputs=[1, 46, 46, 128]",69337088
trunk_fp16.onnx,8662,MatMul,"inputs=[1, 46, 46, 128], [128, 128] -> outputs=[1, 46, 46, 128]",69337088
trunk_fp16.onnx,8671,MatMul,"inputs=[1, 46, 46, 128], [128, 256] -> outputs=[1, 46, 46, 256]",138674176
trunk_fp16.onnx,8672,MatMul,"inputs=[1, 46, 46, 128], [128, 256] -> outputs=[1, 46, 46, 256]",138674176
trunk_fp16.onnx,8677,Einsum,"inputs=[1, 46, 46, 128], [1, 46, 46, 128] -> outputs=[1, 46, 46, 128]",24918016
trunk_fp16.onnx,8678,MatMul,"inputs=[1, 46, 46, 128], [128, 128] -> outputs=[1, 46, 46, 128]",69337088
trunk_fp16.onnx,8685,MatMul,"inputs=[1, 46, 46, 128], [128, 128] -> outputs=[1, 46, 46, 128]",69337088
trunk_fp16.onnx,8694,MatMul,"inputs=[1, 46, 46, 128], [128, 4] -> outputs=[1, 46, 46, 4]",2166784
trunk_fp16.onnx,8699,MatMul,"inputs=[46, 46, 128], [128, 128] -> outputs=[46, 46, 128]",69337088
trunk_fp16.onnx,8700,MatMul,"inputs=[46, 46, 128], [128, 128] -> outputs=[46, 46, 128]",69337088
trunk_fp16.onnx,8701,MatMul,"inputs=[46, 46, 128], [128, 128] -> outputs=[46, 46, 128]",69337088
trunk_fp16.onnx,8711,MatMul,"inputs=[46, 4, 46, 32], [46, 4, 32, 46] -> outputs=[46, 4, 46, 46]",4584914944
trunk_fp16.onnx,8714,MatMul,"inputs=[46, 46, 128], [128, 128] -> outputs=[46, 46, 128]",69337088
trunk_fp16.onnx,8718,Softmax,"inputs=[46, 4, 46, 46] -> outputs=[46, 4, 46, 46]",1946720
trunk_fp16.onnx,8720,MatMul,"inputs=[46, 4, 46, 46], [46, 4, 46, 32] -> outputs=[46, 4, 46, 32]",4584914944
trunk_fp16.onnx,8724,MatMul,"inputs=[46, 46, 128], [128, 128] -> outputs=[46, 46, 128]",69337088
trunk_fp16.onnx,8734,MatMul,"inputs=[1, 46, 46, 128], [128, 4] -> outputs=[1, 46, 46, 4]",2166784
trunk_fp16.onnx,8739,MatMul,"inputs=[46, 46, 128], [128, 128] -> outputs=[46, 46, 128]",69337088
trunk_fp16.onnx,8740,MatMul,"inputs=[46, 46, 128], [128, 128] -> outputs=[46, 46, 128]",69337088
trunk_fp16.onnx,8741,MatMul,"inputs=[46, 46, 128], [128, 128] -> outputs=[46, 46, 128]",69337088
trunk_fp16.onnx,8751,MatMul,"inputs=[46, 4, 46, 32], [46, 4, 32, 46] -> outputs=[46, 4, 46, 46]",4584914944
trunk_fp16.onnx,8754,MatMul,"inputs=[46, 46, 128], [128, 128] -> outputs=[46, 46, 128]",69337088
trunk_fp16.onnx,8758,Softmax,"inputs=[46, 4, 46, 46] -> outputs=[46, 4, 46, 46]",1946720
trunk_fp16.onnx,8760,MatMul,"inputs=[46, 4, 46, 46], [46, 4, 46, 32] -> outputs=[46, 4, 46, 32]",4584914944
trunk_fp16.onnx,8764,MatMul,"inputs=[46, 46, 128], [128, 128] -> outputs=[46, 46, 128]",69337088
trunk_fp16.onnx,8774,MatMul,"inputs=[1, 46, 46, 128], [128, 512] -> outputs=[1, 46, 46, 512]",277348352
trunk_fp16.onnx,8777,MatMul,"inputs=[1, 46, 46, 128], [128, 512] -> outputs=[1, 46, 46, 512]",277348352
trunk_fp16.onnx,8779,MatMul,"inputs=[1, 46, 46, 512], [512, 128] -> outputs=[1, 46, 46, 128]",277348352
trunk_fp16.onnx,8786,MatMul,"inputs=[1, 46, 384], [384, 384] -> outputs=[1, 46, 384]",13565952
trunk_fp16.onnx,8789,MatMul,"inputs=[1, 46, 384], [384, 384] -> outputs=[1, 46, 384]",13565952
trunk_fp16.onnx,8791,MatMul,"inputs=[1, 46, 384], [384, 384] -> outputs=[1, 46, 384]",13565952
trunk_fp16.onnx,8793,MatMul,"inputs=[1, 46, 384], [384, 384] -> outputs=[1, 46, 384]",13565952
trunk_fp16.onnx,8795,Einsum,"inputs=[1, 46, 16, 24], [1, 46, 16, 24] -> outputs=[1, 16, 46, 46]",1625088
trunk_fp16.onnx,8802,MatMul,"inputs=[1, 46, 46, 128], [128, 16] -> outputs=[1, 46, 46, 16]",8667136
trunk_fp16.onnx,8810,Softmax,"inputs=[1, 16, 46, 46] -> outputs=[1, 16, 46, 46]",169280
trunk_fp16.onnx,8812,Einsum,"inputs=[1, 16, 46, 46], [1, 46, 16, 24] -> outputs=[1, 46, 16, 24]",1625088
trunk_fp16.onnx,8815,MatMul,"inputs=[1, 46, 384], [384, 384] -> outputs=[1, 46, 384]",13565952
trunk_fp16.onnx,8822,MatMul,"inputs=[1, 46, 384], [384, 1536] -> outputs=[1, 46, 1536]",54263808
trunk_fp16.onnx,8825,MatMul,"inputs=[1, 46, 384], [384, 1536] -> outputs=[1, 46, 1536]",54263808
trunk_fp16.onnx,8827,MatMul,"inputs=[1, 46, 1536], [1536, 384] -> outputs=[1, 46, 384]",54263808
trunk_fp16.onnx,8834,MatMul,"inputs=[1, 46, 46, 128], [128, 256] -> outputs=[1, 46, 46, 256]",138674176
trunk_fp16.onnx,8835,MatMul,"inputs=[1, 46, 46, 128], [128, 256] -> outputs=[1, 46, 46, 256]",138674176
trunk_fp16.onnx,8840,Einsum,"inputs=[1, 46, 46, 128], [1, 46, 46, 128] -> outputs=[1, 46, 46, 128]",24918016
trunk_fp16.onnx,8841,MatMul,"inputs=[1, 46, 46, 128], [128, 128] -> outputs=[1, 46, 46, 128]",69337088
trunk_fp16.onnx,8848,MatMul,"inputs=[1, 46, 46, 128], [128, 128] -> outputs=[1, 46, 46, 128]",69337088
trunk_fp16.onnx,8857,MatMul,"inputs=[1, 46, 46, 128], [128, 256] -> outputs=[1, 46, 46, 256]",138674176
trunk_fp16.onnx,8858,MatMul,"inputs=[1, 46, 46, 128], [128, 256] -> outputs=[1, 46, 46, 256]",138674176
trunk_fp16.onnx,8863,Einsum,"inputs=[1, 46, 46, 128], [1, 46, 46, 128] -> outputs=[1, 46, 46, 128]",24918016
trunk_fp16.onnx,8864,MatMul,"inputs=[1, 46, 46, 128], [128, 128] -> outputs=[1, 46, 46, 128]",69337088
trunk_fp16.onnx,8871,MatMul,"inputs=[1, 46, 46, 128], [128, 128] -> outputs=[1, 46, 46, 128]",69337088
trunk_fp16.onnx,8880,MatMul,"inputs=[1, 46, 46, 128], [128, 4] -> outputs=[1, 46, 46, 4]",2166784
trunk_fp16.onnx,8885,MatMul,"inputs=[46, 46, 128], [128, 128] -> outputs=[46, 46, 128]",69337088
trunk_fp16.onnx,8886,MatMul,"inputs=[46, 46, 128], [128, 128] -> outputs=[46, 46, 128]",69337088
trunk_fp16.onnx,8887,MatMul,"inputs=[46, 46, 128], [128, 128] -> outputs=[46, 46, 128]",69337088
trunk_fp16.onnx,8897,MatMul,"inputs=[46, 4, 46, 32], [46, 4, 32, 46] -> outputs=[46, 4, 46, 46]",4584914944
trunk_fp16.onnx,8900,MatMul,"inputs=[46, 46, 128], [128, 128] -> outputs=[46, 46, 128]",69337088
trunk_fp16.onnx,8904,Softmax,"inputs=[46, 4, 46, 46] -> outputs=[46, 4, 46, 46]",1946720
trunk_fp16.onnx,8906,MatMul,"inputs=[46, 4, 46, 46], [46, 4, 46, 32] -> outputs=[46, 4, 46, 32]",4584914944
trunk_fp16.onnx,8910,MatMul,"inputs=[46, 46, 128], [128, 128] -> outputs=[46, 46, 128]",69337088
trunk_fp16.onnx,8920,MatMul,"inputs=[1, 46, 46, 128], [128, 4] -> outputs=[1, 46, 46, 4]",2166784
trunk_fp16.onnx,8925,MatMul,"inputs=[46, 46, 128], [128, 128] -> outputs=[46, 46, 128]",69337088
trunk_fp16.onnx,8926,MatMul,"inputs=[46, 46, 128], [128, 128] -> outputs=[46, 46, 128]",69337088
trunk_fp16.onnx,8927,MatMul,"inputs=[46, 46, 128], [128, 128] -> outputs=[46, 46, 128]",69337088
trunk_fp16.onnx,8937,MatMul,"inputs=[46, 4, 46, 32], [46, 4, 32, 46] -> outputs=[46, 4, 46, 46]",4584914944
trunk_fp16.onnx,8940,MatMul,"inputs=[46, 46, 128], [128, 128] -> outputs=[46, 46, 128]",69337088
trunk_fp16.onnx,8944,Softmax,"inputs=[46, 4, 46, 46] -> outputs=[46, 4, 46, 46]",1946720
trunk_fp16.onnx,8946,MatMul,"inputs=[46, 4, 46, 46], [46, 4, 46, 32] -> outputs=[46, 4, 46, 32]",4584914944
trunk_fp16.onnx,8950,MatMul,"inputs=[46, 46, 128], [128, 128] -> outputs=[46, 46, 128]",69337088
trunk_fp16.onnx,8960,MatMul,"inputs=[1, 46, 46, 128], [128, 512] -> outputs=[1, 46, 46, 512]",277348352
trunk_fp16.onnx,8963,MatMul,"inputs=[1, 46, 46, 128], [128, 512] -> outputs=[1, 46, 46, 512]",277348352
trunk_fp16.onnx,8965,MatMul,"inputs=[1, 46, 46, 512], [512, 128] -> outputs=[1, 46, 46, 128]",277348352
trunk_fp16.onnx,8972,MatMul,"inputs=[1, 46, 384], [384, 384] -> outputs=[1, 46, 384]",13565952
trunk_fp16.onnx,8975,MatMul,"inputs=[1, 46, 384], [384, 384] -> outputs=[1, 46, 384]",13565952
trunk_fp16.onnx,8977,MatMul,"inputs=[1, 46, 384], [384, 384] -> outputs=[1, 46, 384]",13565952
trunk_fp16.onnx,8979,MatMul,"inputs=[1, 46, 384], [384, 384] -> outputs=[1, 46, 384]",13565952
trunk_fp16.onnx,8981,Einsum,"inputs=[1, 46, 16, 24], [1, 46, 16, 24] -> outputs=[1, 16, 46, 46]",1625088
trunk_fp16.onnx,8988,MatMul,"inputs=[1, 46, 46, 128], [128, 16] -> outputs=[1, 46, 46, 16]",8667136
trunk_fp16.onnx,8996,Softmax,"inputs=[1, 16, 46, 46] -> outputs=[1, 16, 46, 46]",169280
trunk_fp16.onnx,8998,Einsum,"inputs=[1, 16, 46, 46], [1, 46, 16, 24] -> outputs=[1, 46, 16, 24]",1625088
trunk_fp16.onnx,9001,MatMul,"inputs=[1, 46, 384], [384, 384] -> outputs=[1, 46, 384]",13565952
trunk_fp16.onnx,9008,MatMul,"inputs=[1, 46, 384], [384, 1536] -> outputs=[1, 46, 1536]",54263808
trunk_fp16.onnx,9011,MatMul,"inputs=[1, 46, 384], [384, 1536] -> outputs=[1, 46, 1536]",54263808
trunk_fp16.onnx,9013,MatMul,"inputs=[1, 46, 1536], [1536, 384] -> outputs=[1, 46, 384]",54263808
trunk_fp16.onnx,9020,MatMul,"inputs=[1, 46, 46, 128], [128, 256] -> outputs=[1, 46, 46, 256]",138674176
trunk_fp16.onnx,9021,MatMul,"inputs=[1, 46, 46, 128], [128, 256] -> outputs=[1, 46, 46, 256]",138674176
trunk_fp16.onnx,9026,Einsum,"inputs=[1, 46, 46, 128], [1, 46, 46, 128] -> outputs=[1, 46, 46, 128]",24918016
trunk_fp16.onnx,9027,MatMul,"inputs=[1, 46, 46, 128], [128, 128] -> outputs=[1, 46, 46, 128]",69337088
trunk_fp16.onnx,9034,MatMul,"inputs=[1, 46, 46, 128], [128, 128] -> outputs=[1, 46, 46, 128]",69337088
trunk_fp16.onnx,9043,MatMul,"inputs=[1, 46, 46, 128], [128, 256] -> outputs=[1, 46, 46, 256]",138674176
trunk_fp16.onnx,9044,MatMul,"inputs=[1, 46, 46, 128], [128, 256] -> outputs=[1, 46, 46, 256]",138674176
trunk_fp16.onnx,9049,Einsum,"inputs=[1, 46, 46, 128], [1, 46, 46, 128] -> outputs=[1, 46, 46, 128]",24918016
trunk_fp16.onnx,9050,MatMul,"inputs=[1, 46, 46, 128], [128, 128] -> outputs=[1, 46, 46, 128]",69337088
trunk_fp16.onnx,9057,MatMul,"inputs=[1, 46, 46, 128], [128, 128] -> outputs=[1, 46, 46, 128]",69337088
trunk_fp16.onnx,9066,MatMul,"inputs=[1, 46, 46, 128], [128, 4] -> outputs=[1, 46, 46, 4]",2166784
trunk_fp16.onnx,9071,MatMul,"inputs=[46, 46, 128], [128, 128] -> outputs=[46, 46, 128]",69337088
trunk_fp16.onnx,9072,MatMul,"inputs=[46, 46, 128], [128, 128] -> outputs=[46, 46, 128]",69337088
trunk_fp16.onnx,9073,MatMul,"inputs=[46, 46, 128], [128, 128] -> outputs=[46, 46, 128]",69337088
trunk_fp16.onnx,9083,MatMul,"inputs=[46, 4, 46, 32], [46, 4, 32, 46] -> outputs=[46, 4, 46, 46]",4584914944
trunk_fp16.onnx,9086,MatMul,"inputs=[46, 46, 128], [128, 128] -> outputs=[46, 46, 128]",69337088
trunk_fp16.onnx,9090,Softmax,"inputs=[46, 4, 46, 46] -> outputs=[46, 4, 46, 46]",1946720
trunk_fp16.onnx,9092,MatMul,"inputs=[46, 4, 46, 46], [46, 4, 46, 32] -> outputs=[46, 4, 46, 32]",4584914944
trunk_fp16.onnx,9096,MatMul,"inputs=[46, 46, 128], [128, 128] -> outputs=[46, 46, 128]",69337088
trunk_fp16.onnx,9106,MatMul,"inputs=[1, 46, 46, 128], [128, 4] -> outputs=[1, 46, 46, 4]",2166784
trunk_fp16.onnx,9111,MatMul,"inputs=[46, 46, 128], [128, 128] -> outputs=[46, 46, 128]",69337088
trunk_fp16.onnx,9112,MatMul,"inputs=[46, 46, 128], [128, 128] -> outputs=[46, 46, 128]",69337088
trunk_fp16.onnx,9113,MatMul,"inputs=[46, 46, 128], [128, 128] -> outputs=[46, 46, 128]",69337088
trunk_fp16.onnx,9123,MatMul,"inputs=[46, 4, 46, 32], [46, 4, 32, 46] -> outputs=[46, 4, 46, 46]",4584914944
trunk_fp16.onnx,9126,MatMul,"inputs=[46, 46, 128], [128, 128] -> outputs=[46, 46, 128]",69337088
trunk_fp16.onnx,9130,Softmax,"inputs=[46, 4, 46, 46] -> outputs=[46, 4, 46, 46]",1946720
trunk_fp16.onnx,9132,MatMul,"inputs=[46, 4, 46, 46], [46, 4, 46, 32] -> outputs=[46, 4, 46, 32]",4584914944
trunk_fp16.onnx,9136,MatMul,"inputs=[46, 46, 128], [128, 128] -> outputs=[46, 46, 128]",69337088
trunk_fp16.onnx,9146,MatMul,"inputs=[1, 46, 46, 128], [128, 512] -> outputs=[1, 46, 46, 512]",277348352
trunk_fp16.onnx,9149,MatMul,"inputs=[1, 46, 46, 128], [128, 512] -> outputs=[1, 46, 46, 512]",277348352
trunk_fp16.onnx,9151,MatMul,"inputs=[1, 46, 46, 512], [512, 128] -> outputs=[1, 46, 46, 128]",277348352
trunk_fp16.onnx,9158,MatMul,"inputs=[1, 46, 384], [384, 384] -> outputs=[1, 46, 384]",13565952
trunk_fp16.onnx,9161,MatMul,"inputs=[1, 46, 384], [384, 384] -> outputs=[1, 46, 384]",13565952
trunk_fp16.onnx,9163,MatMul,"inputs=[1, 46, 384], [384, 384] -> outputs=[1, 46, 384]",13565952
trunk_fp16.onnx,9165,MatMul,"inputs=[1, 46, 384], [384, 384] -> outputs=[1, 46, 384]",13565952
trunk_fp16.onnx,9167,Einsum,"inputs=[1, 46, 16, 24], [1, 46, 16, 24] -> outputs=[1, 16, 46, 46]",1625088
trunk_fp16.onnx,9174,MatMul,"inputs=[1, 46, 46, 128], [128, 16] -> outputs=[1, 46, 46, 16]",8667136
trunk_fp16.onnx,9182,Softmax,"inputs=[1, 16, 46, 46] -> outputs=[1, 16, 46, 46]",169280
trunk_fp16.onnx,9184,Einsum,"inputs=[1, 16, 46, 46], [1, 46, 16, 24] -> outputs=[1, 46, 16, 24]",1625088
trunk_fp16.onnx,9187,MatMul,"inputs=[1, 46, 384], [384, 384] -> outputs=[1, 46, 384]",13565952
trunk_fp16.onnx,9194,MatMul,"inputs=[1, 46, 384], [384, 1536] -> outputs=[1, 46, 1536]",54263808
trunk_fp16.onnx,9197,MatMul,"inputs=[1, 46, 384], [384, 1536] -> outputs=[1, 46, 1536]",54263808
trunk_fp16.onnx,9199,MatMul,"inputs=[1, 46, 1536], [1536, 384] -> outputs=[1, 46, 384]",54263808
trunk_fp16.onnx,9206,MatMul,"inputs=[1, 46, 46, 128], [128, 256] -> outputs=[1, 46, 46, 256]",138674176
trunk_fp16.onnx,9207,MatMul,"inputs=[1, 46, 46, 128], [128, 256] -> outputs=[1, 46, 46, 256]",138674176
trunk_fp16.onnx,9212,Einsum,"inputs=[1, 46, 46, 128], [1, 46, 46, 128] -> outputs=[1, 46, 46, 128]",24918016
trunk_fp16.onnx,9213,MatMul,"inputs=[1, 46, 46, 128], [128, 128] -> outputs=[1, 46, 46, 128]",69337088
trunk_fp16.onnx,9220,MatMul,"inputs=[1, 46, 46, 128], [128, 128] -> outputs=[1, 46, 46, 128]",69337088
trunk_fp16.onnx,9229,MatMul,"inputs=[1, 46, 46, 128], [128, 256] -> outputs=[1, 46, 46, 256]",138674176
trunk_fp16.onnx,9230,MatMul,"inputs=[1, 46, 46, 128], [128, 256] -> outputs=[1, 46, 46, 256]",138674176
trunk_fp16.onnx,9235,Einsum,"inputs=[1, 46, 46, 128], [1, 46, 46, 128] -> outputs=[1, 46, 46, 128]",24918016
trunk_fp16.onnx,9236,MatMul,"inputs=[1, 46, 46, 128], [128, 128] -> outputs=[1, 46, 46, 128]",69337088
trunk_fp16.onnx,9243,MatMul,"inputs=[1, 46, 46, 128], [128, 128] -> outputs=[1, 46, 46, 128]",69337088
trunk_fp16.onnx,9252,MatMul,"inputs=[1, 46, 46, 128], [128, 4] -> outputs=[1, 46, 46, 4]",2166784
trunk_fp16.onnx,9257,MatMul,"inputs=[46, 46, 128], [128, 128] -> outputs=[46, 46, 128]",69337088
trunk_fp16.onnx,9258,MatMul,"inputs=[46, 46, 128], [128, 128] -> outputs=[46, 46, 128]",69337088
trunk_fp16.onnx,9259,MatMul,"inputs=[46, 46, 128], [128, 128] -> outputs=[46, 46, 128]",69337088
trunk_fp16.onnx,9269,MatMul,"inputs=[46, 4, 46, 32], [46, 4, 32, 46] -> outputs=[46, 4, 46, 46]",4584914944
trunk_fp16.onnx,9272,MatMul,"inputs=[46, 46, 128], [128, 128] -> outputs=[46, 46, 128]",69337088
trunk_fp16.onnx,9276,Softmax,"inputs=[46, 4, 46, 46] -> outputs=[46, 4, 46, 46]",1946720
trunk_fp16.onnx,9278,MatMul,"inputs=[46, 4, 46, 46], [46, 4, 46, 32] -> outputs=[46, 4, 46, 32]",4584914944
trunk_fp16.onnx,9282,MatMul,"inputs=[46, 46, 128], [128, 128] -> outputs=[46, 46, 128]",69337088
trunk_fp16.onnx,9292,MatMul,"inputs=[1, 46, 46, 128], [128, 4] -> outputs=[1, 46, 46, 4]",2166784
trunk_fp16.onnx,9297,MatMul,"inputs=[46, 46, 128], [128, 128] -> outputs=[46, 46, 128]",69337088
trunk_fp16.onnx,9298,MatMul,"inputs=[46, 46, 128], [128, 128] -> outputs=[46, 46, 128]",69337088
trunk_fp16.onnx,9299,MatMul,"inputs=[46, 46, 128], [128, 128] -> outputs=[46, 46, 128]",69337088
trunk_fp16.onnx,9309,MatMul,"inputs=[46, 4, 46, 32], [46, 4, 32, 46] -> outputs=[46, 4, 46, 46]",4584914944
trunk_fp16.onnx,9312,MatMul,"inputs=[46, 46, 128], [128, 128] -> outputs=[46, 46, 128]",69337088
trunk_fp16.onnx,9316,Softmax,"inputs=[46, 4, 46, 46] -> outputs=[46, 4, 46, 46]",1946720
trunk_fp16.onnx,9318,MatMul,"inputs=[46, 4, 46, 46], [46, 4, 46, 32] -> outputs=[46, 4, 46, 32]",4584914944
trunk_fp16.onnx,9322,MatMul,"inputs=[46, 46, 128], [128, 128] -> outputs=[46, 46, 128]",69337088
trunk_fp16.onnx,9332,MatMul,"inputs=[1, 46, 46, 128], [128, 512] -> outputs=[1, 46, 46, 512]",277348352
trunk_fp16.onnx,9335,MatMul,"inputs=[1, 46, 46, 128], [128, 512] -> outputs=[1, 46, 46, 512]",277348352
trunk_fp16.onnx,9337,MatMul,"inputs=[1, 46, 46, 512], [512, 128] -> outputs=[1, 46, 46, 128]",277348352
trunk_fp16.onnx,9344,MatMul,"inputs=[1, 46, 384], [384, 384] -> outputs=[1, 46, 384]",13565952
trunk_fp16.onnx,9347,MatMul,"inputs=[1, 46, 384], [384, 384] -> outputs=[1, 46, 384]",13565952
trunk_fp16.onnx,9349,MatMul,"inputs=[1, 46, 384], [384, 384] -> outputs=[1, 46, 384]",13565952
trunk_fp16.onnx,9351,MatMul,"inputs=[1, 46, 384], [384, 384] -> outputs=[1, 46, 384]",13565952
trunk_fp16.onnx,9353,Einsum,"inputs=[1, 46, 16, 24], [1, 46, 16, 24] -> outputs=[1, 16, 46, 46]",1625088
trunk_fp16.onnx,9360,MatMul,"inputs=[1, 46, 46, 128], [128, 16] -> outputs=[1, 46, 46, 16]",8667136
trunk_fp16.onnx,9368,Softmax,"inputs=[1, 16, 46, 46] -> outputs=[1, 16, 46, 46]",169280
trunk_fp16.onnx,9370,Einsum,"inputs=[1, 16, 46, 46], [1, 46, 16, 24] -> outputs=[1, 46, 16, 24]",1625088
trunk_fp16.onnx,9373,MatMul,"inputs=[1, 46, 384], [384, 384] -> outputs=[1, 46, 384]",13565952
trunk_fp16.onnx,9380,MatMul,"inputs=[1, 46, 384], [384, 1536] -> outputs=[1, 46, 1536]",54263808
trunk_fp16.onnx,9383,MatMul,"inputs=[1, 46, 384], [384, 1536] -> outputs=[1, 46, 1536]",54263808
trunk_fp16.onnx,9385,MatMul,"inputs=[1, 46, 1536], [1536, 384] -> outputs=[1, 46, 384]",54263808
trunk_fp16.onnx,9392,MatMul,"inputs=[1, 46, 46, 128], [128, 256] -> outputs=[1, 46, 46, 256]",138674176
trunk_fp16.onnx,9393,MatMul,"inputs=[1, 46, 46, 128], [128, 256] -> outputs=[1, 46, 46, 256]",138674176
trunk_fp16.onnx,9398,Einsum,"inputs=[1, 46, 46, 128], [1, 46, 46, 128] -> outputs=[1, 46, 46, 128]",24918016
trunk_fp16.onnx,9399,MatMul,"inputs=[1, 46, 46, 128], [128, 128] -> outputs=[1, 46, 46, 128]",69337088
trunk_fp16.onnx,9406,MatMul,"inputs=[1, 46, 46, 128], [128, 128] -> outputs=[1, 46, 46, 128]",69337088
trunk_fp16.onnx,9415,MatMul,"inputs=[1, 46, 46, 128], [128, 256] -> outputs=[1, 46, 46, 256]",138674176
trunk_fp16.onnx,9416,MatMul,"inputs=[1, 46, 46, 128], [128, 256] -> outputs=[1, 46, 46, 256]",138674176
trunk_fp16.onnx,9421,Einsum,"inputs=[1, 46, 46, 128], [1, 46, 46, 128] -> outputs=[1, 46, 46, 128]",24918016
trunk_fp16.onnx,9422,MatMul,"inputs=[1, 46, 46, 128], [128, 128] -> outputs=[1, 46, 46, 128]",69337088
trunk_fp16.onnx,9429,MatMul,"inputs=[1, 46, 46, 128], [128, 128] -> outputs=[1, 46, 46, 128]",69337088
trunk_fp16.onnx,9438,MatMul,"inputs=[1, 46, 46, 128], [128, 4] -> outputs=[1, 46, 46, 4]",2166784
trunk_fp16.onnx,9443,MatMul,"inputs=[46, 46, 128], [128, 128] -> outputs=[46, 46, 128]",69337088
trunk_fp16.onnx,9444,MatMul,"inputs=[46, 46, 128], [128, 128] -> outputs=[46, 46, 128]",69337088
trunk_fp16.onnx,9445,MatMul,"inputs=[46, 46, 128], [128, 128] -> outputs=[46, 46, 128]",69337088
trunk_fp16.onnx,9455,MatMul,"inputs=[46, 4, 46, 32], [46, 4, 32, 46] -> outputs=[46, 4, 46, 46]",4584914944
trunk_fp16.onnx,9458,MatMul,"inputs=[46, 46, 128], [128, 128] -> outputs=[46, 46, 128]",69337088
trunk_fp16.onnx,9462,Softmax,"inputs=[46, 4, 46, 46] -> outputs=[46, 4, 46, 46]",1946720
trunk_fp16.onnx,9464,MatMul,"inputs=[46, 4, 46, 46], [46, 4, 46, 32] -> outputs=[46, 4, 46, 32]",4584914944
trunk_fp16.onnx,9468,MatMul,"inputs=[46, 46, 128], [128, 128] -> outputs=[46, 46, 128]",69337088
trunk_fp16.onnx,9478,MatMul,"inputs=[1, 46, 46, 128], [128, 4] -> outputs=[1, 46, 46, 4]",2166784
trunk_fp16.onnx,9483,MatMul,"inputs=[46, 46, 128], [128, 128] -> outputs=[46, 46, 128]",69337088
trunk_fp16.onnx,9484,MatMul,"inputs=[46, 46, 128], [128, 128] -> outputs=[46, 46, 128]",69337088
trunk_fp16.onnx,9485,MatMul,"inputs=[46, 46, 128], [128, 128] -> outputs=[46, 46, 128]",69337088
trunk_fp16.onnx,9495,MatMul,"inputs=[46, 4, 46, 32], [46, 4, 32, 46] -> outputs=[46, 4, 46, 46]",4584914944
trunk_fp16.onnx,9498,MatMul,"inputs=[46, 46, 128], [128, 128] -> outputs=[46, 46, 128]",69337088
trunk_fp16.onnx,9502,Softmax,"inputs=[46, 4, 46, 46] -> outputs=[46, 4, 46, 46]",1946720
trunk_fp16.onnx,9504,MatMul,"inputs=[46, 4, 46, 46], [46, 4, 46, 32] -> outputs=[46, 4, 46, 32]",4584914944
trunk_fp16.onnx,9508,MatMul,"inputs=[46, 46, 128], [128, 128] -> outputs=[46, 46, 128]",69337088
trunk_fp16.onnx,9518,MatMul,"inputs=[1, 46, 46, 128], [128, 512] -> outputs=[1, 46, 46, 512]",277348352
trunk_fp16.onnx,9521,MatMul,"inputs=[1, 46, 46, 128], [128, 512] -> outputs=[1, 46, 46, 512]",277348352
trunk_fp16.onnx,9523,MatMul,"inputs=[1, 46, 46, 512], [512, 128] -> outputs=[1, 46, 46, 128]",277348352
trunk_fp16.onnx,9530,MatMul,"inputs=[1, 46, 384], [384, 384] -> outputs=[1, 46, 384]",13565952
trunk_fp16.onnx,9533,MatMul,"inputs=[1, 46, 384], [384, 384] -> outputs=[1, 46, 384]",13565952
trunk_fp16.onnx,9535,MatMul,"inputs=[1, 46, 384], [384, 384] -> outputs=[1, 46, 384]",13565952
trunk_fp16.onnx,9537,MatMul,"inputs=[1, 46, 384], [384, 384] -> outputs=[1, 46, 384]",13565952
trunk_fp16.onnx,9539,Einsum,"inputs=[1, 46, 16, 24], [1, 46, 16, 24] -> outputs=[1, 16, 46, 46]",1625088
trunk_fp16.onnx,9546,MatMul,"inputs=[1, 46, 46, 128], [128, 16] -> outputs=[1, 46, 46, 16]",8667136
trunk_fp16.onnx,9554,Softmax,"inputs=[1, 16, 46, 46] -> outputs=[1, 16, 46, 46]",169280
trunk_fp16.onnx,9556,Einsum,"inputs=[1, 16, 46, 46], [1, 46, 16, 24] -> outputs=[1, 46, 16, 24]",1625088
trunk_fp16.onnx,9559,MatMul,"inputs=[1, 46, 384], [384, 384] -> outputs=[1, 46, 384]",13565952
trunk_fp16.onnx,9566,MatMul,"inputs=[1, 46, 384], [384, 1536] -> outputs=[1, 46, 1536]",54263808
trunk_fp16.onnx,9569,MatMul,"inputs=[1, 46, 384], [384, 1536] -> outputs=[1, 46, 1536]",54263808
trunk_fp16.onnx,9571,MatMul,"inputs=[1, 46, 1536], [1536, 384] -> outputs=[1, 46, 384]",54263808
trunk_fp16.onnx,9578,MatMul,"inputs=[1, 46, 46, 128], [128, 256] -> outputs=[1, 46, 46, 256]",138674176
trunk_fp16.onnx,9579,MatMul,"inputs=[1, 46, 46, 128], [128, 256] -> outputs=[1, 46, 46, 256]",138674176
trunk_fp16.onnx,9584,Einsum,"inputs=[1, 46, 46, 128], [1, 46, 46, 128] -> outputs=[1, 46, 46, 128]",24918016
trunk_fp16.onnx,9585,MatMul,"inputs=[1, 46, 46, 128], [128, 128] -> outputs=[1, 46, 46, 128]",69337088
trunk_fp16.onnx,9592,MatMul,"inputs=[1, 46, 46, 128], [128, 128] -> outputs=[1, 46, 46, 128]",69337088
trunk_fp16.onnx,9601,MatMul,"inputs=[1, 46, 46, 128], [128, 256] -> outputs=[1, 46, 46, 256]",138674176
trunk_fp16.onnx,9602,MatMul,"inputs=[1, 46, 46, 128], [128, 256] -> outputs=[1, 46, 46, 256]",138674176
trunk_fp16.onnx,9607,Einsum,"inputs=[1, 46, 46, 128], [1, 46, 46, 128] -> outputs=[1, 46, 46, 128]",24918016
trunk_fp16.onnx,9608,MatMul,"inputs=[1, 46, 46, 128], [128, 128] -> outputs=[1, 46, 46, 128]",69337088
trunk_fp16.onnx,9615,MatMul,"inputs=[1, 46, 46, 128], [128, 128] -> outputs=[1, 46, 46, 128]",69337088
trunk_fp16.onnx,9624,MatMul,"inputs=[1, 46, 46, 128], [128, 4] -> outputs=[1, 46, 46, 4]",2166784
trunk_fp16.onnx,9629,MatMul,"inputs=[46, 46, 128], [128, 128] -> outputs=[46, 46, 128]",69337088
trunk_fp16.onnx,9630,MatMul,"inputs=[46, 46, 128], [128, 128] -> outputs=[46, 46, 128]",69337088
trunk_fp16.onnx,9631,MatMul,"inputs=[46, 46, 128], [128, 128] -> outputs=[46, 46, 128]",69337088
trunk_fp16.onnx,9641,MatMul,"inputs=[46, 4, 46, 32], [46, 4, 32, 46] -> outputs=[46, 4, 46, 46]",4584914944
trunk_fp16.onnx,9644,MatMul,"inputs=[46, 46, 128], [128, 128] -> outputs=[46, 46, 128]",69337088
trunk_fp16.onnx,9648,Softmax,"inputs=[46, 4, 46, 46] -> outputs=[46, 4, 46, 46]",1946720
trunk_fp16.onnx,9650,MatMul,"inputs=[46, 4, 46, 46], [46, 4, 46, 32] -> outputs=[46, 4, 46, 32]",4584914944
trunk_fp16.onnx,9654,MatMul,"inputs=[46, 46, 128], [128, 128] -> outputs=[46, 46, 128]",69337088
trunk_fp16.onnx,9664,MatMul,"inputs=[1, 46, 46, 128], [128, 4] -> outputs=[1, 46, 46, 4]",2166784
trunk_fp16.onnx,9669,MatMul,"inputs=[46, 46, 128], [128, 128] -> outputs=[46, 46, 128]",69337088
trunk_fp16.onnx,9670,MatMul,"inputs=[46, 46, 128], [128, 128] -> outputs=[46, 46, 128]",69337088
trunk_fp16.onnx,9671,MatMul,"inputs=[46, 46, 128], [128, 128] -> outputs=[46, 46, 128]",69337088
trunk_fp16.onnx,9681,MatMul,"inputs=[46, 4, 46, 32], [46, 4, 32, 46] -> outputs=[46, 4, 46, 46]",4584914944
trunk_fp16.onnx,9684,MatMul,"inputs=[46, 46, 128], [128, 128] -> outputs=[46, 46, 128]",69337088
trunk_fp16.onnx,9688,Softmax,"inputs=[46, 4, 46, 46] -> outputs=[46, 4, 46, 46]",1946720
trunk_fp16.onnx,9690,MatMul,"inputs=[46, 4, 46, 46], [46, 4, 46, 32] -> outputs=[46, 4, 46, 32]",4584914944
trunk_fp16.onnx,9694,MatMul,"inputs=[46, 46, 128], [128, 128] -> outputs=[46, 46, 128]",69337088
trunk_fp16.onnx,9704,MatMul,"inputs=[1, 46, 46, 128], [128, 512] -> outputs=[1, 46, 46, 512]",277348352
trunk_fp16.onnx,9707,MatMul,"inputs=[1, 46, 46, 128], [128, 512] -> outputs=[1, 46, 46, 512]",277348352
trunk_fp16.onnx,9709,MatMul,"inputs=[1, 46, 46, 512], [512, 128] -> outputs=[1, 46, 46, 128]",277348352
trunk_fp16.onnx,9716,MatMul,"inputs=[1, 46, 384], [384, 384] -> outputs=[1, 46, 384]",13565952
trunk_fp16.onnx,9719,MatMul,"inputs=[1, 46, 384], [384, 384] -> outputs=[1, 46, 384]",13565952
trunk_fp16.onnx,9721,MatMul,"inputs=[1, 46, 384], [384, 384] -> outputs=[1, 46, 384]",13565952
trunk_fp16.onnx,9723,MatMul,"inputs=[1, 46, 384], [384, 384] -> outputs=[1, 46, 384]",13565952
trunk_fp16.onnx,9725,Einsum,"inputs=[1, 46, 16, 24], [1, 46, 16, 24] -> outputs=[1, 16, 46, 46]",1625088
trunk_fp16.onnx,9732,MatMul,"inputs=[1, 46, 46, 128], [128, 16] -> outputs=[1, 46, 46, 16]",8667136
trunk_fp16.onnx,9740,Softmax,"inputs=[1, 16, 46, 46] -> outputs=[1, 16, 46, 46]",169280
trunk_fp16.onnx,9742,Einsum,"inputs=[1, 16, 46, 46], [1, 46, 16, 24] -> outputs=[1, 46, 16, 24]",1625088
trunk_fp16.onnx,9745,MatMul,"inputs=[1, 46, 384], [384, 384] -> outputs=[1, 46, 384]",13565952
trunk_fp16.onnx,9752,MatMul,"inputs=[1, 46, 384], [384, 1536] -> outputs=[1, 46, 1536]",54263808
trunk_fp16.onnx,9755,MatMul,"inputs=[1, 46, 384], [384, 1536] -> outputs=[1, 46, 1536]",54263808
trunk_fp16.onnx,9757,MatMul,"inputs=[1, 46, 1536], [1536, 384] -> outputs=[1, 46, 384]",54263808
trunk_fp16.onnx,9764,MatMul,"inputs=[1, 46, 46, 128], [128, 256] -> outputs=[1, 46, 46, 256]",138674176
trunk_fp16.onnx,9765,MatMul,"inputs=[1, 46, 46, 128], [128, 256] -> outputs=[1, 46, 46, 256]",138674176
trunk_fp16.onnx,9770,Einsum,"inputs=[1, 46, 46, 128], [1, 46, 46, 128] -> outputs=[1, 46, 46, 128]",24918016
trunk_fp16.onnx,9771,MatMul,"inputs=[1, 46, 46, 128], [128, 128] -> outputs=[1, 46, 46, 128]",69337088
trunk_fp16.onnx,9778,MatMul,"inputs=[1, 46, 46, 128], [128, 128] -> outputs=[1, 46, 46, 128]",69337088
trunk_fp16.onnx,9787,MatMul,"inputs=[1, 46, 46, 128], [128, 256] -> outputs=[1, 46, 46, 256]",138674176
trunk_fp16.onnx,9788,MatMul,"inputs=[1, 46, 46, 128], [128, 256] -> outputs=[1, 46, 46, 256]",138674176
trunk_fp16.onnx,9793,Einsum,"inputs=[1, 46, 46, 128], [1, 46, 46, 128] -> outputs=[1, 46, 46, 128]",24918016
trunk_fp16.onnx,9794,MatMul,"inputs=[1, 46, 46, 128], [128, 128] -> outputs=[1, 46, 46, 128]",69337088
trunk_fp16.onnx,9801,MatMul,"inputs=[1, 46, 46, 128], [128, 128] -> outputs=[1, 46, 46, 128]",69337088
trunk_fp16.onnx,9810,MatMul,"inputs=[1, 46, 46, 128], [128, 4] -> outputs=[1, 46, 46, 4]",2166784
trunk_fp16.onnx,9815,MatMul,"inputs=[46, 46, 128], [128, 128] -> outputs=[46, 46, 128]",69337088
trunk_fp16.onnx,9816,MatMul,"inputs=[46, 46, 128], [128, 128] -> outputs=[46, 46, 128]",69337088
trunk_fp16.onnx,9817,MatMul,"inputs=[46, 46, 128], [128, 128] -> outputs=[46, 46, 128]",69337088
trunk_fp16.onnx,9827,MatMul,"inputs=[46, 4, 46, 32], [46, 4, 32, 46] -> outputs=[46, 4, 46, 46]",4584914944
trunk_fp16.onnx,9830,MatMul,"inputs=[46, 46, 128], [128, 128] -> outputs=[46, 46, 128]",69337088
trunk_fp16.onnx,9834,Softmax,"inputs=[46, 4, 46, 46] -> outputs=[46, 4, 46, 46]",1946720
trunk_fp16.onnx,9836,MatMul,"inputs=[46, 4, 46, 46], [46, 4, 46, 32] -> outputs=[46, 4, 46, 32]",4584914944
trunk_fp16.onnx,9840,MatMul,"inputs=[46, 46, 128], [128, 128] -> outputs=[46, 46, 128]",69337088
trunk_fp16.onnx,9850,MatMul,"inputs=[1, 46, 46, 128], [128, 4] -> outputs=[1, 46, 46, 4]",2166784
trunk_fp16.onnx,9855,MatMul,"inputs=[46, 46, 128], [128, 128] -> outputs=[46, 46, 128]",69337088
trunk_fp16.onnx,9856,MatMul,"inputs=[46, 46, 128], [128, 128] -> outputs=[46, 46, 128]",69337088
trunk_fp16.onnx,9857,MatMul,"inputs=[46, 46, 128], [128, 128] -> outputs=[46, 46, 128]",69337088
trunk_fp16.onnx,9867,MatMul,"inputs=[46, 4, 46, 32], [46, 4, 32, 46] -> outputs=[46, 4, 46, 46]",4584914944
trunk_fp16.onnx,9870,MatMul,"inputs=[46, 46, 128], [128, 128] -> outputs=[46, 46, 128]",69337088
trunk_fp16.onnx,9874,Softmax,"inputs=[46, 4, 46, 46] -> outputs=[46, 4, 46, 46]",1946720
trunk_fp16.onnx,9876,MatMul,"inputs=[46, 4, 46, 46], [46, 4, 46, 32] -> outputs=[46, 4, 46, 32]",4584914944
trunk_fp16.onnx,9880,MatMul,"inputs=[46, 46, 128], [128, 128] -> outputs=[46, 46, 128]",69337088
trunk_fp16.onnx,9890,MatMul,"inputs=[1, 46, 46, 128], [128, 512] -> outputs=[1, 46, 46, 512]",277348352
trunk_fp16.onnx,9893,MatMul,"inputs=[1, 46, 46, 128], [128, 512] -> outputs=[1, 46, 46, 512]",277348352
trunk_fp16.onnx,9895,MatMul,"inputs=[1, 46, 46, 512], [512, 128] -> outputs=[1, 46, 46, 128]",277348352
trunk_fp16.onnx,9902,MatMul,"inputs=[1, 46, 384], [384, 384] -> outputs=[1, 46, 384]",13565952
trunk_fp16.onnx,9905,MatMul,"inputs=[1, 46, 384], [384, 384] -> outputs=[1, 46, 384]",13565952
trunk_fp16.onnx,9907,MatMul,"inputs=[1, 46, 384], [384, 384] -> outputs=[1, 46, 384]",13565952
trunk_fp16.onnx,9909,MatMul,"inputs=[1, 46, 384], [384, 384] -> outputs=[1, 46, 384]",13565952
trunk_fp16.onnx,9911,Einsum,"inputs=[1, 46, 16, 24], [1, 46, 16, 24] -> outputs=[1, 16, 46, 46]",1625088
trunk_fp16.onnx,9918,MatMul,"inputs=[1, 46, 46, 128], [128, 16] -> outputs=[1, 46, 46, 16]",8667136
trunk_fp16.onnx,9926,Softmax,"inputs=[1, 16, 46, 46] -> outputs=[1, 16, 46, 46]",169280
trunk_fp16.onnx,9928,Einsum,"inputs=[1, 16, 46, 46], [1, 46, 16, 24] -> outputs=[1, 46, 16, 24]",1625088
trunk_fp16.onnx,9931,MatMul,"inputs=[1, 46, 384], [384, 384] -> outputs=[1, 46, 384]",13565952
trunk_fp16.onnx,9938,MatMul,"inputs=[1, 46, 384], [384, 1536] -> outputs=[1, 46, 1536]",54263808
trunk_fp16.onnx,9941,MatMul,"inputs=[1, 46, 384], [384, 1536] -> outputs=[1, 46, 1536]",54263808
trunk_fp16.onnx,9943,MatMul,"inputs=[1, 46, 1536], [1536, 384] -> outputs=[1, 46, 384]",54263808
trunk_fp16.onnx,9950,MatMul,"inputs=[1, 46, 46, 128], [128, 256] -> outputs=[1, 46, 46, 256]",138674176
trunk_fp16.onnx,9951,MatMul,"inputs=[1, 46, 46, 128], [128, 256] -> outputs=[1, 46, 46, 256]",138674176
trunk_fp16.onnx,9956,Einsum,"inputs=[1, 46, 46, 128], [1, 46, 46, 128] -> outputs=[1, 46, 46, 128]",24918016
trunk_fp16.onnx,9957,MatMul,"inputs=[1, 46, 46, 128], [128, 128] -> outputs=[1, 46, 46, 128]",69337088
trunk_fp16.onnx,9964,MatMul,"inputs=[1, 46, 46, 128], [128, 128] -> outputs=[1, 46, 46, 128]",69337088
trunk_fp16.onnx,9973,MatMul,"inputs=[1, 46, 46, 128], [128, 256] -> outputs=[1, 46, 46, 256]",138674176
trunk_fp16.onnx,9974,MatMul,"inputs=[1, 46, 46, 128], [128, 256] -> outputs=[1, 46, 46, 256]",138674176
trunk_fp16.onnx,9979,Einsum,"inputs=[1, 46, 46, 128], [1, 46, 46, 128] -> outputs=[1, 46, 46, 128]",24918016
trunk_fp16.onnx,9980,MatMul,"inputs=[1, 46, 46, 128], [128, 128] -> outputs=[1, 46, 46, 128]",69337088
trunk_fp16.onnx,9987,MatMul,"inputs=[1, 46, 46, 128], [128, 128] -> outputs=[1, 46, 46, 128]",69337088
trunk_fp16.onnx,9996,MatMul,"inputs=[1, 46, 46, 128], [128, 4] -> outputs=[1, 46, 46, 4]",2166784
trunk_fp16.onnx,10001,MatMul,"inputs=[46, 46, 128], [128, 128] -> outputs=[46, 46, 128]",69337088
trunk_fp16.onnx,10002,MatMul,"inputs=[46, 46, 128], [128, 128] -> outputs=[46, 46, 128]",69337088
trunk_fp16.onnx,10003,MatMul,"inputs=[46, 46, 128], [128, 128] -> outputs=[46, 46, 128]",69337088
trunk_fp16.onnx,10013,MatMul,"inputs=[46, 4, 46, 32], [46, 4, 32, 46] -> outputs=[46, 4, 46, 46]",4584914944
trunk_fp16.onnx,10016,MatMul,"inputs=[46, 46, 128], [128, 128] -> outputs=[46, 46, 128]",69337088
trunk_fp16.onnx,10020,Softmax,"inputs=[46, 4, 46, 46] -> outputs=[46, 4, 46, 46]",1946720
trunk_fp16.onnx,10022,MatMul,"inputs=[46, 4, 46, 46], [46, 4, 46, 32] -> outputs=[46, 4, 46, 32]",4584914944
trunk_fp16.onnx,10026,MatMul,"inputs=[46, 46, 128], [128, 128] -> outputs=[46, 46, 128]",69337088
trunk_fp16.onnx,10036,MatMul,"inputs=[1, 46, 46, 128], [128, 4] -> outputs=[1, 46, 46, 4]",2166784
trunk_fp16.onnx,10041,MatMul,"inputs=[46, 46, 128], [128, 128] -> outputs=[46, 46, 128]",69337088
trunk_fp16.onnx,10042,MatMul,"inputs=[46, 46, 128], [128, 128] -> outputs=[46, 46, 128]",69337088
trunk_fp16.onnx,10043,MatMul,"inputs=[46, 46, 128], [128, 128] -> outputs=[46, 46, 128]",69337088
trunk_fp16.onnx,10053,MatMul,"inputs=[46, 4, 46, 32], [46, 4, 32, 46] -> outputs=[46, 4, 46, 46]",4584914944
trunk_fp16.onnx,10056,MatMul,"inputs=[46, 46, 128], [128, 128] -> outputs=[46, 46, 128]",69337088
trunk_fp16.onnx,10060,Softmax,"inputs=[46, 4, 46, 46] -> outputs=[46, 4, 46, 46]",1946720
trunk_fp16.onnx,10062,MatMul,"inputs=[46, 4, 46, 46], [46, 4, 46, 32] -> outputs=[46, 4, 46, 32]",4584914944
trunk_fp16.onnx,10066,MatMul,"inputs=[46, 46, 128], [128, 128] -> outputs=[46, 46, 128]",69337088
trunk_fp16.onnx,10076,MatMul,"inputs=[1, 46, 46, 128], [128, 512] -> outputs=[1, 46, 46, 512]",277348352
trunk_fp16.onnx,10079,MatMul,"inputs=[1, 46, 46, 128], [128, 512] -> outputs=[1, 46, 46, 512]",277348352
trunk_fp16.onnx,10081,MatMul,"inputs=[1, 46, 46, 512], [512, 128] -> outputs=[1, 46, 46, 128]",277348352
trunk_fp16.onnx,10088,MatMul,"inputs=[1, 46, 384], [384, 384] -> outputs=[1, 46, 384]",13565952
trunk_fp16.onnx,10091,MatMul,"inputs=[1, 46, 384], [384, 384] -> outputs=[1, 46, 384]",13565952
trunk_fp16.onnx,10093,MatMul,"inputs=[1, 46, 384], [384, 384] -> outputs=[1, 46, 384]",13565952
trunk_fp16.onnx,10095,MatMul,"inputs=[1, 46, 384], [384, 384] -> outputs=[1, 46, 384]",13565952
trunk_fp16.onnx,10097,Einsum,"inputs=[1, 46, 16, 24], [1, 46, 16, 24] -> outputs=[1, 16, 46, 46]",1625088
trunk_fp16.onnx,10104,MatMul,"inputs=[1, 46, 46, 128], [128, 16] -> outputs=[1, 46, 46, 16]",8667136
trunk_fp16.onnx,10112,Softmax,"inputs=[1, 16, 46, 46] -> outputs=[1, 16, 46, 46]",169280
trunk_fp16.onnx,10114,Einsum,"inputs=[1, 16, 46, 46], [1, 46, 16, 24] -> outputs=[1, 46, 16, 24]",1625088
trunk_fp16.onnx,10117,MatMul,"inputs=[1, 46, 384], [384, 384] -> outputs=[1, 46, 384]",13565952
trunk_fp16.onnx,10124,MatMul,"inputs=[1, 46, 384], [384, 1536] -> outputs=[1, 46, 1536]",54263808
trunk_fp16.onnx,10127,MatMul,"inputs=[1, 46, 384], [384, 1536] -> outputs=[1, 46, 1536]",54263808
trunk_fp16.onnx,10129,MatMul,"inputs=[1, 46, 1536], [1536, 384] -> outputs=[1, 46, 384]",54263808
trunk_fp16.onnx,10136,MatMul,"inputs=[1, 46, 46, 128], [128, 256] -> outputs=[1, 46, 46, 256]",138674176
trunk_fp16.onnx,10137,MatMul,"inputs=[1, 46, 46, 128], [128, 256] -> outputs=[1, 46, 46, 256]",138674176
trunk_fp16.onnx,10142,Einsum,"inputs=[1, 46, 46, 128], [1, 46, 46, 128] -> outputs=[1, 46, 46, 128]",24918016
trunk_fp16.onnx,10143,MatMul,"inputs=[1, 46, 46, 128], [128, 128] -> outputs=[1, 46, 46, 128]",69337088
trunk_fp16.onnx,10150,MatMul,"inputs=[1, 46, 46, 128], [128, 128] -> outputs=[1, 46, 46, 128]",69337088
trunk_fp16.onnx,10159,MatMul,"inputs=[1, 46, 46, 128], [128, 256] -> outputs=[1, 46, 46, 256]",138674176
trunk_fp16.onnx,10160,MatMul,"inputs=[1, 46, 46, 128], [128, 256] -> outputs=[1, 46, 46, 256]",138674176
trunk_fp16.onnx,10165,Einsum,"inputs=[1, 46, 46, 128], [1, 46, 46, 128] -> outputs=[1, 46, 46, 128]",24918016
trunk_fp16.onnx,10166,MatMul,"inputs=[1, 46, 46, 128], [128, 128] -> outputs=[1, 46, 46, 128]",69337088
trunk_fp16.onnx,10173,MatMul,"inputs=[1, 46, 46, 128], [128, 128] -> outputs=[1, 46, 46, 128]",69337088
trunk_fp16.onnx,10182,MatMul,"inputs=[1, 46, 46, 128], [128, 4] -> outputs=[1, 46, 46, 4]",2166784
trunk_fp16.onnx,10187,MatMul,"inputs=[46, 46, 128], [128, 128] -> outputs=[46, 46, 128]",69337088
trunk_fp16.onnx,10188,MatMul,"inputs=[46, 46, 128], [128, 128] -> outputs=[46, 46, 128]",69337088
trunk_fp16.onnx,10189,MatMul,"inputs=[46, 46, 128], [128, 128] -> outputs=[46, 46, 128]",69337088
trunk_fp16.onnx,10199,MatMul,"inputs=[46, 4, 46, 32], [46, 4, 32, 46] -> outputs=[46, 4, 46, 46]",4584914944
trunk_fp16.onnx,10202,MatMul,"inputs=[46, 46, 128], [128, 128] -> outputs=[46, 46, 128]",69337088
trunk_fp16.onnx,10206,Softmax,"inputs=[46, 4, 46, 46] -> outputs=[46, 4, 46, 46]",1946720
trunk_fp16.onnx,10208,MatMul,"inputs=[46, 4, 46, 46], [46, 4, 46, 32] -> outputs=[46, 4, 46, 32]",4584914944
trunk_fp16.onnx,10212,MatMul,"inputs=[46, 46, 128], [128, 128] -> outputs=[46, 46, 128]",69337088
trunk_fp16.onnx,10222,MatMul,"inputs=[1, 46, 46, 128], [128, 4] -> outputs=[1, 46, 46, 4]",2166784
trunk_fp16.onnx,10227,MatMul,"inputs=[46, 46, 128], [128, 128] -> outputs=[46, 46, 128]",69337088
trunk_fp16.onnx,10228,MatMul,"inputs=[46, 46, 128], [128, 128] -> outputs=[46, 46, 128]",69337088
trunk_fp16.onnx,10229,MatMul,"inputs=[46, 46, 128], [128, 128] -> outputs=[46, 46, 128]",69337088
trunk_fp16.onnx,10239,MatMul,"inputs=[46, 4, 46, 32], [46, 4, 32, 46] -> outputs=[46, 4, 46, 46]",4584914944
trunk_fp16.onnx,10242,MatMul,"inputs=[46, 46, 128], [128, 128] -> outputs=[46, 46, 128]",69337088
trunk_fp16.onnx,10246,Softmax,"inputs=[46, 4, 46, 46] -> outputs=[46, 4, 46, 46]",1946720
trunk_fp16.onnx,10248,MatMul,"inputs=[46, 4, 46, 46], [46, 4, 46, 32] -> outputs=[46, 4, 46, 32]",4584914944
trunk_fp16.onnx,10252,MatMul,"inputs=[46, 46, 128], [128, 128] -> outputs=[46, 46, 128]",69337088
trunk_fp16.onnx,10262,MatMul,"inputs=[1, 46, 46, 128], [128, 512] -> outputs=[1, 46, 46, 512]",277348352
trunk_fp16.onnx,10265,MatMul,"inputs=[1, 46, 46, 128], [128, 512] -> outputs=[1, 46, 46, 512]",277348352
trunk_fp16.onnx,10267,MatMul,"inputs=[1, 46, 46, 512], [512, 128] -> outputs=[1, 46, 46, 128]",277348352
trunk_fp16.onnx,10274,MatMul,"inputs=[1, 46, 384], [384, 384] -> outputs=[1, 46, 384]",13565952
trunk_fp16.onnx,10277,MatMul,"inputs=[1, 46, 384], [384, 384] -> outputs=[1, 46, 384]",13565952
trunk_fp16.onnx,10279,MatMul,"inputs=[1, 46, 384], [384, 384] -> outputs=[1, 46, 384]",13565952
trunk_fp16.onnx,10281,MatMul,"inputs=[1, 46, 384], [384, 384] -> outputs=[1, 46, 384]",13565952
trunk_fp16.onnx,10283,Einsum,"inputs=[1, 46, 16, 24], [1, 46, 16, 24] -> outputs=[1, 16, 46, 46]",1625088
trunk_fp16.onnx,10290,MatMul,"inputs=[1, 46, 46, 128], [128, 16] -> outputs=[1, 46, 46, 16]",8667136
trunk_fp16.onnx,10298,Softmax,"inputs=[1, 16, 46, 46] -> outputs=[1, 16, 46, 46]",169280
trunk_fp16.onnx,10300,Einsum,"inputs=[1, 16, 46, 46], [1, 46, 16, 24] -> outputs=[1, 46, 16, 24]",1625088
trunk_fp16.onnx,10303,MatMul,"inputs=[1, 46, 384], [384, 384] -> outputs=[1, 46, 384]",13565952
trunk_fp16.onnx,10310,MatMul,"inputs=[1, 46, 384], [384, 1536] -> outputs=[1, 46, 1536]",54263808
trunk_fp16.onnx,10313,MatMul,"inputs=[1, 46, 384], [384, 1536] -> outputs=[1, 46, 1536]",54263808
trunk_fp16.onnx,10315,MatMul,"inputs=[1, 46, 1536], [1536, 384] -> outputs=[1, 46, 384]",54263808
trunk_fp16.onnx,10322,MatMul,"inputs=[1, 46, 46, 128], [128, 256] -> outputs=[1, 46, 46, 256]",138674176
trunk_fp16.onnx,10323,MatMul,"inputs=[1, 46, 46, 128], [128, 256] -> outputs=[1, 46, 46, 256]",138674176
trunk_fp16.onnx,10328,Einsum,"inputs=[1, 46, 46, 128], [1, 46, 46, 128] -> outputs=[1, 46, 46, 128]",24918016
trunk_fp16.onnx,10329,MatMul,"inputs=[1, 46, 46, 128], [128, 128] -> outputs=[1, 46, 46, 128]",69337088
trunk_fp16.onnx,10336,MatMul,"inputs=[1, 46, 46, 128], [128, 128] -> outputs=[1, 46, 46, 128]",69337088
trunk_fp16.onnx,10345,MatMul,"inputs=[1, 46, 46, 128], [128, 256] -> outputs=[1, 46, 46, 256]",138674176
trunk_fp16.onnx,10346,MatMul,"inputs=[1, 46, 46, 128], [128, 256] -> outputs=[1, 46, 46, 256]",138674176
trunk_fp16.onnx,10351,Einsum,"inputs=[1, 46, 46, 128], [1, 46, 46, 128] -> outputs=[1, 46, 46, 128]",24918016
trunk_fp16.onnx,10352,MatMul,"inputs=[1, 46, 46, 128], [128, 128] -> outputs=[1, 46, 46, 128]",69337088
trunk_fp16.onnx,10359,MatMul,"inputs=[1, 46, 46, 128], [128, 128] -> outputs=[1, 46, 46, 128]",69337088
trunk_fp16.onnx,10368,MatMul,"inputs=[1, 46, 46, 128], [128, 4] -> outputs=[1, 46, 46, 4]",2166784
trunk_fp16.onnx,10373,MatMul,"inputs=[46, 46, 128], [128, 128] -> outputs=[46, 46, 128]",69337088
trunk_fp16.onnx,10374,MatMul,"inputs=[46, 46, 128], [128, 128] -> outputs=[46, 46, 128]",69337088
trunk_fp16.onnx,10375,MatMul,"inputs=[46, 46, 128], [128, 128] -> outputs=[46, 46, 128]",69337088
trunk_fp16.onnx,10385,MatMul,"inputs=[46, 4, 46, 32], [46, 4, 32, 46] -> outputs=[46, 4, 46, 46]",4584914944
trunk_fp16.onnx,10388,MatMul,"inputs=[46, 46, 128], [128, 128] -> outputs=[46, 46, 128]",69337088
trunk_fp16.onnx,10392,Softmax,"inputs=[46, 4, 46, 46] -> outputs=[46, 4, 46, 46]",1946720
trunk_fp16.onnx,10394,MatMul,"inputs=[46, 4, 46, 46], [46, 4, 46, 32] -> outputs=[46, 4, 46, 32]",4584914944
trunk_fp16.onnx,10398,MatMul,"inputs=[46, 46, 128], [128, 128] -> outputs=[46, 46, 128]",69337088
trunk_fp16.onnx,10408,MatMul,"inputs=[1, 46, 46, 128], [128, 4] -> outputs=[1, 46, 46, 4]",2166784
trunk_fp16.onnx,10413,MatMul,"inputs=[46, 46, 128], [128, 128] -> outputs=[46, 46, 128]",69337088
trunk_fp16.onnx,10414,MatMul,"inputs=[46, 46, 128], [128, 128] -> outputs=[46, 46, 128]",69337088
trunk_fp16.onnx,10415,MatMul,"inputs=[46, 46, 128], [128, 128] -> outputs=[46, 46, 128]",69337088
trunk_fp16.onnx,10425,MatMul,"inputs=[46, 4, 46, 32], [46, 4, 32, 46] -> outputs=[46, 4, 46, 46]",4584914944
trunk_fp16.onnx,10428,MatMul,"inputs=[46, 46, 128], [128, 128] -> outputs=[46, 46, 128]",69337088
trunk_fp16.onnx,10432,Softmax,"inputs=[46, 4, 46, 46] -> outputs=[46, 4, 46, 46]",1946720
trunk_fp16.onnx,10434,MatMul,"inputs=[46, 4, 46, 46], [46, 4, 46, 32] -> outputs=[46, 4, 46, 32]",4584914944
trunk_fp16.onnx,10438,MatMul,"inputs=[46, 46, 128], [128, 128] -> outputs=[46, 46, 128]",69337088
trunk_fp16.onnx,10448,MatMul,"inputs=[1, 46, 46, 128], [128, 512] -> outputs=[1, 46, 46, 512]",277348352
trunk_fp16.onnx,10451,MatMul,"inputs=[1, 46, 46, 128], [128, 512] -> outputs=[1, 46, 46, 512]",277348352
trunk_fp16.onnx,10453,MatMul,"inputs=[1, 46, 46, 512], [512, 128] -> outputs=[1, 46, 46, 128]",277348352
trunk_fp16.onnx,10460,MatMul,"inputs=[1, 46, 384], [384, 384] -> outputs=[1, 46, 384]",13565952
trunk_fp16.onnx,10463,MatMul,"inputs=[1, 46, 384], [384, 384] -> outputs=[1, 46, 384]",13565952
trunk_fp16.onnx,10465,MatMul,"inputs=[1, 46, 384], [384, 384] -> outputs=[1, 46, 384]",13565952
trunk_fp16.onnx,10467,MatMul,"inputs=[1, 46, 384], [384, 384] -> outputs=[1, 46, 384]",13565952
trunk_fp16.onnx,10469,Einsum,"inputs=[1, 46, 16, 24], [1, 46, 16, 24] -> outputs=[1, 16, 46, 46]",1625088
trunk_fp16.onnx,10476,MatMul,"inputs=[1, 46, 46, 128], [128, 16] -> outputs=[1, 46, 46, 16]",8667136
trunk_fp16.onnx,10484,Softmax,"inputs=[1, 16, 46, 46] -> outputs=[1, 16, 46, 46]",169280
trunk_fp16.onnx,10486,Einsum,"inputs=[1, 16, 46, 46], [1, 46, 16, 24] -> outputs=[1, 46, 16, 24]",1625088
trunk_fp16.onnx,10489,MatMul,"inputs=[1, 46, 384], [384, 384] -> outputs=[1, 46, 384]",13565952
trunk_fp16.onnx,10496,MatMul,"inputs=[1, 46, 384], [384, 1536] -> outputs=[1, 46, 1536]",54263808
trunk_fp16.onnx,10499,MatMul,"inputs=[1, 46, 384], [384, 1536] -> outputs=[1, 46, 1536]",54263808
trunk_fp16.onnx,10501,MatMul,"inputs=[1, 46, 1536], [1536, 384] -> outputs=[1, 46, 384]",54263808
trunk_fp16.onnx,10508,MatMul,"inputs=[1, 46, 46, 128], [128, 256] -> outputs=[1, 46, 46, 256]",138674176
trunk_fp16.onnx,10509,MatMul,"inputs=[1, 46, 46, 128], [128, 256] -> outputs=[1, 46, 46, 256]",138674176
trunk_fp16.onnx,10514,Einsum,"inputs=[1, 46, 46, 128], [1, 46, 46, 128] -> outputs=[1, 46, 46, 128]",24918016
trunk_fp16.onnx,10515,MatMul,"inputs=[1, 46, 46, 128], [128, 128] -> outputs=[1, 46, 46, 128]",69337088
trunk_fp16.onnx,10522,MatMul,"inputs=[1, 46, 46, 128], [128, 128] -> outputs=[1, 46, 46, 128]",69337088
trunk_fp16.onnx,10531,MatMul,"inputs=[1, 46, 46, 128], [128, 256] -> outputs=[1, 46, 46, 256]",138674176
trunk_fp16.onnx,10532,MatMul,"inputs=[1, 46, 46, 128], [128, 256] -> outputs=[1, 46, 46, 256]",138674176
trunk_fp16.onnx,10537,Einsum,"inputs=[1, 46, 46, 128], [1, 46, 46, 128] -> outputs=[1, 46, 46, 128]",24918016
trunk_fp16.onnx,10538,MatMul,"inputs=[1, 46, 46, 128], [128, 128] -> outputs=[1, 46, 46, 128]",69337088
trunk_fp16.onnx,10545,MatMul,"inputs=[1, 46, 46, 128], [128, 128] -> outputs=[1, 46, 46, 128]",69337088
trunk_fp16.onnx,10554,MatMul,"inputs=[1, 46, 46, 128], [128, 4] -> outputs=[1, 46, 46, 4]",2166784
trunk_fp16.onnx,10559,MatMul,"inputs=[46, 46, 128], [128, 128] -> outputs=[46, 46, 128]",69337088
trunk_fp16.onnx,10560,MatMul,"inputs=[46, 46, 128], [128, 128] -> outputs=[46, 46, 128]",69337088
trunk_fp16.onnx,10561,MatMul,"inputs=[46, 46, 128], [128, 128] -> outputs=[46, 46, 128]",69337088
trunk_fp16.onnx,10571,MatMul,"inputs=[46, 4, 46, 32], [46, 4, 32, 46] -> outputs=[46, 4, 46, 46]",4584914944
trunk_fp16.onnx,10574,MatMul,"inputs=[46, 46, 128], [128, 128] -> outputs=[46, 46, 128]",69337088
trunk_fp16.onnx,10578,Softmax,"inputs=[46, 4, 46, 46] -> outputs=[46, 4, 46, 46]",1946720
trunk_fp16.onnx,10580,MatMul,"inputs=[46, 4, 46, 46], [46, 4, 46, 32] -> outputs=[46, 4, 46, 32]",4584914944
trunk_fp16.onnx,10584,MatMul,"inputs=[46, 46, 128], [128, 128] -> outputs=[46, 46, 128]",69337088
trunk_fp16.onnx,10594,MatMul,"inputs=[1, 46, 46, 128], [128, 4] -> outputs=[1, 46, 46, 4]",2166784
trunk_fp16.onnx,10599,MatMul,"inputs=[46, 46, 128], [128, 128] -> outputs=[46, 46, 128]",69337088
trunk_fp16.onnx,10600,MatMul,"inputs=[46, 46, 128], [128, 128] -> outputs=[46, 46, 128]",69337088
trunk_fp16.onnx,10601,MatMul,"inputs=[46, 46, 128], [128, 128] -> outputs=[46, 46, 128]",69337088
trunk_fp16.onnx,10611,MatMul,"inputs=[46, 4, 46, 32], [46, 4, 32, 46] -> outputs=[46, 4, 46, 46]",4584914944
trunk_fp16.onnx,10614,MatMul,"inputs=[46, 46, 128], [128, 128] -> outputs=[46, 46, 128]",69337088
trunk_fp16.onnx,10618,Softmax,"inputs=[46, 4, 46, 46] -> outputs=[46, 4, 46, 46]",1946720
trunk_fp16.onnx,10620,MatMul,"inputs=[46, 4, 46, 46], [46, 4, 46, 32] -> outputs=[46, 4, 46, 32]",4584914944
trunk_fp16.onnx,10624,MatMul,"inputs=[46, 46, 128], [128, 128] -> outputs=[46, 46, 128]",69337088
trunk_fp16.onnx,10634,MatMul,"inputs=[1, 46, 46, 128], [128, 512] -> outputs=[1, 46, 46, 512]",277348352
trunk_fp16.onnx,10637,MatMul,"inputs=[1, 46, 46, 128], [128, 512] -> outputs=[1, 46, 46, 512]",277348352
trunk_fp16.onnx,10639,MatMul,"inputs=[1, 46, 46, 512], [512, 128] -> outputs=[1, 46, 46, 128]",277348352
trunk_fp16.onnx,10646,MatMul,"inputs=[1, 46, 384], [384, 384] -> outputs=[1, 46, 384]",13565952
trunk_fp16.onnx,10649,MatMul,"inputs=[1, 46, 384], [384, 384] -> outputs=[1, 46, 384]",13565952
trunk_fp16.onnx,10651,MatMul,"inputs=[1, 46, 384], [384, 384] -> outputs=[1, 46, 384]",13565952
trunk_fp16.onnx,10653,MatMul,"inputs=[1, 46, 384], [384, 384] -> outputs=[1, 46, 384]",13565952
trunk_fp16.onnx,10655,Einsum,"inputs=[1, 46, 16, 24], [1, 46, 16, 24] -> outputs=[1, 16, 46, 46]",1625088
trunk_fp16.onnx,10662,MatMul,"inputs=[1, 46, 46, 128], [128, 16] -> outputs=[1, 46, 46, 16]",8667136
trunk_fp16.onnx,10670,Softmax,"inputs=[1, 16, 46, 46] -> outputs=[1, 16, 46, 46]",169280
trunk_fp16.onnx,10672,Einsum,"inputs=[1, 16, 46, 46], [1, 46, 16, 24] -> outputs=[1, 46, 16, 24]",1625088
trunk_fp16.onnx,10675,MatMul,"inputs=[1, 46, 384], [384, 384] -> outputs=[1, 46, 384]",13565952
trunk_fp16.onnx,10682,MatMul,"inputs=[1, 46, 384], [384, 1536] -> outputs=[1, 46, 1536]",54263808
trunk_fp16.onnx,10685,MatMul,"inputs=[1, 46, 384], [384, 1536] -> outputs=[1, 46, 1536]",54263808
trunk_fp16.onnx,10687,MatMul,"inputs=[1, 46, 1536], [1536, 384] -> outputs=[1, 46, 384]",54263808
trunk_fp16.onnx,10694,MatMul,"inputs=[1, 46, 46, 128], [128, 256] -> outputs=[1, 46, 46, 256]",138674176
trunk_fp16.onnx,10695,MatMul,"inputs=[1, 46, 46, 128], [128, 256] -> outputs=[1, 46, 46, 256]",138674176
trunk_fp16.onnx,10700,Einsum,"inputs=[1, 46, 46, 128], [1, 46, 46, 128] -> outputs=[1, 46, 46, 128]",24918016
trunk_fp16.onnx,10701,MatMul,"inputs=[1, 46, 46, 128], [128, 128] -> outputs=[1, 46, 46, 128]",69337088
trunk_fp16.onnx,10708,MatMul,"inputs=[1, 46, 46, 128], [128, 128] -> outputs=[1, 46, 46, 128]",69337088
trunk_fp16.onnx,10717,MatMul,"inputs=[1, 46, 46, 128], [128, 256] -> outputs=[1, 46, 46, 256]",138674176
trunk_fp16.onnx,10718,MatMul,"inputs=[1, 46, 46, 128], [128, 256] -> outputs=[1, 46, 46, 256]",138674176
trunk_fp16.onnx,10723,Einsum,"inputs=[1, 46, 46, 128], [1, 46, 46, 128] -> outputs=[1, 46, 46, 128]",24918016
trunk_fp16.onnx,10724,MatMul,"inputs=[1, 46, 46, 128], [128, 128] -> outputs=[1, 46, 46, 128]",69337088
trunk_fp16.onnx,10731,MatMul,"inputs=[1, 46, 46, 128], [128, 128] -> outputs=[1, 46, 46, 128]",69337088
trunk_fp16.onnx,10740,MatMul,"inputs=[1, 46, 46, 128], [128, 4] -> outputs=[1, 46, 46, 4]",2166784
trunk_fp16.onnx,10745,MatMul,"inputs=[46, 46, 128], [128, 128] -> outputs=[46, 46, 128]",69337088
trunk_fp16.onnx,10746,MatMul,"inputs=[46, 46, 128], [128, 128] -> outputs=[46, 46, 128]",69337088
trunk_fp16.onnx,10747,MatMul,"inputs=[46, 46, 128], [128, 128] -> outputs=[46, 46, 128]",69337088
trunk_fp16.onnx,10757,MatMul,"inputs=[46, 4, 46, 32], [46, 4, 32, 46] -> outputs=[46, 4, 46, 46]",4584914944
trunk_fp16.onnx,10760,MatMul,"inputs=[46, 46, 128], [128, 128] -> outputs=[46, 46, 128]",69337088
trunk_fp16.onnx,10764,Softmax,"inputs=[46, 4, 46, 46] -> outputs=[46, 4, 46, 46]",1946720
trunk_fp16.onnx,10766,MatMul,"inputs=[46, 4, 46, 46], [46, 4, 46, 32] -> outputs=[46, 4, 46, 32]",4584914944
trunk_fp16.onnx,10770,MatMul,"inputs=[46, 46, 128], [128, 128] -> outputs=[46, 46, 128]",69337088
trunk_fp16.onnx,10780,MatMul,"inputs=[1, 46, 46, 128], [128, 4] -> outputs=[1, 46, 46, 4]",2166784
trunk_fp16.onnx,10785,MatMul,"inputs=[46, 46, 128], [128, 128] -> outputs=[46, 46, 128]",69337088
trunk_fp16.onnx,10786,MatMul,"inputs=[46, 46, 128], [128, 128] -> outputs=[46, 46, 128]",69337088
trunk_fp16.onnx,10787,MatMul,"inputs=[46, 46, 128], [128, 128] -> outputs=[46, 46, 128]",69337088
trunk_fp16.onnx,10797,MatMul,"inputs=[46, 4, 46, 32], [46, 4, 32, 46] -> outputs=[46, 4, 46, 46]",4584914944
trunk_fp16.onnx,10800,MatMul,"inputs=[46, 46, 128], [128, 128] -> outputs=[46, 46, 128]",69337088
trunk_fp16.onnx,10804,Softmax,"inputs=[46, 4, 46, 46] -> outputs=[46, 4, 46, 46]",1946720
trunk_fp16.onnx,10806,MatMul,"inputs=[46, 4, 46, 46], [46, 4, 46, 32] -> outputs=[46, 4, 46, 32]",4584914944
trunk_fp16.onnx,10810,MatMul,"inputs=[46, 46, 128], [128, 128] -> outputs=[46, 46, 128]",69337088
trunk_fp16.onnx,10820,MatMul,"inputs=[1, 46, 46, 128], [128, 512] -> outputs=[1, 46, 46, 512]",277348352
trunk_fp16.onnx,10823,MatMul,"inputs=[1, 46, 46, 128], [128, 512] -> outputs=[1, 46, 46, 512]",277348352
trunk_fp16.onnx,10825,MatMul,"inputs=[1, 46, 46, 512], [512, 128] -> outputs=[1, 46, 46, 128]",277348352
trunk_fp16.onnx,10832,MatMul,"inputs=[1, 46, 384], [384, 384] -> outputs=[1, 46, 384]",13565952
trunk_fp16.onnx,10835,MatMul,"inputs=[1, 46, 384], [384, 384] -> outputs=[1, 46, 384]",13565952
trunk_fp16.onnx,10837,MatMul,"inputs=[1, 46, 384], [384, 384] -> outputs=[1, 46, 384]",13565952
trunk_fp16.onnx,10839,MatMul,"inputs=[1, 46, 384], [384, 384] -> outputs=[1, 46, 384]",13565952
trunk_fp16.onnx,10841,Einsum,"inputs=[1, 46, 16, 24], [1, 46, 16, 24] -> outputs=[1, 16, 46, 46]",1625088
trunk_fp16.onnx,10848,MatMul,"inputs=[1, 46, 46, 128], [128, 16] -> outputs=[1, 46, 46, 16]",8667136
trunk_fp16.onnx,10856,Softmax,"inputs=[1, 16, 46, 46] -> outputs=[1, 16, 46, 46]",169280
trunk_fp16.onnx,10858,Einsum,"inputs=[1, 16, 46, 46], [1, 46, 16, 24] -> outputs=[1, 46, 16, 24]",1625088
trunk_fp16.onnx,10861,MatMul,"inputs=[1, 46, 384], [384, 384] -> outputs=[1, 46, 384]",13565952
trunk_fp16.onnx,10868,MatMul,"inputs=[1, 46, 384], [384, 1536] -> outputs=[1, 46, 1536]",54263808
trunk_fp16.onnx,10871,MatMul,"inputs=[1, 46, 384], [384, 1536] -> outputs=[1, 46, 1536]",54263808
trunk_fp16.onnx,10873,MatMul,"inputs=[1, 46, 1536], [1536, 384] -> outputs=[1, 46, 384]",54263808
trunk_fp16.onnx,10880,MatMul,"inputs=[1, 46, 46, 128], [128, 256] -> outputs=[1, 46, 46, 256]",138674176
trunk_fp16.onnx,10881,MatMul,"inputs=[1, 46, 46, 128], [128, 256] -> outputs=[1, 46, 46, 256]",138674176
trunk_fp16.onnx,10886,Einsum,"inputs=[1, 46, 46, 128], [1, 46, 46, 128] -> outputs=[1, 46, 46, 128]",24918016
trunk_fp16.onnx,10887,MatMul,"inputs=[1, 46, 46, 128], [128, 128] -> outputs=[1, 46, 46, 128]",69337088
trunk_fp16.onnx,10894,MatMul,"inputs=[1, 46, 46, 128], [128, 128] -> outputs=[1, 46, 46, 128]",69337088
trunk_fp16.onnx,10903,MatMul,"inputs=[1, 46, 46, 128], [128, 256] -> outputs=[1, 46, 46, 256]",138674176
trunk_fp16.onnx,10904,MatMul,"inputs=[1, 46, 46, 128], [128, 256] -> outputs=[1, 46, 46, 256]",138674176
trunk_fp16.onnx,10909,Einsum,"inputs=[1, 46, 46, 128], [1, 46, 46, 128] -> outputs=[1, 46, 46, 128]",24918016
trunk_fp16.onnx,10910,MatMul,"inputs=[1, 46, 46, 128], [128, 128] -> outputs=[1, 46, 46, 128]",69337088
trunk_fp16.onnx,10917,MatMul,"inputs=[1, 46, 46, 128], [128, 128] -> outputs=[1, 46, 46, 128]",69337088
trunk_fp16.onnx,10926,MatMul,"inputs=[1, 46, 46, 128], [128, 4] -> outputs=[1, 46, 46, 4]",2166784
trunk_fp16.onnx,10931,MatMul,"inputs=[46, 46, 128], [128, 128] -> outputs=[46, 46, 128]",69337088
trunk_fp16.onnx,10932,MatMul,"inputs=[46, 46, 128], [128, 128] -> outputs=[46, 46, 128]",69337088
trunk_fp16.onnx,10933,MatMul,"inputs=[46, 46, 128], [128, 128] -> outputs=[46, 46, 128]",69337088
trunk_fp16.onnx,10943,MatMul,"inputs=[46, 4, 46, 32], [46, 4, 32, 46] -> outputs=[46, 4, 46, 46]",4584914944
trunk_fp16.onnx,10946,MatMul,"inputs=[46, 46, 128], [128, 128] -> outputs=[46, 46, 128]",69337088
trunk_fp16.onnx,10950,Softmax,"inputs=[46, 4, 46, 46] -> outputs=[46, 4, 46, 46]",1946720
trunk_fp16.onnx,10952,MatMul,"inputs=[46, 4, 46, 46], [46, 4, 46, 32] -> outputs=[46, 4, 46, 32]",4584914944
trunk_fp16.onnx,10956,MatMul,"inputs=[46, 46, 128], [128, 128] -> outputs=[46, 46, 128]",69337088
trunk_fp16.onnx,10966,MatMul,"inputs=[1, 46, 46, 128], [128, 4] -> outputs=[1, 46, 46, 4]",2166784
trunk_fp16.onnx,10971,MatMul,"inputs=[46, 46, 128], [128, 128] -> outputs=[46, 46, 128]",69337088
trunk_fp16.onnx,10972,MatMul,"inputs=[46, 46, 128], [128, 128] -> outputs=[46, 46, 128]",69337088
trunk_fp16.onnx,10973,MatMul,"inputs=[46, 46, 128], [128, 128] -> outputs=[46, 46, 128]",69337088
trunk_fp16.onnx,10983,MatMul,"inputs=[46, 4, 46, 32], [46, 4, 32, 46] -> outputs=[46, 4, 46, 46]",4584914944
trunk_fp16.onnx,10986,MatMul,"inputs=[46, 46, 128], [128, 128] -> outputs=[46, 46, 128]",69337088
trunk_fp16.onnx,10990,Softmax,"inputs=[46, 4, 46, 46] -> outputs=[46, 4, 46, 46]",1946720
trunk_fp16.onnx,10992,MatMul,"inputs=[46, 4, 46, 46], [46, 4, 46, 32] -> outputs=[46, 4, 46, 32]",4584914944
trunk_fp16.onnx,10996,MatMul,"inputs=[46, 46, 128], [128, 128] -> outputs=[46, 46, 128]",69337088
trunk_fp16.onnx,11006,MatMul,"inputs=[1, 46, 46, 128], [128, 512] -> outputs=[1, 46, 46, 512]",277348352
trunk_fp16.onnx,11009,MatMul,"inputs=[1, 46, 46, 128], [128, 512] -> outputs=[1, 46, 46, 512]",277348352
trunk_fp16.onnx,11011,MatMul,"inputs=[1, 46, 46, 512], [512, 128] -> outputs=[1, 46, 46, 128]",277348352
trunk_fp16.onnx,11018,MatMul,"inputs=[1, 46, 384], [384, 384] -> outputs=[1, 46, 384]",13565952
trunk_fp16.onnx,11021,MatMul,"inputs=[1, 46, 384], [384, 384] -> outputs=[1, 46, 384]",13565952
trunk_fp16.onnx,11023,MatMul,"inputs=[1, 46, 384], [384, 384] -> outputs=[1, 46, 384]",13565952
trunk_fp16.onnx,11025,MatMul,"inputs=[1, 46, 384], [384, 384] -> outputs=[1, 46, 384]",13565952
trunk_fp16.onnx,11027,Einsum,"inputs=[1, 46, 16, 24], [1, 46, 16, 24] -> outputs=[1, 16, 46, 46]",1625088
trunk_fp16.onnx,11034,MatMul,"inputs=[1, 46, 46, 128], [128, 16] -> outputs=[1, 46, 46, 16]",8667136
trunk_fp16.onnx,11042,Softmax,"inputs=[1, 16, 46, 46] -> outputs=[1, 16, 46, 46]",169280
trunk_fp16.onnx,11044,Einsum,"inputs=[1, 16, 46, 46], [1, 46, 16, 24] -> outputs=[1, 46, 16, 24]",1625088
trunk_fp16.onnx,11047,MatMul,"inputs=[1, 46, 384], [384, 384] -> outputs=[1, 46, 384]",13565952
trunk_fp16.onnx,11054,MatMul,"inputs=[1, 46, 384], [384, 1536] -> outputs=[1, 46, 1536]",54263808
trunk_fp16.onnx,11057,MatMul,"inputs=[1, 46, 384], [384, 1536] -> outputs=[1, 46, 1536]",54263808
trunk_fp16.onnx,11059,MatMul,"inputs=[1, 46, 1536], [1536, 384] -> outputs=[1, 46, 384]",54263808
trunk_fp16.onnx,11066,MatMul,"inputs=[1, 46, 46, 128], [128, 256] -> outputs=[1, 46, 46, 256]",138674176
trunk_fp16.onnx,11067,MatMul,"inputs=[1, 46, 46, 128], [128, 256] -> outputs=[1, 46, 46, 256]",138674176
trunk_fp16.onnx,11072,Einsum,"inputs=[1, 46, 46, 128], [1, 46, 46, 128] -> outputs=[1, 46, 46, 128]",24918016
trunk_fp16.onnx,11073,MatMul,"inputs=[1, 46, 46, 128], [128, 128] -> outputs=[1, 46, 46, 128]",69337088
trunk_fp16.onnx,11080,MatMul,"inputs=[1, 46, 46, 128], [128, 128] -> outputs=[1, 46, 46, 128]",69337088
trunk_fp16.onnx,11089,MatMul,"inputs=[1, 46, 46, 128], [128, 256] -> outputs=[1, 46, 46, 256]",138674176
trunk_fp16.onnx,11090,MatMul,"inputs=[1, 46, 46, 128], [128, 256] -> outputs=[1, 46, 46, 256]",138674176
trunk_fp16.onnx,11095,Einsum,"inputs=[1, 46, 46, 128], [1, 46, 46, 128] -> outputs=[1, 46, 46, 128]",24918016
trunk_fp16.onnx,11096,MatMul,"inputs=[1, 46, 46, 128], [128, 128] -> outputs=[1, 46, 46, 128]",69337088
trunk_fp16.onnx,11103,MatMul,"inputs=[1, 46, 46, 128], [128, 128] -> outputs=[1, 46, 46, 128]",69337088
trunk_fp16.onnx,11112,MatMul,"inputs=[1, 46, 46, 128], [128, 4] -> outputs=[1, 46, 46, 4]",2166784
trunk_fp16.onnx,11117,MatMul,"inputs=[46, 46, 128], [128, 128] -> outputs=[46, 46, 128]",69337088
trunk_fp16.onnx,11118,MatMul,"inputs=[46, 46, 128], [128, 128] -> outputs=[46, 46, 128]",69337088
trunk_fp16.onnx,11119,MatMul,"inputs=[46, 46, 128], [128, 128] -> outputs=[46, 46, 128]",69337088
trunk_fp16.onnx,11129,MatMul,"inputs=[46, 4, 46, 32], [46, 4, 32, 46] -> outputs=[46, 4, 46, 46]",4584914944
trunk_fp16.onnx,11132,MatMul,"inputs=[46, 46, 128], [128, 128] -> outputs=[46, 46, 128]",69337088
trunk_fp16.onnx,11136,Softmax,"inputs=[46, 4, 46, 46] -> outputs=[46, 4, 46, 46]",1946720
trunk_fp16.onnx,11138,MatMul,"inputs=[46, 4, 46, 46], [46, 4, 46, 32] -> outputs=[46, 4, 46, 32]",4584914944
trunk_fp16.onnx,11142,MatMul,"inputs=[46, 46, 128], [128, 128] -> outputs=[46, 46, 128]",69337088
trunk_fp16.onnx,11152,MatMul,"inputs=[1, 46, 46, 128], [128, 4] -> outputs=[1, 46, 46, 4]",2166784
trunk_fp16.onnx,11157,MatMul,"inputs=[46, 46, 128], [128, 128] -> outputs=[46, 46, 128]",69337088
trunk_fp16.onnx,11158,MatMul,"inputs=[46, 46, 128], [128, 128] -> outputs=[46, 46, 128]",69337088
trunk_fp16.onnx,11159,MatMul,"inputs=[46, 46, 128], [128, 128] -> outputs=[46, 46, 128]",69337088
trunk_fp16.onnx,11169,MatMul,"inputs=[46, 4, 46, 32], [46, 4, 32, 46] -> outputs=[46, 4, 46, 46]",4584914944
trunk_fp16.onnx,11172,MatMul,"inputs=[46, 46, 128], [128, 128] -> outputs=[46, 46, 128]",69337088
trunk_fp16.onnx,11176,Softmax,"inputs=[46, 4, 46, 46] -> outputs=[46, 4, 46, 46]",1946720
trunk_fp16.onnx,11178,MatMul,"inputs=[46, 4, 46, 46], [46, 4, 46, 32] -> outputs=[46, 4, 46, 32]",4584914944
trunk_fp16.onnx,11182,MatMul,"inputs=[46, 46, 128], [128, 128] -> outputs=[46, 46, 128]",69337088
trunk_fp16.onnx,11192,MatMul,"inputs=[1, 46, 46, 128], [128, 512] -> outputs=[1, 46, 46, 512]",277348352
trunk_fp16.onnx,11195,MatMul,"inputs=[1, 46, 46, 128], [128, 512] -> outputs=[1, 46, 46, 512]",277348352
trunk_fp16.onnx,11197,MatMul,"inputs=[1, 46, 46, 512], [512, 128] -> outputs=[1, 46, 46, 128]",277348352
trunk_fp16.onnx,11204,MatMul,"inputs=[1, 46, 384], [384, 384] -> outputs=[1, 46, 384]",13565952
trunk_fp16.onnx,11207,MatMul,"inputs=[1, 46, 384], [384, 384] -> outputs=[1, 46, 384]",13565952
trunk_fp16.onnx,11209,MatMul,"inputs=[1, 46, 384], [384, 384] -> outputs=[1, 46, 384]",13565952
trunk_fp16.onnx,11211,MatMul,"inputs=[1, 46, 384], [384, 384] -> outputs=[1, 46, 384]",13565952
trunk_fp16.onnx,11213,Einsum,"inputs=[1, 46, 16, 24], [1, 46, 16, 24] -> outputs=[1, 16, 46, 46]",1625088
trunk_fp16.onnx,11220,MatMul,"inputs=[1, 46, 46, 128], [128, 16] -> outputs=[1, 46, 46, 16]",8667136
trunk_fp16.onnx,11228,Softmax,"inputs=[1, 16, 46, 46] -> outputs=[1, 16, 46, 46]",169280
trunk_fp16.onnx,11230,Einsum,"inputs=[1, 16, 46, 46], [1, 46, 16, 24] -> outputs=[1, 46, 16, 24]",1625088
trunk_fp16.onnx,11233,MatMul,"inputs=[1, 46, 384], [384, 384] -> outputs=[1, 46, 384]",13565952
trunk_fp16.onnx,11240,MatMul,"inputs=[1, 46, 384], [384, 1536] -> outputs=[1, 46, 1536]",54263808
trunk_fp16.onnx,11243,MatMul,"inputs=[1, 46, 384], [384, 1536] -> outputs=[1, 46, 1536]",54263808
trunk_fp16.onnx,11245,MatMul,"inputs=[1, 46, 1536], [1536, 384] -> outputs=[1, 46, 384]",54263808
trunk_fp16.onnx,11252,MatMul,"inputs=[1, 46, 46, 128], [128, 256] -> outputs=[1, 46, 46, 256]",138674176
trunk_fp16.onnx,11253,MatMul,"inputs=[1, 46, 46, 128], [128, 256] -> outputs=[1, 46, 46, 256]",138674176
trunk_fp16.onnx,11258,Einsum,"inputs=[1, 46, 46, 128], [1, 46, 46, 128] -> outputs=[1, 46, 46, 128]",24918016
trunk_fp16.onnx,11259,MatMul,"inputs=[1, 46, 46, 128], [128, 128] -> outputs=[1, 46, 46, 128]",69337088
trunk_fp16.onnx,11266,MatMul,"inputs=[1, 46, 46, 128], [128, 128] -> outputs=[1, 46, 46, 128]",69337088
trunk_fp16.onnx,11275,MatMul,"inputs=[1, 46, 46, 128], [128, 256] -> outputs=[1, 46, 46, 256]",138674176
trunk_fp16.onnx,11276,MatMul,"inputs=[1, 46, 46, 128], [128, 256] -> outputs=[1, 46, 46, 256]",138674176
trunk_fp16.onnx,11281,Einsum,"inputs=[1, 46, 46, 128], [1, 46, 46, 128] -> outputs=[1, 46, 46, 128]",24918016
trunk_fp16.onnx,11282,MatMul,"inputs=[1, 46, 46, 128], [128, 128] -> outputs=[1, 46, 46, 128]",69337088
trunk_fp16.onnx,11289,MatMul,"inputs=[1, 46, 46, 128], [128, 128] -> outputs=[1, 46, 46, 128]",69337088
trunk_fp16.onnx,11298,MatMul,"inputs=[1, 46, 46, 128], [128, 4] -> outputs=[1, 46, 46, 4]",2166784
trunk_fp16.onnx,11303,MatMul,"inputs=[46, 46, 128], [128, 128] -> outputs=[46, 46, 128]",69337088
trunk_fp16.onnx,11304,MatMul,"inputs=[46, 46, 128], [128, 128] -> outputs=[46, 46, 128]",69337088
trunk_fp16.onnx,11305,MatMul,"inputs=[46, 46, 128], [128, 128] -> outputs=[46, 46, 128]",69337088
trunk_fp16.onnx,11315,MatMul,"inputs=[46, 4, 46, 32], [46, 4, 32, 46] -> outputs=[46, 4, 46, 46]",4584914944
trunk_fp16.onnx,11318,MatMul,"inputs=[46, 46, 128], [128, 128] -> outputs=[46, 46, 128]",69337088
trunk_fp16.onnx,11322,Softmax,"inputs=[46, 4, 46, 46] -> outputs=[46, 4, 46, 46]",1946720
trunk_fp16.onnx,11324,MatMul,"inputs=[46, 4, 46, 46], [46, 4, 46, 32] -> outputs=[46, 4, 46, 32]",4584914944
trunk_fp16.onnx,11328,MatMul,"inputs=[46, 46, 128], [128, 128] -> outputs=[46, 46, 128]",69337088
trunk_fp16.onnx,11338,MatMul,"inputs=[1, 46, 46, 128], [128, 4] -> outputs=[1, 46, 46, 4]",2166784
trunk_fp16.onnx,11343,MatMul,"inputs=[46, 46, 128], [128, 128] -> outputs=[46, 46, 128]",69337088
trunk_fp16.onnx,11344,MatMul,"inputs=[46, 46, 128], [128, 128] -> outputs=[46, 46, 128]",69337088
trunk_fp16.onnx,11345,MatMul,"inputs=[46, 46, 128], [128, 128] -> outputs=[46, 46, 128]",69337088
trunk_fp16.onnx,11355,MatMul,"inputs=[46, 4, 46, 32], [46, 4, 32, 46] -> outputs=[46, 4, 46, 46]",4584914944
trunk_fp16.onnx,11358,MatMul,"inputs=[46, 46, 128], [128, 128] -> outputs=[46, 46, 128]",69337088
trunk_fp16.onnx,11362,Softmax,"inputs=[46, 4, 46, 46] -> outputs=[46, 4, 46, 46]",1946720
trunk_fp16.onnx,11364,MatMul,"inputs=[46, 4, 46, 46], [46, 4, 46, 32] -> outputs=[46, 4, 46, 32]",4584914944
trunk_fp16.onnx,11368,MatMul,"inputs=[46, 46, 128], [128, 128] -> outputs=[46, 46, 128]",69337088
trunk_fp16.onnx,11378,MatMul,"inputs=[1, 46, 46, 128], [128, 512] -> outputs=[1, 46, 46, 512]",277348352
trunk_fp16.onnx,11381,MatMul,"inputs=[1, 46, 46, 128], [128, 512] -> outputs=[1, 46, 46, 512]",277348352
trunk_fp16.onnx,11383,MatMul,"inputs=[1, 46, 46, 512], [512, 128] -> outputs=[1, 46, 46, 128]",277348352
trunk_fp16.onnx,11390,MatMul,"inputs=[1, 46, 384], [384, 384] -> outputs=[1, 46, 384]",13565952
trunk_fp16.onnx,11393,MatMul,"inputs=[1, 46, 384], [384, 384] -> outputs=[1, 46, 384]",13565952
trunk_fp16.onnx,11395,MatMul,"inputs=[1, 46, 384], [384, 384] -> outputs=[1, 46, 384]",13565952
trunk_fp16.onnx,11397,MatMul,"inputs=[1, 46, 384], [384, 384] -> outputs=[1, 46, 384]",13565952
trunk_fp16.onnx,11399,Einsum,"inputs=[1, 46, 16, 24], [1, 46, 16, 24] -> outputs=[1, 16, 46, 46]",1625088
trunk_fp16.onnx,11406,MatMul,"inputs=[1, 46, 46, 128], [128, 16] -> outputs=[1, 46, 46, 16]",8667136
trunk_fp16.onnx,11414,Softmax,"inputs=[1, 16, 46, 46] -> outputs=[1, 16, 46, 46]",169280
trunk_fp16.onnx,11416,Einsum,"inputs=[1, 16, 46, 46], [1, 46, 16, 24] -> outputs=[1, 46, 16, 24]",1625088
trunk_fp16.onnx,11419,MatMul,"inputs=[1, 46, 384], [384, 384] -> outputs=[1, 46, 384]",13565952
trunk_fp16.onnx,11426,MatMul,"inputs=[1, 46, 384], [384, 1536] -> outputs=[1, 46, 1536]",54263808
trunk_fp16.onnx,11429,MatMul,"inputs=[1, 46, 384], [384, 1536] -> outputs=[1, 46, 1536]",54263808
trunk_fp16.onnx,11431,MatMul,"inputs=[1, 46, 1536], [1536, 384] -> outputs=[1, 46, 384]",54263808
trunk_fp16.onnx,11438,MatMul,"inputs=[1, 46, 46, 128], [128, 256] -> outputs=[1, 46, 46, 256]",138674176
trunk_fp16.onnx,11439,MatMul,"inputs=[1, 46, 46, 128], [128, 256] -> outputs=[1, 46, 46, 256]",138674176
trunk_fp16.onnx,11444,Einsum,"inputs=[1, 46, 46, 128], [1, 46, 46, 128] -> outputs=[1, 46, 46, 128]",24918016
trunk_fp16.onnx,11445,MatMul,"inputs=[1, 46, 46, 128], [128, 128] -> outputs=[1, 46, 46, 128]",69337088
trunk_fp16.onnx,11452,MatMul,"inputs=[1, 46, 46, 128], [128, 128] -> outputs=[1, 46, 46, 128]",69337088
trunk_fp16.onnx,11461,MatMul,"inputs=[1, 46, 46, 128], [128, 256] -> outputs=[1, 46, 46, 256]",138674176
trunk_fp16.onnx,11462,MatMul,"inputs=[1, 46, 46, 128], [128, 256] -> outputs=[1, 46, 46, 256]",138674176
trunk_fp16.onnx,11467,Einsum,"inputs=[1, 46, 46, 128], [1, 46, 46, 128] -> outputs=[1, 46, 46, 128]",24918016
trunk_fp16.onnx,11468,MatMul,"inputs=[1, 46, 46, 128], [128, 128] -> outputs=[1, 46, 46, 128]",69337088
trunk_fp16.onnx,11475,MatMul,"inputs=[1, 46, 46, 128], [128, 128] -> outputs=[1, 46, 46, 128]",69337088
trunk_fp16.onnx,11484,MatMul,"inputs=[1, 46, 46, 128], [128, 4] -> outputs=[1, 46, 46, 4]",2166784
trunk_fp16.onnx,11489,MatMul,"inputs=[46, 46, 128], [128, 128] -> outputs=[46, 46, 128]",69337088
trunk_fp16.onnx,11490,MatMul,"inputs=[46, 46, 128], [128, 128] -> outputs=[46, 46, 128]",69337088
trunk_fp16.onnx,11491,MatMul,"inputs=[46, 46, 128], [128, 128] -> outputs=[46, 46, 128]",69337088
trunk_fp16.onnx,11501,MatMul,"inputs=[46, 4, 46, 32], [46, 4, 32, 46] -> outputs=[46, 4, 46, 46]",4584914944
trunk_fp16.onnx,11504,MatMul,"inputs=[46, 46, 128], [128, 128] -> outputs=[46, 46, 128]",69337088
trunk_fp16.onnx,11508,Softmax,"inputs=[46, 4, 46, 46] -> outputs=[46, 4, 46, 46]",1946720
trunk_fp16.onnx,11510,MatMul,"inputs=[46, 4, 46, 46], [46, 4, 46, 32] -> outputs=[46, 4, 46, 32]",4584914944
trunk_fp16.onnx,11514,MatMul,"inputs=[46, 46, 128], [128, 128] -> outputs=[46, 46, 128]",69337088
trunk_fp16.onnx,11524,MatMul,"inputs=[1, 46, 46, 128], [128, 4] -> outputs=[1, 46, 46, 4]",2166784
trunk_fp16.onnx,11529,MatMul,"inputs=[46, 46, 128], [128, 128] -> outputs=[46, 46, 128]",69337088
trunk_fp16.onnx,11530,MatMul,"inputs=[46, 46, 128], [128, 128] -> outputs=[46, 46, 128]",69337088
trunk_fp16.onnx,11531,MatMul,"inputs=[46, 46, 128], [128, 128] -> outputs=[46, 46, 128]",69337088
trunk_fp16.onnx,11541,MatMul,"inputs=[46, 4, 46, 32], [46, 4, 32, 46] -> outputs=[46, 4, 46, 46]",4584914944
trunk_fp16.onnx,11544,MatMul,"inputs=[46, 46, 128], [128, 128] -> outputs=[46, 46, 128]",69337088
trunk_fp16.onnx,11548,Softmax,"inputs=[46, 4, 46, 46] -> outputs=[46, 4, 46, 46]",1946720
trunk_fp16.onnx,11550,MatMul,"inputs=[46, 4, 46, 46], [46, 4, 46, 32] -> outputs=[46, 4, 46, 32]",4584914944
trunk_fp16.onnx,11554,MatMul,"inputs=[46, 46, 128], [128, 128] -> outputs=[46, 46, 128]",69337088
trunk_fp16.onnx,11564,MatMul,"inputs=[1, 46, 46, 128], [128, 512] -> outputs=[1, 46, 46, 512]",277348352
trunk_fp16.onnx,11567,MatMul,"inputs=[1, 46, 46, 128], [128, 512] -> outputs=[1, 46, 46, 512]",277348352
trunk_fp16.onnx,11569,MatMul,"inputs=[1, 46, 46, 512], [512, 128] -> outputs=[1, 46, 46, 128]",277348352
trunk_fp16.onnx,11576,MatMul,"inputs=[1, 46, 384], [384, 384] -> outputs=[1, 46, 384]",13565952
trunk_fp16.onnx,11579,MatMul,"inputs=[1, 46, 384], [384, 384] -> outputs=[1, 46, 384]",13565952
trunk_fp16.onnx,11581,MatMul,"inputs=[1, 46, 384], [384, 384] -> outputs=[1, 46, 384]",13565952
trunk_fp16.onnx,11583,MatMul,"inputs=[1, 46, 384], [384, 384] -> outputs=[1, 46, 384]",13565952
trunk_fp16.onnx,11585,Einsum,"inputs=[1, 46, 16, 24], [1, 46, 16, 24] -> outputs=[1, 16, 46, 46]",1625088
trunk_fp16.onnx,11592,MatMul,"inputs=[1, 46, 46, 128], [128, 16] -> outputs=[1, 46, 46, 16]",8667136
trunk_fp16.onnx,11600,Softmax,"inputs=[1, 16, 46, 46] -> outputs=[1, 16, 46, 46]",169280
trunk_fp16.onnx,11602,Einsum,"inputs=[1, 16, 46, 46], [1, 46, 16, 24] -> outputs=[1, 46, 16, 24]",1625088
trunk_fp16.onnx,11605,MatMul,"inputs=[1, 46, 384], [384, 384] -> outputs=[1, 46, 384]",13565952
trunk_fp16.onnx,11612,MatMul,"inputs=[1, 46, 384], [384, 1536] -> outputs=[1, 46, 1536]",54263808
trunk_fp16.onnx,11615,MatMul,"inputs=[1, 46, 384], [384, 1536] -> outputs=[1, 46, 1536]",54263808
trunk_fp16.onnx,11617,MatMul,"inputs=[1, 46, 1536], [1536, 384] -> outputs=[1, 46, 384]",54263808
trunk_fp16.onnx,11624,MatMul,"inputs=[1, 46, 46, 128], [128, 256] -> outputs=[1, 46, 46, 256]",138674176
trunk_fp16.onnx,11625,MatMul,"inputs=[1, 46, 46, 128], [128, 256] -> outputs=[1, 46, 46, 256]",138674176
trunk_fp16.onnx,11630,Einsum,"inputs=[1, 46, 46, 128], [1, 46, 46, 128] -> outputs=[1, 46, 46, 128]",24918016
trunk_fp16.onnx,11631,MatMul,"inputs=[1, 46, 46, 128], [128, 128] -> outputs=[1, 46, 46, 128]",69337088
trunk_fp16.onnx,11638,MatMul,"inputs=[1, 46, 46, 128], [128, 128] -> outputs=[1, 46, 46, 128]",69337088
trunk_fp16.onnx,11647,MatMul,"inputs=[1, 46, 46, 128], [128, 256] -> outputs=[1, 46, 46, 256]",138674176
trunk_fp16.onnx,11648,MatMul,"inputs=[1, 46, 46, 128], [128, 256] -> outputs=[1, 46, 46, 256]",138674176
trunk_fp16.onnx,11653,Einsum,"inputs=[1, 46, 46, 128], [1, 46, 46, 128] -> outputs=[1, 46, 46, 128]",24918016
trunk_fp16.onnx,11654,MatMul,"inputs=[1, 46, 46, 128], [128, 128] -> outputs=[1, 46, 46, 128]",69337088
trunk_fp16.onnx,11661,MatMul,"inputs=[1, 46, 46, 128], [128, 128] -> outputs=[1, 46, 46, 128]",69337088
trunk_fp16.onnx,11670,MatMul,"inputs=[1, 46, 46, 128], [128, 4] -> outputs=[1, 46, 46, 4]",2166784
trunk_fp16.onnx,11675,MatMul,"inputs=[46, 46, 128], [128, 128] -> outputs=[46, 46, 128]",69337088
trunk_fp16.onnx,11676,MatMul,"inputs=[46, 46, 128], [128, 128] -> outputs=[46, 46, 128]",69337088
trunk_fp16.onnx,11677,MatMul,"inputs=[46, 46, 128], [128, 128] -> outputs=[46, 46, 128]",69337088
trunk_fp16.onnx,11687,MatMul,"inputs=[46, 4, 46, 32], [46, 4, 32, 46] -> outputs=[46, 4, 46, 46]",4584914944
trunk_fp16.onnx,11690,MatMul,"inputs=[46, 46, 128], [128, 128] -> outputs=[46, 46, 128]",69337088
trunk_fp16.onnx,11694,Softmax,"inputs=[46, 4, 46, 46] -> outputs=[46, 4, 46, 46]",1946720
trunk_fp16.onnx,11696,MatMul,"inputs=[46, 4, 46, 46], [46, 4, 46, 32] -> outputs=[46, 4, 46, 32]",4584914944
trunk_fp16.onnx,11700,MatMul,"inputs=[46, 46, 128], [128, 128] -> outputs=[46, 46, 128]",69337088
trunk_fp16.onnx,11710,MatMul,"inputs=[1, 46, 46, 128], [128, 4] -> outputs=[1, 46, 46, 4]",2166784
trunk_fp16.onnx,11715,MatMul,"inputs=[46, 46, 128], [128, 128] -> outputs=[46, 46, 128]",69337088
trunk_fp16.onnx,11716,MatMul,"inputs=[46, 46, 128], [128, 128] -> outputs=[46, 46, 128]",69337088
trunk_fp16.onnx,11717,MatMul,"inputs=[46, 46, 128], [128, 128] -> outputs=[46, 46, 128]",69337088
trunk_fp16.onnx,11727,MatMul,"inputs=[46, 4, 46, 32], [46, 4, 32, 46] -> outputs=[46, 4, 46, 46]",4584914944
trunk_fp16.onnx,11730,MatMul,"inputs=[46, 46, 128], [128, 128] -> outputs=[46, 46, 128]",69337088
trunk_fp16.onnx,11734,Softmax,"inputs=[46, 4, 46, 46] -> outputs=[46, 4, 46, 46]",1946720
trunk_fp16.onnx,11736,MatMul,"inputs=[46, 4, 46, 46], [46, 4, 46, 32] -> outputs=[46, 4, 46, 32]",4584914944
trunk_fp16.onnx,11740,MatMul,"inputs=[46, 46, 128], [128, 128] -> outputs=[46, 46, 128]",69337088
trunk_fp16.onnx,11750,MatMul,"inputs=[1, 46, 46, 128], [128, 512] -> outputs=[1, 46, 46, 512]",277348352
trunk_fp16.onnx,11753,MatMul,"inputs=[1, 46, 46, 128], [128, 512] -> outputs=[1, 46, 46, 512]",277348352
trunk_fp16.onnx,11755,MatMul,"inputs=[1, 46, 46, 512], [512, 128] -> outputs=[1, 46, 46, 128]",277348352
trunk_fp16.onnx,11762,MatMul,"inputs=[1, 46, 384], [384, 384] -> outputs=[1, 46, 384]",13565952
trunk_fp16.onnx,11765,MatMul,"inputs=[1, 46, 384], [384, 384] -> outputs=[1, 46, 384]",13565952
trunk_fp16.onnx,11767,MatMul,"inputs=[1, 46, 384], [384, 384] -> outputs=[1, 46, 384]",13565952
trunk_fp16.onnx,11769,MatMul,"inputs=[1, 46, 384], [384, 384] -> outputs=[1, 46, 384]",13565952
trunk_fp16.onnx,11771,Einsum,"inputs=[1, 46, 16, 24], [1, 46, 16, 24] -> outputs=[1, 16, 46, 46]",1625088
trunk_fp16.onnx,11778,MatMul,"inputs=[1, 46, 46, 128], [128, 16] -> outputs=[1, 46, 46, 16]",8667136
trunk_fp16.onnx,11786,Softmax,"inputs=[1, 16, 46, 46] -> outputs=[1, 16, 46, 46]",169280
trunk_fp16.onnx,11788,Einsum,"inputs=[1, 16, 46, 46], [1, 46, 16, 24] -> outputs=[1, 46, 16, 24]",1625088
trunk_fp16.onnx,11791,MatMul,"inputs=[1, 46, 384], [384, 384] -> outputs=[1, 46, 384]",13565952
trunk_fp16.onnx,11798,MatMul,"inputs=[1, 46, 384], [384, 1536] -> outputs=[1, 46, 1536]",54263808
trunk_fp16.onnx,11801,MatMul,"inputs=[1, 46, 384], [384, 1536] -> outputs=[1, 46, 1536]",54263808
trunk_fp16.onnx,11803,MatMul,"inputs=[1, 46, 1536], [1536, 384] -> outputs=[1, 46, 384]",54263808
trunk_fp16.onnx,11810,MatMul,"inputs=[1, 46, 46, 128], [128, 256] -> outputs=[1, 46, 46, 256]",138674176
trunk_fp16.onnx,11811,MatMul,"inputs=[1, 46, 46, 128], [128, 256] -> outputs=[1, 46, 46, 256]",138674176
trunk_fp16.onnx,11816,Einsum,"inputs=[1, 46, 46, 128], [1, 46, 46, 128] -> outputs=[1, 46, 46, 128]",24918016
trunk_fp16.onnx,11817,MatMul,"inputs=[1, 46, 46, 128], [128, 128] -> outputs=[1, 46, 46, 128]",69337088
trunk_fp16.onnx,11824,MatMul,"inputs=[1, 46, 46, 128], [128, 128] -> outputs=[1, 46, 46, 128]",69337088
trunk_fp16.onnx,11833,MatMul,"inputs=[1, 46, 46, 128], [128, 256] -> outputs=[1, 46, 46, 256]",138674176
trunk_fp16.onnx,11834,MatMul,"inputs=[1, 46, 46, 128], [128, 256] -> outputs=[1, 46, 46, 256]",138674176
trunk_fp16.onnx,11839,Einsum,"inputs=[1, 46, 46, 128], [1, 46, 46, 128] -> outputs=[1, 46, 46, 128]",24918016
trunk_fp16.onnx,11840,MatMul,"inputs=[1, 46, 46, 128], [128, 128] -> outputs=[1, 46, 46, 128]",69337088
trunk_fp16.onnx,11847,MatMul,"inputs=[1, 46, 46, 128], [128, 128] -> outputs=[1, 46, 46, 128]",69337088
trunk_fp16.onnx,11856,MatMul,"inputs=[1, 46, 46, 128], [128, 4] -> outputs=[1, 46, 46, 4]",2166784
trunk_fp16.onnx,11861,MatMul,"inputs=[46, 46, 128], [128, 128] -> outputs=[46, 46, 128]",69337088
trunk_fp16.onnx,11862,MatMul,"inputs=[46, 46, 128], [128, 128] -> outputs=[46, 46, 128]",69337088
trunk_fp16.onnx,11863,MatMul,"inputs=[46, 46, 128], [128, 128] -> outputs=[46, 46, 128]",69337088
trunk_fp16.onnx,11873,MatMul,"inputs=[46, 4, 46, 32], [46, 4, 32, 46] -> outputs=[46, 4, 46, 46]",4584914944
trunk_fp16.onnx,11876,MatMul,"inputs=[46, 46, 128], [128, 128] -> outputs=[46, 46, 128]",69337088
trunk_fp16.onnx,11880,Softmax,"inputs=[46, 4, 46, 46] -> outputs=[46, 4, 46, 46]",1946720
trunk_fp16.onnx,11882,MatMul,"inputs=[46, 4, 46, 46], [46, 4, 46, 32] -> outputs=[46, 4, 46, 32]",4584914944
trunk_fp16.onnx,11886,MatMul,"inputs=[46, 46, 128], [128, 128] -> outputs=[46, 46, 128]",69337088
trunk_fp16.onnx,11896,MatMul,"inputs=[1, 46, 46, 128], [128, 4] -> outputs=[1, 46, 46, 4]",2166784
trunk_fp16.onnx,11901,MatMul,"inputs=[46, 46, 128], [128, 128] -> outputs=[46, 46, 128]",69337088
trunk_fp16.onnx,11902,MatMul,"inputs=[46, 46, 128], [128, 128] -> outputs=[46, 46, 128]",69337088
trunk_fp16.onnx,11903,MatMul,"inputs=[46, 46, 128], [128, 128] -> outputs=[46, 46, 128]",69337088
trunk_fp16.onnx,11913,MatMul,"inputs=[46, 4, 46, 32], [46, 4, 32, 46] -> outputs=[46, 4, 46, 46]",4584914944
trunk_fp16.onnx,11916,MatMul,"inputs=[46, 46, 128], [128, 128] -> outputs=[46, 46, 128]",69337088
trunk_fp16.onnx,11920,Softmax,"inputs=[46, 4, 46, 46] -> outputs=[46, 4, 46, 46]",1946720
trunk_fp16.onnx,11922,MatMul,"inputs=[46, 4, 46, 46], [46, 4, 46, 32] -> outputs=[46, 4, 46, 32]",4584914944
trunk_fp16.onnx,11926,MatMul,"inputs=[46, 46, 128], [128, 128] -> outputs=[46, 46, 128]",69337088
trunk_fp16.onnx,11936,MatMul,"inputs=[1, 46, 46, 128], [128, 512] -> outputs=[1, 46, 46, 512]",277348352
trunk_fp16.onnx,11939,MatMul,"inputs=[1, 46, 46, 128], [128, 512] -> outputs=[1, 46, 46, 512]",277348352
trunk_fp16.onnx,11941,MatMul,"inputs=[1, 46, 46, 512], [512, 128] -> outputs=[1, 46, 46, 128]",277348352
trunk_fp16.onnx,11948,MatMul,"inputs=[1, 46, 384], [384, 384] -> outputs=[1, 46, 384]",13565952
trunk_fp16.onnx,11951,MatMul,"inputs=[1, 46, 384], [384, 384] -> outputs=[1, 46, 384]",13565952
trunk_fp16.onnx,11953,MatMul,"inputs=[1, 46, 384], [384, 384] -> outputs=[1, 46, 384]",13565952
trunk_fp16.onnx,11955,MatMul,"inputs=[1, 46, 384], [384, 384] -> outputs=[1, 46, 384]",13565952
trunk_fp16.onnx,11957,Einsum,"inputs=[1, 46, 16, 24], [1, 46, 16, 24] -> outputs=[1, 16, 46, 46]",1625088
trunk_fp16.onnx,11964,MatMul,"inputs=[1, 46, 46, 128], [128, 16] -> outputs=[1, 46, 46, 16]",8667136
trunk_fp16.onnx,11972,Softmax,"inputs=[1, 16, 46, 46] -> outputs=[1, 16, 46, 46]",169280
trunk_fp16.onnx,11974,Einsum,"inputs=[1, 16, 46, 46], [1, 46, 16, 24] -> outputs=[1, 46, 16, 24]",1625088
trunk_fp16.onnx,11977,MatMul,"inputs=[1, 46, 384], [384, 384] -> outputs=[1, 46, 384]",13565952
trunk_fp16.onnx,11984,MatMul,"inputs=[1, 46, 384], [384, 1536] -> outputs=[1, 46, 1536]",54263808
trunk_fp16.onnx,11987,MatMul,"inputs=[1, 46, 384], [384, 1536] -> outputs=[1, 46, 1536]",54263808
trunk_fp16.onnx,11989,MatMul,"inputs=[1, 46, 1536], [1536, 384] -> outputs=[1, 46, 384]",54263808
trunk_fp16.onnx,11996,MatMul,"inputs=[1, 46, 46, 128], [128, 256] -> outputs=[1, 46, 46, 256]",138674176
trunk_fp16.onnx,11997,MatMul,"inputs=[1, 46, 46, 128], [128, 256] -> outputs=[1, 46, 46, 256]",138674176
trunk_fp16.onnx,12002,Einsum,"inputs=[1, 46, 46, 128], [1, 46, 46, 128] -> outputs=[1, 46, 46, 128]",24918016
trunk_fp16.onnx,12003,MatMul,"inputs=[1, 46, 46, 128], [128, 128] -> outputs=[1, 46, 46, 128]",69337088
trunk_fp16.onnx,12010,MatMul,"inputs=[1, 46, 46, 128], [128, 128] -> outputs=[1, 46, 46, 128]",69337088
trunk_fp16.onnx,12019,MatMul,"inputs=[1, 46, 46, 128], [128, 256] -> outputs=[1, 46, 46, 256]",138674176
trunk_fp16.onnx,12020,MatMul,"inputs=[1, 46, 46, 128], [128, 256] -> outputs=[1, 46, 46, 256]",138674176
trunk_fp16.onnx,12025,Einsum,"inputs=[1, 46, 46, 128], [1, 46, 46, 128] -> outputs=[1, 46, 46, 128]",24918016
trunk_fp16.onnx,12026,MatMul,"inputs=[1, 46, 46, 128], [128, 128] -> outputs=[1, 46, 46, 128]",69337088
trunk_fp16.onnx,12033,MatMul,"inputs=[1, 46, 46, 128], [128, 128] -> outputs=[1, 46, 46, 128]",69337088
trunk_fp16.onnx,12042,MatMul,"inputs=[1, 46, 46, 128], [128, 4] -> outputs=[1, 46, 46, 4]",2166784
trunk_fp16.onnx,12047,MatMul,"inputs=[46, 46, 128], [128, 128] -> outputs=[46, 46, 128]",69337088
trunk_fp16.onnx,12048,MatMul,"inputs=[46, 46, 128], [128, 128] -> outputs=[46, 46, 128]",69337088
trunk_fp16.onnx,12049,MatMul,"inputs=[46, 46, 128], [128, 128] -> outputs=[46, 46, 128]",69337088
trunk_fp16.onnx,12059,MatMul,"inputs=[46, 4, 46, 32], [46, 4, 32, 46] -> outputs=[46, 4, 46, 46]",4584914944
trunk_fp16.onnx,12062,MatMul,"inputs=[46, 46, 128], [128, 128] -> outputs=[46, 46, 128]",69337088
trunk_fp16.onnx,12066,Softmax,"inputs=[46, 4, 46, 46] -> outputs=[46, 4, 46, 46]",1946720
trunk_fp16.onnx,12068,MatMul,"inputs=[46, 4, 46, 46], [46, 4, 46, 32] -> outputs=[46, 4, 46, 32]",4584914944
trunk_fp16.onnx,12072,MatMul,"inputs=[46, 46, 128], [128, 128] -> outputs=[46, 46, 128]",69337088
trunk_fp16.onnx,12082,MatMul,"inputs=[1, 46, 46, 128], [128, 4] -> outputs=[1, 46, 46, 4]",2166784
trunk_fp16.onnx,12087,MatMul,"inputs=[46, 46, 128], [128, 128] -> outputs=[46, 46, 128]",69337088
trunk_fp16.onnx,12088,MatMul,"inputs=[46, 46, 128], [128, 128] -> outputs=[46, 46, 128]",69337088
trunk_fp16.onnx,12089,MatMul,"inputs=[46, 46, 128], [128, 128] -> outputs=[46, 46, 128]",69337088
trunk_fp16.onnx,12099,MatMul,"inputs=[46, 4, 46, 32], [46, 4, 32, 46] -> outputs=[46, 4, 46, 46]",4584914944
trunk_fp16.onnx,12102,MatMul,"inputs=[46, 46, 128], [128, 128] -> outputs=[46, 46, 128]",69337088
trunk_fp16.onnx,12106,Softmax,"inputs=[46, 4, 46, 46] -> outputs=[46, 4, 46, 46]",1946720
trunk_fp16.onnx,12108,MatMul,"inputs=[46, 4, 46, 46], [46, 4, 46, 32] -> outputs=[46, 4, 46, 32]",4584914944
trunk_fp16.onnx,12112,MatMul,"inputs=[46, 46, 128], [128, 128] -> outputs=[46, 46, 128]",69337088
trunk_fp16.onnx,12122,MatMul,"inputs=[1, 46, 46, 128], [128, 512] -> outputs=[1, 46, 46, 512]",277348352
trunk_fp16.onnx,12125,MatMul,"inputs=[1, 46, 46, 128], [128, 512] -> outputs=[1, 46, 46, 512]",277348352
trunk_fp16.onnx,12127,MatMul,"inputs=[1, 46, 46, 512], [512, 128] -> outputs=[1, 46, 46, 128]",277348352
trunk_fp16.onnx,12134,MatMul,"inputs=[1, 46, 384], [384, 384] -> outputs=[1, 46, 384]",13565952
trunk_fp16.onnx,12137,MatMul,"inputs=[1, 46, 384], [384, 384] -> outputs=[1, 46, 384]",13565952
trunk_fp16.onnx,12139,MatMul,"inputs=[1, 46, 384], [384, 384] -> outputs=[1, 46, 384]",13565952
trunk_fp16.onnx,12141,MatMul,"inputs=[1, 46, 384], [384, 384] -> outputs=[1, 46, 384]",13565952
trunk_fp16.onnx,12143,Einsum,"inputs=[1, 46, 16, 24], [1, 46, 16, 24] -> outputs=[1, 16, 46, 46]",1625088
trunk_fp16.onnx,12150,MatMul,"inputs=[1, 46, 46, 128], [128, 16] -> outputs=[1, 46, 46, 16]",8667136
trunk_fp16.onnx,12158,Softmax,"inputs=[1, 16, 46, 46] -> outputs=[1, 16, 46, 46]",169280
trunk_fp16.onnx,12160,Einsum,"inputs=[1, 16, 46, 46], [1, 46, 16, 24] -> outputs=[1, 46, 16, 24]",1625088
trunk_fp16.onnx,12163,MatMul,"inputs=[1, 46, 384], [384, 384] -> outputs=[1, 46, 384]",13565952
trunk_fp16.onnx,12170,MatMul,"inputs=[1, 46, 384], [384, 1536] -> outputs=[1, 46, 1536]",54263808
trunk_fp16.onnx,12173,MatMul,"inputs=[1, 46, 384], [384, 1536] -> outputs=[1, 46, 1536]",54263808
trunk_fp16.onnx,12175,MatMul,"inputs=[1, 46, 1536], [1536, 384] -> outputs=[1, 46, 384]",54263808
trunk_fp16.onnx,12182,MatMul,"inputs=[1, 46, 46, 128], [128, 256] -> outputs=[1, 46, 46, 256]",138674176
trunk_fp16.onnx,12183,MatMul,"inputs=[1, 46, 46, 128], [128, 256] -> outputs=[1, 46, 46, 256]",138674176
trunk_fp16.onnx,12188,Einsum,"inputs=[1, 46, 46, 128], [1, 46, 46, 128] -> outputs=[1, 46, 46, 128]",24918016
trunk_fp16.onnx,12189,MatMul,"inputs=[1, 46, 46, 128], [128, 128] -> outputs=[1, 46, 46, 128]",69337088
trunk_fp16.onnx,12196,MatMul,"inputs=[1, 46, 46, 128], [128, 128] -> outputs=[1, 46, 46, 128]",69337088
trunk_fp16.onnx,12205,MatMul,"inputs=[1, 46, 46, 128], [128, 256] -> outputs=[1, 46, 46, 256]",138674176
trunk_fp16.onnx,12206,MatMul,"inputs=[1, 46, 46, 128], [128, 256] -> outputs=[1, 46, 46, 256]",138674176
trunk_fp16.onnx,12211,Einsum,"inputs=[1, 46, 46, 128], [1, 46, 46, 128] -> outputs=[1, 46, 46, 128]",24918016
trunk_fp16.onnx,12212,MatMul,"inputs=[1, 46, 46, 128], [128, 128] -> outputs=[1, 46, 46, 128]",69337088
trunk_fp16.onnx,12219,MatMul,"inputs=[1, 46, 46, 128], [128, 128] -> outputs=[1, 46, 46, 128]",69337088
trunk_fp16.onnx,12228,MatMul,"inputs=[1, 46, 46, 128], [128, 4] -> outputs=[1, 46, 46, 4]",2166784
trunk_fp16.onnx,12233,MatMul,"inputs=[46, 46, 128], [128, 128] -> outputs=[46, 46, 128]",69337088
trunk_fp16.onnx,12234,MatMul,"inputs=[46, 46, 128], [128, 128] -> outputs=[46, 46, 128]",69337088
trunk_fp16.onnx,12235,MatMul,"inputs=[46, 46, 128], [128, 128] -> outputs=[46, 46, 128]",69337088
trunk_fp16.onnx,12245,MatMul,"inputs=[46, 4, 46, 32], [46, 4, 32, 46] -> outputs=[46, 4, 46, 46]",4584914944
trunk_fp16.onnx,12248,MatMul,"inputs=[46, 46, 128], [128, 128] -> outputs=[46, 46, 128]",69337088
trunk_fp16.onnx,12252,Softmax,"inputs=[46, 4, 46, 46] -> outputs=[46, 4, 46, 46]",1946720
trunk_fp16.onnx,12254,MatMul,"inputs=[46, 4, 46, 46], [46, 4, 46, 32] -> outputs=[46, 4, 46, 32]",4584914944
trunk_fp16.onnx,12258,MatMul,"inputs=[46, 46, 128], [128, 128] -> outputs=[46, 46, 128]",69337088
trunk_fp16.onnx,12268,MatMul,"inputs=[1, 46, 46, 128], [128, 4] -> outputs=[1, 46, 46, 4]",2166784
trunk_fp16.onnx,12273,MatMul,"inputs=[46, 46, 128], [128, 128] -> outputs=[46, 46, 128]",69337088
trunk_fp16.onnx,12274,MatMul,"inputs=[46, 46, 128], [128, 128] -> outputs=[46, 46, 128]",69337088
trunk_fp16.onnx,12275,MatMul,"inputs=[46, 46, 128], [128, 128] -> outputs=[46, 46, 128]",69337088
trunk_fp16.onnx,12285,MatMul,"inputs=[46, 4, 46, 32], [46, 4, 32, 46] -> outputs=[46, 4, 46, 46]",4584914944
trunk_fp16.onnx,12288,MatMul,"inputs=[46, 46, 128], [128, 128] -> outputs=[46, 46, 128]",69337088
trunk_fp16.onnx,12292,Softmax,"inputs=[46, 4, 46, 46] -> outputs=[46, 4, 46, 46]",1946720
trunk_fp16.onnx,12294,MatMul,"inputs=[46, 4, 46, 46], [46, 4, 46, 32] -> outputs=[46, 4, 46, 32]",4584914944
trunk_fp16.onnx,12298,MatMul,"inputs=[46, 46, 128], [128, 128] -> outputs=[46, 46, 128]",69337088
trunk_fp16.onnx,12308,MatMul,"inputs=[1, 46, 46, 128], [128, 512] -> outputs=[1, 46, 46, 512]",277348352
trunk_fp16.onnx,12311,MatMul,"inputs=[1, 46, 46, 128], [128, 512] -> outputs=[1, 46, 46, 512]",277348352
trunk_fp16.onnx,12313,MatMul,"inputs=[1, 46, 46, 512], [512, 128] -> outputs=[1, 46, 46, 128]",277348352
trunk_fp16.onnx,12320,MatMul,"inputs=[1, 46, 384], [384, 384] -> outputs=[1, 46, 384]",13565952
trunk_fp16.onnx,12323,MatMul,"inputs=[1, 46, 384], [384, 384] -> outputs=[1, 46, 384]",13565952
trunk_fp16.onnx,12325,MatMul,"inputs=[1, 46, 384], [384, 384] -> outputs=[1, 46, 384]",13565952
trunk_fp16.onnx,12327,MatMul,"inputs=[1, 46, 384], [384, 384] -> outputs=[1, 46, 384]",13565952
trunk_fp16.onnx,12329,Einsum,"inputs=[1, 46, 16, 24], [1, 46, 16, 24] -> outputs=[1, 16, 46, 46]",1625088
trunk_fp16.onnx,12336,MatMul,"inputs=[1, 46, 46, 128], [128, 16] -> outputs=[1, 46, 46, 16]",8667136
trunk_fp16.onnx,12344,Softmax,"inputs=[1, 16, 46, 46] -> outputs=[1, 16, 46, 46]",169280
trunk_fp16.onnx,12346,Einsum,"inputs=[1, 16, 46, 46], [1, 46, 16, 24] -> outputs=[1, 46, 16, 24]",1625088
trunk_fp16.onnx,12349,MatMul,"inputs=[1, 46, 384], [384, 384] -> outputs=[1, 46, 384]",13565952
trunk_fp16.onnx,12356,MatMul,"inputs=[1, 46, 384], [384, 1536] -> outputs=[1, 46, 1536]",54263808
trunk_fp16.onnx,12359,MatMul,"inputs=[1, 46, 384], [384, 1536] -> outputs=[1, 46, 1536]",54263808
trunk_fp16.onnx,12361,MatMul,"inputs=[1, 46, 1536], [1536, 384] -> outputs=[1, 46, 384]",54263808
trunk_fp16.onnx,12368,MatMul,"inputs=[1, 46, 46, 128], [128, 256] -> outputs=[1, 46, 46, 256]",138674176
trunk_fp16.onnx,12369,MatMul,"inputs=[1, 46, 46, 128], [128, 256] -> outputs=[1, 46, 46, 256]",138674176
trunk_fp16.onnx,12374,Einsum,"inputs=[1, 46, 46, 128], [1, 46, 46, 128] -> outputs=[1, 46, 46, 128]",24918016
trunk_fp16.onnx,12375,MatMul,"inputs=[1, 46, 46, 128], [128, 128] -> outputs=[1, 46, 46, 128]",69337088
trunk_fp16.onnx,12382,MatMul,"inputs=[1, 46, 46, 128], [128, 128] -> outputs=[1, 46, 46, 128]",69337088
trunk_fp16.onnx,12391,MatMul,"inputs=[1, 46, 46, 128], [128, 256] -> outputs=[1, 46, 46, 256]",138674176
trunk_fp16.onnx,12392,MatMul,"inputs=[1, 46, 46, 128], [128, 256] -> outputs=[1, 46, 46, 256]",138674176
trunk_fp16.onnx,12397,Einsum,"inputs=[1, 46, 46, 128], [1, 46, 46, 128] -> outputs=[1, 46, 46, 128]",24918016
trunk_fp16.onnx,12398,MatMul,"inputs=[1, 46, 46, 128], [128, 128] -> outputs=[1, 46, 46, 128]",69337088
trunk_fp16.onnx,12405,MatMul,"inputs=[1, 46, 46, 128], [128, 128] -> outputs=[1, 46, 46, 128]",69337088
trunk_fp16.onnx,12414,MatMul,"inputs=[1, 46, 46, 128], [128, 4] -> outputs=[1, 46, 46, 4]",2166784
trunk_fp16.onnx,12419,MatMul,"inputs=[46, 46, 128], [128, 128] -> outputs=[46, 46, 128]",69337088
trunk_fp16.onnx,12420,MatMul,"inputs=[46, 46, 128], [128, 128] -> outputs=[46, 46, 128]",69337088
trunk_fp16.onnx,12421,MatMul,"inputs=[46, 46, 128], [128, 128] -> outputs=[46, 46, 128]",69337088
trunk_fp16.onnx,12431,MatMul,"inputs=[46, 4, 46, 32], [46, 4, 32, 46] -> outputs=[46, 4, 46, 46]",4584914944
trunk_fp16.onnx,12434,MatMul,"inputs=[46, 46, 128], [128, 128] -> outputs=[46, 46, 128]",69337088
trunk_fp16.onnx,12438,Softmax,"inputs=[46, 4, 46, 46] -> outputs=[46, 4, 46, 46]",1946720
trunk_fp16.onnx,12440,MatMul,"inputs=[46, 4, 46, 46], [46, 4, 46, 32] -> outputs=[46, 4, 46, 32]",4584914944
trunk_fp16.onnx,12444,MatMul,"inputs=[46, 46, 128], [128, 128] -> outputs=[46, 46, 128]",69337088
trunk_fp16.onnx,12454,MatMul,"inputs=[1, 46, 46, 128], [128, 4] -> outputs=[1, 46, 46, 4]",2166784
trunk_fp16.onnx,12459,MatMul,"inputs=[46, 46, 128], [128, 128] -> outputs=[46, 46, 128]",69337088
trunk_fp16.onnx,12460,MatMul,"inputs=[46, 46, 128], [128, 128] -> outputs=[46, 46, 128]",69337088
trunk_fp16.onnx,12461,MatMul,"inputs=[46, 46, 128], [128, 128] -> outputs=[46, 46, 128]",69337088
trunk_fp16.onnx,12471,MatMul,"inputs=[46, 4, 46, 32], [46, 4, 32, 46] -> outputs=[46, 4, 46, 46]",4584914944
trunk_fp16.onnx,12474,MatMul,"inputs=[46, 46, 128], [128, 128] -> outputs=[46, 46, 128]",69337088
trunk_fp16.onnx,12478,Softmax,"inputs=[46, 4, 46, 46] -> outputs=[46, 4, 46, 46]",1946720
trunk_fp16.onnx,12480,MatMul,"inputs=[46, 4, 46, 46], [46, 4, 46, 32] -> outputs=[46, 4, 46, 32]",4584914944
trunk_fp16.onnx,12484,MatMul,"inputs=[46, 46, 128], [128, 128] -> outputs=[46, 46, 128]",69337088
trunk_fp16.onnx,12494,MatMul,"inputs=[1, 46, 46, 128], [128, 512] -> outputs=[1, 46, 46, 512]",277348352
trunk_fp16.onnx,12497,MatMul,"inputs=[1, 46, 46, 128], [128, 512] -> outputs=[1, 46, 46, 512]",277348352
trunk_fp16.onnx,12499,MatMul,"inputs=[1, 46, 46, 512], [512, 128] -> outputs=[1, 46, 46, 128]",277348352
trunk_fp16.onnx,12506,MatMul,"inputs=[1, 46, 384], [384, 384] -> outputs=[1, 46, 384]",13565952
trunk_fp16.onnx,12509,MatMul,"inputs=[1, 46, 384], [384, 384] -> outputs=[1, 46, 384]",13565952
trunk_fp16.onnx,12511,MatMul,"inputs=[1, 46, 384], [384, 384] -> outputs=[1, 46, 384]",13565952
trunk_fp16.onnx,12513,MatMul,"inputs=[1, 46, 384], [384, 384] -> outputs=[1, 46, 384]",13565952
trunk_fp16.onnx,12515,Einsum,"inputs=[1, 46, 16, 24], [1, 46, 16, 24] -> outputs=[1, 16, 46, 46]",1625088
trunk_fp16.onnx,12522,MatMul,"inputs=[1, 46, 46, 128], [128, 16] -> outputs=[1, 46, 46, 16]",8667136
trunk_fp16.onnx,12530,Softmax,"inputs=[1, 16, 46, 46] -> outputs=[1, 16, 46, 46]",169280
trunk_fp16.onnx,12532,Einsum,"inputs=[1, 16, 46, 46], [1, 46, 16, 24] -> outputs=[1, 46, 16, 24]",1625088
trunk_fp16.onnx,12535,MatMul,"inputs=[1, 46, 384], [384, 384] -> outputs=[1, 46, 384]",13565952
trunk_fp16.onnx,12542,MatMul,"inputs=[1, 46, 384], [384, 1536] -> outputs=[1, 46, 1536]",54263808
trunk_fp16.onnx,12545,MatMul,"inputs=[1, 46, 384], [384, 1536] -> outputs=[1, 46, 1536]",54263808
trunk_fp16.onnx,12547,MatMul,"inputs=[1, 46, 1536], [1536, 384] -> outputs=[1, 46, 384]",54263808
trunk_fp16.onnx,12554,MatMul,"inputs=[1, 46, 46, 128], [128, 256] -> outputs=[1, 46, 46, 256]",138674176
trunk_fp16.onnx,12555,MatMul,"inputs=[1, 46, 46, 128], [128, 256] -> outputs=[1, 46, 46, 256]",138674176
trunk_fp16.onnx,12560,Einsum,"inputs=[1, 46, 46, 128], [1, 46, 46, 128] -> outputs=[1, 46, 46, 128]",24918016
trunk_fp16.onnx,12561,MatMul,"inputs=[1, 46, 46, 128], [128, 128] -> outputs=[1, 46, 46, 128]",69337088
trunk_fp16.onnx,12568,MatMul,"inputs=[1, 46, 46, 128], [128, 128] -> outputs=[1, 46, 46, 128]",69337088
trunk_fp16.onnx,12577,MatMul,"inputs=[1, 46, 46, 128], [128, 256] -> outputs=[1, 46, 46, 256]",138674176
trunk_fp16.onnx,12578,MatMul,"inputs=[1, 46, 46, 128], [128, 256] -> outputs=[1, 46, 46, 256]",138674176
trunk_fp16.onnx,12583,Einsum,"inputs=[1, 46, 46, 128], [1, 46, 46, 128] -> outputs=[1, 46, 46, 128]",24918016
trunk_fp16.onnx,12584,MatMul,"inputs=[1, 46, 46, 128], [128, 128] -> outputs=[1, 46, 46, 128]",69337088
trunk_fp16.onnx,12591,MatMul,"inputs=[1, 46, 46, 128], [128, 128] -> outputs=[1, 46, 46, 128]",69337088
trunk_fp16.onnx,12600,MatMul,"inputs=[1, 46, 46, 128], [128, 4] -> outputs=[1, 46, 46, 4]",2166784
trunk_fp16.onnx,12605,MatMul,"inputs=[46, 46, 128], [128, 128] -> outputs=[46, 46, 128]",69337088
trunk_fp16.onnx,12606,MatMul,"inputs=[46, 46, 128], [128, 128] -> outputs=[46, 46, 128]",69337088
trunk_fp16.onnx,12607,MatMul,"inputs=[46, 46, 128], [128, 128] -> outputs=[46, 46, 128]",69337088
trunk_fp16.onnx,12617,MatMul,"inputs=[46, 4, 46, 32], [46, 4, 32, 46] -> outputs=[46, 4, 46, 46]",4584914944
trunk_fp16.onnx,12620,MatMul,"inputs=[46, 46, 128], [128, 128] -> outputs=[46, 46, 128]",69337088
trunk_fp16.onnx,12624,Softmax,"inputs=[46, 4, 46, 46] -> outputs=[46, 4, 46, 46]",1946720
trunk_fp16.onnx,12626,MatMul,"inputs=[46, 4, 46, 46], [46, 4, 46, 32] -> outputs=[46, 4, 46, 32]",4584914944
trunk_fp16.onnx,12630,MatMul,"inputs=[46, 46, 128], [128, 128] -> outputs=[46, 46, 128]",69337088
trunk_fp16.onnx,12640,MatMul,"inputs=[1, 46, 46, 128], [128, 4] -> outputs=[1, 46, 46, 4]",2166784
trunk_fp16.onnx,12645,MatMul,"inputs=[46, 46, 128], [128, 128] -> outputs=[46, 46, 128]",69337088
trunk_fp16.onnx,12646,MatMul,"inputs=[46, 46, 128], [128, 128] -> outputs=[46, 46, 128]",69337088
trunk_fp16.onnx,12647,MatMul,"inputs=[46, 46, 128], [128, 128] -> outputs=[46, 46, 128]",69337088
trunk_fp16.onnx,12657,MatMul,"inputs=[46, 4, 46, 32], [46, 4, 32, 46] -> outputs=[46, 4, 46, 46]",4584914944
trunk_fp16.onnx,12660,MatMul,"inputs=[46, 46, 128], [128, 128] -> outputs=[46, 46, 128]",69337088
trunk_fp16.onnx,12664,Softmax,"inputs=[46, 4, 46, 46] -> outputs=[46, 4, 46, 46]",1946720
trunk_fp16.onnx,12666,MatMul,"inputs=[46, 4, 46, 46], [46, 4, 46, 32] -> outputs=[46, 4, 46, 32]",4584914944
trunk_fp16.onnx,12670,MatMul,"inputs=[46, 46, 128], [128, 128] -> outputs=[46, 46, 128]",69337088
trunk_fp16.onnx,12680,MatMul,"inputs=[1, 46, 46, 128], [128, 512] -> outputs=[1, 46, 46, 512]",277348352
trunk_fp16.onnx,12683,MatMul,"inputs=[1, 46, 46, 128], [128, 512] -> outputs=[1, 46, 46, 512]",277348352
trunk_fp16.onnx,12685,MatMul,"inputs=[1, 46, 46, 512], [512, 128] -> outputs=[1, 46, 46, 128]",277348352
trunk_fp16.onnx,12692,MatMul,"inputs=[1, 46, 384], [384, 384] -> outputs=[1, 46, 384]",13565952
trunk_fp16.onnx,12695,MatMul,"inputs=[1, 46, 384], [384, 384] -> outputs=[1, 46, 384]",13565952
trunk_fp16.onnx,12697,MatMul,"inputs=[1, 46, 384], [384, 384] -> outputs=[1, 46, 384]",13565952
trunk_fp16.onnx,12699,MatMul,"inputs=[1, 46, 384], [384, 384] -> outputs=[1, 46, 384]",13565952
trunk_fp16.onnx,12701,Einsum,"inputs=[1, 46, 16, 24], [1, 46, 16, 24] -> outputs=[1, 16, 46, 46]",1625088
trunk_fp16.onnx,12708,MatMul,"inputs=[1, 46, 46, 128], [128, 16] -> outputs=[1, 46, 46, 16]",8667136
trunk_fp16.onnx,12716,Softmax,"inputs=[1, 16, 46, 46] -> outputs=[1, 16, 46, 46]",169280
trunk_fp16.onnx,12718,Einsum,"inputs=[1, 16, 46, 46], [1, 46, 16, 24] -> outputs=[1, 46, 16, 24]",1625088
trunk_fp16.onnx,12721,MatMul,"inputs=[1, 46, 384], [384, 384] -> outputs=[1, 46, 384]",13565952
trunk_fp16.onnx,12728,MatMul,"inputs=[1, 46, 384], [384, 1536] -> outputs=[1, 46, 1536]",54263808
trunk_fp16.onnx,12731,MatMul,"inputs=[1, 46, 384], [384, 1536] -> outputs=[1, 46, 1536]",54263808
trunk_fp16.onnx,12733,MatMul,"inputs=[1, 46, 1536], [1536, 384] -> outputs=[1, 46, 384]",54263808
trunk_fp16.onnx,12740,MatMul,"inputs=[1, 46, 46, 128], [128, 256] -> outputs=[1, 46, 46, 256]",138674176
trunk_fp16.onnx,12741,MatMul,"inputs=[1, 46, 46, 128], [128, 256] -> outputs=[1, 46, 46, 256]",138674176
trunk_fp16.onnx,12746,Einsum,"inputs=[1, 46, 46, 128], [1, 46, 46, 128] -> outputs=[1, 46, 46, 128]",24918016
trunk_fp16.onnx,12747,MatMul,"inputs=[1, 46, 46, 128], [128, 128] -> outputs=[1, 46, 46, 128]",69337088
trunk_fp16.onnx,12754,MatMul,"inputs=[1, 46, 46, 128], [128, 128] -> outputs=[1, 46, 46, 128]",69337088
trunk_fp16.onnx,12763,MatMul,"inputs=[1, 46, 46, 128], [128, 256] -> outputs=[1, 46, 46, 256]",138674176
trunk_fp16.onnx,12764,MatMul,"inputs=[1, 46, 46, 128], [128, 256] -> outputs=[1, 46, 46, 256]",138674176
trunk_fp16.onnx,12769,Einsum,"inputs=[1, 46, 46, 128], [1, 46, 46, 128] -> outputs=[1, 46, 46, 128]",24918016
trunk_fp16.onnx,12770,MatMul,"inputs=[1, 46, 46, 128], [128, 128] -> outputs=[1, 46, 46, 128]",69337088
trunk_fp16.onnx,12777,MatMul,"inputs=[1, 46, 46, 128], [128, 128] -> outputs=[1, 46, 46, 128]",69337088
trunk_fp16.onnx,12786,MatMul,"inputs=[1, 46, 46, 128], [128, 4] -> outputs=[1, 46, 46, 4]",2166784
trunk_fp16.onnx,12791,MatMul,"inputs=[46, 46, 128], [128, 128] -> outputs=[46, 46, 128]",69337088
trunk_fp16.onnx,12792,MatMul,"inputs=[46, 46, 128], [128, 128] -> outputs=[46, 46, 128]",69337088
trunk_fp16.onnx,12793,MatMul,"inputs=[46, 46, 128], [128, 128] -> outputs=[46, 46, 128]",69337088
trunk_fp16.onnx,12803,MatMul,"inputs=[46, 4, 46, 32], [46, 4, 32, 46] -> outputs=[46, 4, 46, 46]",4584914944
trunk_fp16.onnx,12806,MatMul,"inputs=[46, 46, 128], [128, 128] -> outputs=[46, 46, 128]",69337088
trunk_fp16.onnx,12810,Softmax,"inputs=[46, 4, 46, 46] -> outputs=[46, 4, 46, 46]",1946720
trunk_fp16.onnx,12812,MatMul,"inputs=[46, 4, 46, 46], [46, 4, 46, 32] -> outputs=[46, 4, 46, 32]",4584914944
trunk_fp16.onnx,12816,MatMul,"inputs=[46, 46, 128], [128, 128] -> outputs=[46, 46, 128]",69337088
trunk_fp16.onnx,12826,MatMul,"inputs=[1, 46, 46, 128], [128, 4] -> outputs=[1, 46, 46, 4]",2166784
trunk_fp16.onnx,12831,MatMul,"inputs=[46, 46, 128], [128, 128] -> outputs=[46, 46, 128]",69337088
trunk_fp16.onnx,12832,MatMul,"inputs=[46, 46, 128], [128, 128] -> outputs=[46, 46, 128]",69337088
trunk_fp16.onnx,12833,MatMul,"inputs=[46, 46, 128], [128, 128] -> outputs=[46, 46, 128]",69337088
trunk_fp16.onnx,12843,MatMul,"inputs=[46, 4, 46, 32], [46, 4, 32, 46] -> outputs=[46, 4, 46, 46]",4584914944
trunk_fp16.onnx,12846,MatMul,"inputs=[46, 46, 128], [128, 128] -> outputs=[46, 46, 128]",69337088
trunk_fp16.onnx,12850,Softmax,"inputs=[46, 4, 46, 46] -> outputs=[46, 4, 46, 46]",1946720
trunk_fp16.onnx,12852,MatMul,"inputs=[46, 4, 46, 46], [46, 4, 46, 32] -> outputs=[46, 4, 46, 32]",4584914944
trunk_fp16.onnx,12856,MatMul,"inputs=[46, 46, 128], [128, 128] -> outputs=[46, 46, 128]",69337088
trunk_fp16.onnx,12866,MatMul,"inputs=[1, 46, 46, 128], [128, 512] -> outputs=[1, 46, 46, 512]",277348352
trunk_fp16.onnx,12869,MatMul,"inputs=[1, 46, 46, 128], [128, 512] -> outputs=[1, 46, 46, 512]",277348352
trunk_fp16.onnx,12871,MatMul,"inputs=[1, 46, 46, 512], [512, 128] -> outputs=[1, 46, 46, 128]",277348352
trunk_fp16.onnx,12878,MatMul,"inputs=[1, 46, 384], [384, 384] -> outputs=[1, 46, 384]",13565952
trunk_fp16.onnx,12881,MatMul,"inputs=[1, 46, 384], [384, 384] -> outputs=[1, 46, 384]",13565952
trunk_fp16.onnx,12883,MatMul,"inputs=[1, 46, 384], [384, 384] -> outputs=[1, 46, 384]",13565952
trunk_fp16.onnx,12885,MatMul,"inputs=[1, 46, 384], [384, 384] -> outputs=[1, 46, 384]",13565952
trunk_fp16.onnx,12887,Einsum,"inputs=[1, 46, 16, 24], [1, 46, 16, 24] -> outputs=[1, 16, 46, 46]",1625088
trunk_fp16.onnx,12894,MatMul,"inputs=[1, 46, 46, 128], [128, 16] -> outputs=[1, 46, 46, 16]",8667136
trunk_fp16.onnx,12902,Softmax,"inputs=[1, 16, 46, 46] -> outputs=[1, 16, 46, 46]",169280
trunk_fp16.onnx,12904,Einsum,"inputs=[1, 16, 46, 46], [1, 46, 16, 24] -> outputs=[1, 46, 16, 24]",1625088
trunk_fp16.onnx,12907,MatMul,"inputs=[1, 46, 384], [384, 384] -> outputs=[1, 46, 384]",13565952
trunk_fp16.onnx,12914,MatMul,"inputs=[1, 46, 384], [384, 1536] -> outputs=[1, 46, 1536]",54263808
trunk_fp16.onnx,12917,MatMul,"inputs=[1, 46, 384], [384, 1536] -> outputs=[1, 46, 1536]",54263808
trunk_fp16.onnx,12919,MatMul,"inputs=[1, 46, 1536], [1536, 384] -> outputs=[1, 46, 384]",54263808
trunk_fp16.onnx,12926,MatMul,"inputs=[1, 46, 46, 128], [128, 256] -> outputs=[1, 46, 46, 256]",138674176
trunk_fp16.onnx,12927,MatMul,"inputs=[1, 46, 46, 128], [128, 256] -> outputs=[1, 46, 46, 256]",138674176
trunk_fp16.onnx,12932,Einsum,"inputs=[1, 46, 46, 128], [1, 46, 46, 128] -> outputs=[1, 46, 46, 128]",24918016
trunk_fp16.onnx,12933,MatMul,"inputs=[1, 46, 46, 128], [128, 128] -> outputs=[1, 46, 46, 128]",69337088
trunk_fp16.onnx,12940,MatMul,"inputs=[1, 46, 46, 128], [128, 128] -> outputs=[1, 46, 46, 128]",69337088
trunk_fp16.onnx,12949,MatMul,"inputs=[1, 46, 46, 128], [128, 256] -> outputs=[1, 46, 46, 256]",138674176
trunk_fp16.onnx,12950,MatMul,"inputs=[1, 46, 46, 128], [128, 256] -> outputs=[1, 46, 46, 256]",138674176
trunk_fp16.onnx,12955,Einsum,"inputs=[1, 46, 46, 128], [1, 46, 46, 128] -> outputs=[1, 46, 46, 128]",24918016
trunk_fp16.onnx,12956,MatMul,"inputs=[1, 46, 46, 128], [128, 128] -> outputs=[1, 46, 46, 128]",69337088
trunk_fp16.onnx,12963,MatMul,"inputs=[1, 46, 46, 128], [128, 128] -> outputs=[1, 46, 46, 128]",69337088
trunk_fp16.onnx,12972,MatMul,"inputs=[1, 46, 46, 128], [128, 4] -> outputs=[1, 46, 46, 4]",2166784
trunk_fp16.onnx,12977,MatMul,"inputs=[46, 46, 128], [128, 128] -> outputs=[46, 46, 128]",69337088
trunk_fp16.onnx,12978,MatMul,"inputs=[46, 46, 128], [128, 128] -> outputs=[46, 46, 128]",69337088
trunk_fp16.onnx,12979,MatMul,"inputs=[46, 46, 128], [128, 128] -> outputs=[46, 46, 128]",69337088
trunk_fp16.onnx,12989,MatMul,"inputs=[46, 4, 46, 32], [46, 4, 32, 46] -> outputs=[46, 4, 46, 46]",4584914944
trunk_fp16.onnx,12992,MatMul,"inputs=[46, 46, 128], [128, 128] -> outputs=[46, 46, 128]",69337088
trunk_fp16.onnx,12996,Softmax,"inputs=[46, 4, 46, 46] -> outputs=[46, 4, 46, 46]",1946720
trunk_fp16.onnx,12998,MatMul,"inputs=[46, 4, 46, 46], [46, 4, 46, 32] -> outputs=[46, 4, 46, 32]",4584914944
trunk_fp16.onnx,13002,MatMul,"inputs=[46, 46, 128], [128, 128] -> outputs=[46, 46, 128]",69337088
trunk_fp16.onnx,13012,MatMul,"inputs=[1, 46, 46, 128], [128, 4] -> outputs=[1, 46, 46, 4]",2166784
trunk_fp16.onnx,13017,MatMul,"inputs=[46, 46, 128], [128, 128] -> outputs=[46, 46, 128]",69337088
trunk_fp16.onnx,13018,MatMul,"inputs=[46, 46, 128], [128, 128] -> outputs=[46, 46, 128]",69337088
trunk_fp16.onnx,13019,MatMul,"inputs=[46, 46, 128], [128, 128] -> outputs=[46, 46, 128]",69337088
trunk_fp16.onnx,13029,MatMul,"inputs=[46, 4, 46, 32], [46, 4, 32, 46] -> outputs=[46, 4, 46, 46]",4584914944
trunk_fp16.onnx,13032,MatMul,"inputs=[46, 46, 128], [128, 128] -> outputs=[46, 46, 128]",69337088
trunk_fp16.onnx,13036,Softmax,"inputs=[46, 4, 46, 46] -> outputs=[46, 4, 46, 46]",1946720
trunk_fp16.onnx,13038,MatMul,"inputs=[46, 4, 46, 46], [46, 4, 46, 32] -> outputs=[46, 4, 46, 32]",4584914944
trunk_fp16.onnx,13042,MatMul,"inputs=[46, 46, 128], [128, 128] -> outputs=[46, 46, 128]",69337088
trunk_fp16.onnx,13052,MatMul,"inputs=[1, 46, 46, 128], [128, 512] -> outputs=[1, 46, 46, 512]",277348352
trunk_fp16.onnx,13055,MatMul,"inputs=[1, 46, 46, 128], [128, 512] -> outputs=[1, 46, 46, 512]",277348352
trunk_fp16.onnx,13057,MatMul,"inputs=[1, 46, 46, 512], [512, 128] -> outputs=[1, 46, 46, 128]",277348352
trunk_fp16.onnx,13064,MatMul,"inputs=[1, 46, 384], [384, 384] -> outputs=[1, 46, 384]",13565952
trunk_fp16.onnx,13067,MatMul,"inputs=[1, 46, 384], [384, 384] -> outputs=[1, 46, 384]",13565952
trunk_fp16.onnx,13069,MatMul,"inputs=[1, 46, 384], [384, 384] -> outputs=[1, 46, 384]",13565952
trunk_fp16.onnx,13071,MatMul,"inputs=[1, 46, 384], [384, 384] -> outputs=[1, 46, 384]",13565952
trunk_fp16.onnx,13073,Einsum,"inputs=[1, 46, 16, 24], [1, 46, 16, 24] -> outputs=[1, 16, 46, 46]",1625088
trunk_fp16.onnx,13080,MatMul,"inputs=[1, 46, 46, 128], [128, 16] -> outputs=[1, 46, 46, 16]",8667136
trunk_fp16.onnx,13088,Softmax,"inputs=[1, 16, 46, 46] -> outputs=[1, 16, 46, 46]",169280
trunk_fp16.onnx,13090,Einsum,"inputs=[1, 16, 46, 46], [1, 46, 16, 24] -> outputs=[1, 46, 16, 24]",1625088
trunk_fp16.onnx,13093,MatMul,"inputs=[1, 46, 384], [384, 384] -> outputs=[1, 46, 384]",13565952
trunk_fp16.onnx,13100,MatMul,"inputs=[1, 46, 384], [384, 1536] -> outputs=[1, 46, 1536]",54263808
trunk_fp16.onnx,13103,MatMul,"inputs=[1, 46, 384], [384, 1536] -> outputs=[1, 46, 1536]",54263808
trunk_fp16.onnx,13105,MatMul,"inputs=[1, 46, 1536], [1536, 384] -> outputs=[1, 46, 384]",54263808
trunk_fp16.onnx,13112,MatMul,"inputs=[1, 46, 46, 128], [128, 256] -> outputs=[1, 46, 46, 256]",138674176
trunk_fp16.onnx,13113,MatMul,"inputs=[1, 46, 46, 128], [128, 256] -> outputs=[1, 46, 46, 256]",138674176
trunk_fp16.onnx,13118,Einsum,"inputs=[1, 46, 46, 128], [1, 46, 46, 128] -> outputs=[1, 46, 46, 128]",24918016
trunk_fp16.onnx,13119,MatMul,"inputs=[1, 46, 46, 128], [128, 128] -> outputs=[1, 46, 46, 128]",69337088
trunk_fp16.onnx,13126,MatMul,"inputs=[1, 46, 46, 128], [128, 128] -> outputs=[1, 46, 46, 128]",69337088
trunk_fp16.onnx,13135,MatMul,"inputs=[1, 46, 46, 128], [128, 256] -> outputs=[1, 46, 46, 256]",138674176
trunk_fp16.onnx,13136,MatMul,"inputs=[1, 46, 46, 128], [128, 256] -> outputs=[1, 46, 46, 256]",138674176
trunk_fp16.onnx,13141,Einsum,"inputs=[1, 46, 46, 128], [1, 46, 46, 128] -> outputs=[1, 46, 46, 128]",24918016
trunk_fp16.onnx,13142,MatMul,"inputs=[1, 46, 46, 128], [128, 128] -> outputs=[1, 46, 46, 128]",69337088
trunk_fp16.onnx,13149,MatMul,"inputs=[1, 46, 46, 128], [128, 128] -> outputs=[1, 46, 46, 128]",69337088
trunk_fp16.onnx,13158,MatMul,"inputs=[1, 46, 46, 128], [128, 4] -> outputs=[1, 46, 46, 4]",2166784
trunk_fp16.onnx,13163,MatMul,"inputs=[46, 46, 128], [128, 128] -> outputs=[46, 46, 128]",69337088
trunk_fp16.onnx,13164,MatMul,"inputs=[46, 46, 128], [128, 128] -> outputs=[46, 46, 128]",69337088
trunk_fp16.onnx,13165,MatMul,"inputs=[46, 46, 128], [128, 128] -> outputs=[46, 46, 128]",69337088
trunk_fp16.onnx,13175,MatMul,"inputs=[46, 4, 46, 32], [46, 4, 32, 46] -> outputs=[46, 4, 46, 46]",4584914944
trunk_fp16.onnx,13178,MatMul,"inputs=[46, 46, 128], [128, 128] -> outputs=[46, 46, 128]",69337088
trunk_fp16.onnx,13182,Softmax,"inputs=[46, 4, 46, 46] -> outputs=[46, 4, 46, 46]",1946720
trunk_fp16.onnx,13184,MatMul,"inputs=[46, 4, 46, 46], [46, 4, 46, 32] -> outputs=[46, 4, 46, 32]",4584914944
trunk_fp16.onnx,13188,MatMul,"inputs=[46, 46, 128], [128, 128] -> outputs=[46, 46, 128]",69337088
trunk_fp16.onnx,13198,MatMul,"inputs=[1, 46, 46, 128], [128, 4] -> outputs=[1, 46, 46, 4]",2166784
trunk_fp16.onnx,13203,MatMul,"inputs=[46, 46, 128], [128, 128] -> outputs=[46, 46, 128]",69337088
trunk_fp16.onnx,13204,MatMul,"inputs=[46, 46, 128], [128, 128] -> outputs=[46, 46, 128]",69337088
trunk_fp16.onnx,13205,MatMul,"inputs=[46, 46, 128], [128, 128] -> outputs=[46, 46, 128]",69337088
trunk_fp16.onnx,13215,MatMul,"inputs=[46, 4, 46, 32], [46, 4, 32, 46] -> outputs=[46, 4, 46, 46]",4584914944
trunk_fp16.onnx,13218,MatMul,"inputs=[46, 46, 128], [128, 128] -> outputs=[46, 46, 128]",69337088
trunk_fp16.onnx,13222,Softmax,"inputs=[46, 4, 46, 46] -> outputs=[46, 4, 46, 46]",1946720
trunk_fp16.onnx,13224,MatMul,"inputs=[46, 4, 46, 46], [46, 4, 46, 32] -> outputs=[46, 4, 46, 32]",4584914944
trunk_fp16.onnx,13228,MatMul,"inputs=[46, 46, 128], [128, 128] -> outputs=[46, 46, 128]",69337088
trunk_fp16.onnx,13238,MatMul,"inputs=[1, 46, 46, 128], [128, 512] -> outputs=[1, 46, 46, 512]",277348352
trunk_fp16.onnx,13241,MatMul,"inputs=[1, 46, 46, 128], [128, 512] -> outputs=[1, 46, 46, 512]",277348352
trunk_fp16.onnx,13243,MatMul,"inputs=[1, 46, 46, 512], [512, 128] -> outputs=[1, 46, 46, 128]",277348352
trunk_fp16.onnx,13250,MatMul,"inputs=[1, 46, 384], [384, 384] -> outputs=[1, 46, 384]",13565952
trunk_fp16.onnx,13253,MatMul,"inputs=[1, 46, 384], [384, 384] -> outputs=[1, 46, 384]",13565952
trunk_fp16.onnx,13255,MatMul,"inputs=[1, 46, 384], [384, 384] -> outputs=[1, 46, 384]",13565952
trunk_fp16.onnx,13257,MatMul,"inputs=[1, 46, 384], [384, 384] -> outputs=[1, 46, 384]",13565952
trunk_fp16.onnx,13259,Einsum,"inputs=[1, 46, 16, 24], [1, 46, 16, 24] -> outputs=[1, 16, 46, 46]",1625088
trunk_fp16.onnx,13266,MatMul,"inputs=[1, 46, 46, 128], [128, 16] -> outputs=[1, 46, 46, 16]",8667136
trunk_fp16.onnx,13274,Softmax,"inputs=[1, 16, 46, 46] -> outputs=[1, 16, 46, 46]",169280
trunk_fp16.onnx,13276,Einsum,"inputs=[1, 16, 46, 46], [1, 46, 16, 24] -> outputs=[1, 46, 16, 24]",1625088
trunk_fp16.onnx,13279,MatMul,"inputs=[1, 46, 384], [384, 384] -> outputs=[1, 46, 384]",13565952
trunk_fp16.onnx,13286,MatMul,"inputs=[1, 46, 384], [384, 1536] -> outputs=[1, 46, 1536]",54263808
trunk_fp16.onnx,13289,MatMul,"inputs=[1, 46, 384], [384, 1536] -> outputs=[1, 46, 1536]",54263808
trunk_fp16.onnx,13291,MatMul,"inputs=[1, 46, 1536], [1536, 384] -> outputs=[1, 46, 384]",54263808
trunk_fp16.onnx,13298,MatMul,"inputs=[1, 46, 46, 128], [128, 256] -> outputs=[1, 46, 46, 256]",138674176
trunk_fp16.onnx,13299,MatMul,"inputs=[1, 46, 46, 128], [128, 256] -> outputs=[1, 46, 46, 256]",138674176
trunk_fp16.onnx,13304,Einsum,"inputs=[1, 46, 46, 128], [1, 46, 46, 128] -> outputs=[1, 46, 46, 128]",24918016
trunk_fp16.onnx,13305,MatMul,"inputs=[1, 46, 46, 128], [128, 128] -> outputs=[1, 46, 46, 128]",69337088
trunk_fp16.onnx,13312,MatMul,"inputs=[1, 46, 46, 128], [128, 128] -> outputs=[1, 46, 46, 128]",69337088
trunk_fp16.onnx,13321,MatMul,"inputs=[1, 46, 46, 128], [128, 256] -> outputs=[1, 46, 46, 256]",138674176
trunk_fp16.onnx,13322,MatMul,"inputs=[1, 46, 46, 128], [128, 256] -> outputs=[1, 46, 46, 256]",138674176
trunk_fp16.onnx,13327,Einsum,"inputs=[1, 46, 46, 128], [1, 46, 46, 128] -> outputs=[1, 46, 46, 128]",24918016
trunk_fp16.onnx,13328,MatMul,"inputs=[1, 46, 46, 128], [128, 128] -> outputs=[1, 46, 46, 128]",69337088
trunk_fp16.onnx,13335,MatMul,"inputs=[1, 46, 46, 128], [128, 128] -> outputs=[1, 46, 46, 128]",69337088
trunk_fp16.onnx,13344,MatMul,"inputs=[1, 46, 46, 128], [128, 4] -> outputs=[1, 46, 46, 4]",2166784
trunk_fp16.onnx,13349,MatMul,"inputs=[46, 46, 128], [128, 128] -> outputs=[46, 46, 128]",69337088
trunk_fp16.onnx,13350,MatMul,"inputs=[46, 46, 128], [128, 128] -> outputs=[46, 46, 128]",69337088
trunk_fp16.onnx,13351,MatMul,"inputs=[46, 46, 128], [128, 128] -> outputs=[46, 46, 128]",69337088
trunk_fp16.onnx,13361,MatMul,"inputs=[46, 4, 46, 32], [46, 4, 32, 46] -> outputs=[46, 4, 46, 46]",4584914944
trunk_fp16.onnx,13364,MatMul,"inputs=[46, 46, 128], [128, 128] -> outputs=[46, 46, 128]",69337088
trunk_fp16.onnx,13368,Softmax,"inputs=[46, 4, 46, 46] -> outputs=[46, 4, 46, 46]",1946720
trunk_fp16.onnx,13370,MatMul,"inputs=[46, 4, 46, 46], [46, 4, 46, 32] -> outputs=[46, 4, 46, 32]",4584914944
trunk_fp16.onnx,13374,MatMul,"inputs=[46, 46, 128], [128, 128] -> outputs=[46, 46, 128]",69337088
trunk_fp16.onnx,13384,MatMul,"inputs=[1, 46, 46, 128], [128, 4] -> outputs=[1, 46, 46, 4]",2166784
trunk_fp16.onnx,13389,MatMul,"inputs=[46, 46, 128], [128, 128] -> outputs=[46, 46, 128]",69337088
trunk_fp16.onnx,13390,MatMul,"inputs=[46, 46, 128], [128, 128] -> outputs=[46, 46, 128]",69337088
trunk_fp16.onnx,13391,MatMul,"inputs=[46, 46, 128], [128, 128] -> outputs=[46, 46, 128]",69337088
trunk_fp16.onnx,13401,MatMul,"inputs=[46, 4, 46, 32], [46, 4, 32, 46] -> outputs=[46, 4, 46, 46]",4584914944
trunk_fp16.onnx,13404,MatMul,"inputs=[46, 46, 128], [128, 128] -> outputs=[46, 46, 128]",69337088
trunk_fp16.onnx,13408,Softmax,"inputs=[46, 4, 46, 46] -> outputs=[46, 4, 46, 46]",1946720
trunk_fp16.onnx,13410,MatMul,"inputs=[46, 4, 46, 46], [46, 4, 46, 32] -> outputs=[46, 4, 46, 32]",4584914944
trunk_fp16.onnx,13414,MatMul,"inputs=[46, 46, 128], [128, 128] -> outputs=[46, 46, 128]",69337088
trunk_fp16.onnx,13424,MatMul,"inputs=[1, 46, 46, 128], [128, 512] -> outputs=[1, 46, 46, 512]",277348352
trunk_fp16.onnx,13427,MatMul,"inputs=[1, 46, 46, 128], [128, 512] -> outputs=[1, 46, 46, 512]",277348352
trunk_fp16.onnx,13429,MatMul,"inputs=[1, 46, 46, 512], [512, 128] -> outputs=[1, 46, 46, 128]",277348352
trunk_fp16.onnx,13436,MatMul,"inputs=[1, 46, 384], [384, 384] -> outputs=[1, 46, 384]",13565952
trunk_fp16.onnx,13439,MatMul,"inputs=[1, 46, 384], [384, 384] -> outputs=[1, 46, 384]",13565952
trunk_fp16.onnx,13441,MatMul,"inputs=[1, 46, 384], [384, 384] -> outputs=[1, 46, 384]",13565952
trunk_fp16.onnx,13443,MatMul,"inputs=[1, 46, 384], [384, 384] -> outputs=[1, 46, 384]",13565952
trunk_fp16.onnx,13445,Einsum,"inputs=[1, 46, 16, 24], [1, 46, 16, 24] -> outputs=[1, 16, 46, 46]",1625088
trunk_fp16.onnx,13452,MatMul,"inputs=[1, 46, 46, 128], [128, 16] -> outputs=[1, 46, 46, 16]",8667136
trunk_fp16.onnx,13460,Softmax,"inputs=[1, 16, 46, 46] -> outputs=[1, 16, 46, 46]",169280
trunk_fp16.onnx,13462,Einsum,"inputs=[1, 16, 46, 46], [1, 46, 16, 24] -> outputs=[1, 46, 16, 24]",1625088
trunk_fp16.onnx,13465,MatMul,"inputs=[1, 46, 384], [384, 384] -> outputs=[1, 46, 384]",13565952
trunk_fp16.onnx,13472,MatMul,"inputs=[1, 46, 384], [384, 1536] -> outputs=[1, 46, 1536]",54263808
trunk_fp16.onnx,13475,MatMul,"inputs=[1, 46, 384], [384, 1536] -> outputs=[1, 46, 1536]",54263808
trunk_fp16.onnx,13477,MatMul,"inputs=[1, 46, 1536], [1536, 384] -> outputs=[1, 46, 384]",54263808
trunk_fp16.onnx,13484,MatMul,"inputs=[1, 46, 46, 128], [128, 256] -> outputs=[1, 46, 46, 256]",138674176
trunk_fp16.onnx,13485,MatMul,"inputs=[1, 46, 46, 128], [128, 256] -> outputs=[1, 46, 46, 256]",138674176
trunk_fp16.onnx,13490,Einsum,"inputs=[1, 46, 46, 128], [1, 46, 46, 128] -> outputs=[1, 46, 46, 128]",24918016
trunk_fp16.onnx,13491,MatMul,"inputs=[1, 46, 46, 128], [128, 128] -> outputs=[1, 46, 46, 128]",69337088
trunk_fp16.onnx,13498,MatMul,"inputs=[1, 46, 46, 128], [128, 128] -> outputs=[1, 46, 46, 128]",69337088
trunk_fp16.onnx,13507,MatMul,"inputs=[1, 46, 46, 128], [128, 256] -> outputs=[1, 46, 46, 256]",138674176
trunk_fp16.onnx,13508,MatMul,"inputs=[1, 46, 46, 128], [128, 256] -> outputs=[1, 46, 46, 256]",138674176
trunk_fp16.onnx,13513,Einsum,"inputs=[1, 46, 46, 128], [1, 46, 46, 128] -> outputs=[1, 46, 46, 128]",24918016
trunk_fp16.onnx,13514,MatMul,"inputs=[1, 46, 46, 128], [128, 128] -> outputs=[1, 46, 46, 128]",69337088
trunk_fp16.onnx,13521,MatMul,"inputs=[1, 46, 46, 128], [128, 128] -> outputs=[1, 46, 46, 128]",69337088
trunk_fp16.onnx,13530,MatMul,"inputs=[1, 46, 46, 128], [128, 4] -> outputs=[1, 46, 46, 4]",2166784
trunk_fp16.onnx,13535,MatMul,"inputs=[46, 46, 128], [128, 128] -> outputs=[46, 46, 128]",69337088
trunk_fp16.onnx,13536,MatMul,"inputs=[46, 46, 128], [128, 128] -> outputs=[46, 46, 128]",69337088
trunk_fp16.onnx,13537,MatMul,"inputs=[46, 46, 128], [128, 128] -> outputs=[46, 46, 128]",69337088
trunk_fp16.onnx,13547,MatMul,"inputs=[46, 4, 46, 32], [46, 4, 32, 46] -> outputs=[46, 4, 46, 46]",4584914944
trunk_fp16.onnx,13550,MatMul,"inputs=[46, 46, 128], [128, 128] -> outputs=[46, 46, 128]",69337088
trunk_fp16.onnx,13554,Softmax,"inputs=[46, 4, 46, 46] -> outputs=[46, 4, 46, 46]",1946720
trunk_fp16.onnx,13556,MatMul,"inputs=[46, 4, 46, 46], [46, 4, 46, 32] -> outputs=[46, 4, 46, 32]",4584914944
trunk_fp16.onnx,13560,MatMul,"inputs=[46, 46, 128], [128, 128] -> outputs=[46, 46, 128]",69337088
trunk_fp16.onnx,13570,MatMul,"inputs=[1, 46, 46, 128], [128, 4] -> outputs=[1, 46, 46, 4]",2166784
trunk_fp16.onnx,13575,MatMul,"inputs=[46, 46, 128], [128, 128] -> outputs=[46, 46, 128]",69337088
trunk_fp16.onnx,13576,MatMul,"inputs=[46, 46, 128], [128, 128] -> outputs=[46, 46, 128]",69337088
trunk_fp16.onnx,13577,MatMul,"inputs=[46, 46, 128], [128, 128] -> outputs=[46, 46, 128]",69337088
trunk_fp16.onnx,13587,MatMul,"inputs=[46, 4, 46, 32], [46, 4, 32, 46] -> outputs=[46, 4, 46, 46]",4584914944
trunk_fp16.onnx,13590,MatMul,"inputs=[46, 46, 128], [128, 128] -> outputs=[46, 46, 128]",69337088
trunk_fp16.onnx,13594,Softmax,"inputs=[46, 4, 46, 46] -> outputs=[46, 4, 46, 46]",1946720
trunk_fp16.onnx,13596,MatMul,"inputs=[46, 4, 46, 46], [46, 4, 46, 32] -> outputs=[46, 4, 46, 32]",4584914944
trunk_fp16.onnx,13600,MatMul,"inputs=[46, 46, 128], [128, 128] -> outputs=[46, 46, 128]",69337088
trunk_fp16.onnx,13610,MatMul,"inputs=[1, 46, 46, 128], [128, 512] -> outputs=[1, 46, 46, 512]",277348352
trunk_fp16.onnx,13613,MatMul,"inputs=[1, 46, 46, 128], [128, 512] -> outputs=[1, 46, 46, 512]",277348352
trunk_fp16.onnx,13615,MatMul,"inputs=[1, 46, 46, 512], [512, 128] -> outputs=[1, 46, 46, 128]",277348352
trunk_fp16.onnx,13622,MatMul,"inputs=[1, 46, 384], [384, 384] -> outputs=[1, 46, 384]",13565952
trunk_fp16.onnx,13625,MatMul,"inputs=[1, 46, 384], [384, 384] -> outputs=[1, 46, 384]",13565952
trunk_fp16.onnx,13627,MatMul,"inputs=[1, 46, 384], [384, 384] -> outputs=[1, 46, 384]",13565952
trunk_fp16.onnx,13629,MatMul,"inputs=[1, 46, 384], [384, 384] -> outputs=[1, 46, 384]",13565952
trunk_fp16.onnx,13631,Einsum,"inputs=[1, 46, 16, 24], [1, 46, 16, 24] -> outputs=[1, 16, 46, 46]",1625088
trunk_fp16.onnx,13638,MatMul,"inputs=[1, 46, 46, 128], [128, 16] -> outputs=[1, 46, 46, 16]",8667136
trunk_fp16.onnx,13646,Softmax,"inputs=[1, 16, 46, 46] -> outputs=[1, 16, 46, 46]",169280
trunk_fp16.onnx,13648,Einsum,"inputs=[1, 16, 46, 46], [1, 46, 16, 24] -> outputs=[1, 46, 16, 24]",1625088
trunk_fp16.onnx,13651,MatMul,"inputs=[1, 46, 384], [384, 384] -> outputs=[1, 46, 384]",13565952
trunk_fp16.onnx,13658,MatMul,"inputs=[1, 46, 384], [384, 1536] -> outputs=[1, 46, 1536]",54263808
trunk_fp16.onnx,13661,MatMul,"inputs=[1, 46, 384], [384, 1536] -> outputs=[1, 46, 1536]",54263808
trunk_fp16.onnx,13663,MatMul,"inputs=[1, 46, 1536], [1536, 384] -> outputs=[1, 46, 384]",54263808
trunk_fp16.onnx,13670,MatMul,"inputs=[1, 46, 46, 128], [128, 256] -> outputs=[1, 46, 46, 256]",138674176
trunk_fp16.onnx,13671,MatMul,"inputs=[1, 46, 46, 128], [128, 256] -> outputs=[1, 46, 46, 256]",138674176
trunk_fp16.onnx,13676,Einsum,"inputs=[1, 46, 46, 128], [1, 46, 46, 128] -> outputs=[1, 46, 46, 128]",24918016
trunk_fp16.onnx,13677,MatMul,"inputs=[1, 46, 46, 128], [128, 128] -> outputs=[1, 46, 46, 128]",69337088
trunk_fp16.onnx,13684,MatMul,"inputs=[1, 46, 46, 128], [128, 128] -> outputs=[1, 46, 46, 128]",69337088
trunk_fp16.onnx,13693,MatMul,"inputs=[1, 46, 46, 128], [128, 256] -> outputs=[1, 46, 46, 256]",138674176
trunk_fp16.onnx,13694,MatMul,"inputs=[1, 46, 46, 128], [128, 256] -> outputs=[1, 46, 46, 256]",138674176
trunk_fp16.onnx,13699,Einsum,"inputs=[1, 46, 46, 128], [1, 46, 46, 128] -> outputs=[1, 46, 46, 128]",24918016
trunk_fp16.onnx,13700,MatMul,"inputs=[1, 46, 46, 128], [128, 128] -> outputs=[1, 46, 46, 128]",69337088
trunk_fp16.onnx,13707,MatMul,"inputs=[1, 46, 46, 128], [128, 128] -> outputs=[1, 46, 46, 128]",69337088
trunk_fp16.onnx,13716,MatMul,"inputs=[1, 46, 46, 128], [128, 4] -> outputs=[1, 46, 46, 4]",2166784
trunk_fp16.onnx,13721,MatMul,"inputs=[46, 46, 128], [128, 128] -> outputs=[46, 46, 128]",69337088
trunk_fp16.onnx,13722,MatMul,"inputs=[46, 46, 128], [128, 128] -> outputs=[46, 46, 128]",69337088
trunk_fp16.onnx,13723,MatMul,"inputs=[46, 46, 128], [128, 128] -> outputs=[46, 46, 128]",69337088
trunk_fp16.onnx,13733,MatMul,"inputs=[46, 4, 46, 32], [46, 4, 32, 46] -> outputs=[46, 4, 46, 46]",4584914944
trunk_fp16.onnx,13736,MatMul,"inputs=[46, 46, 128], [128, 128] -> outputs=[46, 46, 128]",69337088
trunk_fp16.onnx,13740,Softmax,"inputs=[46, 4, 46, 46] -> outputs=[46, 4, 46, 46]",1946720
trunk_fp16.onnx,13742,MatMul,"inputs=[46, 4, 46, 46], [46, 4, 46, 32] -> outputs=[46, 4, 46, 32]",4584914944
trunk_fp16.onnx,13746,MatMul,"inputs=[46, 46, 128], [128, 128] -> outputs=[46, 46, 128]",69337088
trunk_fp16.onnx,13756,MatMul,"inputs=[1, 46, 46, 128], [128, 4] -> outputs=[1, 46, 46, 4]",2166784
trunk_fp16.onnx,13761,MatMul,"inputs=[46, 46, 128], [128, 128] -> outputs=[46, 46, 128]",69337088
trunk_fp16.onnx,13762,MatMul,"inputs=[46, 46, 128], [128, 128] -> outputs=[46, 46, 128]",69337088
trunk_fp16.onnx,13763,MatMul,"inputs=[46, 46, 128], [128, 128] -> outputs=[46, 46, 128]",69337088
trunk_fp16.onnx,13773,MatMul,"inputs=[46, 4, 46, 32], [46, 4, 32, 46] -> outputs=[46, 4, 46, 46]",4584914944
trunk_fp16.onnx,13776,MatMul,"inputs=[46, 46, 128], [128, 128] -> outputs=[46, 46, 128]",69337088
trunk_fp16.onnx,13780,Softmax,"inputs=[46, 4, 46, 46] -> outputs=[46, 4, 46, 46]",1946720
trunk_fp16.onnx,13782,MatMul,"inputs=[46, 4, 46, 46], [46, 4, 46, 32] -> outputs=[46, 4, 46, 32]",4584914944
trunk_fp16.onnx,13786,MatMul,"inputs=[46, 46, 128], [128, 128] -> outputs=[46, 46, 128]",69337088
trunk_fp16.onnx,13796,MatMul,"inputs=[1, 46, 46, 128], [128, 512] -> outputs=[1, 46, 46, 512]",277348352
trunk_fp16.onnx,13799,MatMul,"inputs=[1, 46, 46, 128], [128, 512] -> outputs=[1, 46, 46, 512]",277348352
trunk_fp16.onnx,13801,MatMul,"inputs=[1, 46, 46, 512], [512, 128] -> outputs=[1, 46, 46, 128]",277348352
trunk_fp16.onnx,13808,MatMul,"inputs=[1, 46, 384], [384, 384] -> outputs=[1, 46, 384]",13565952
trunk_fp16.onnx,13811,MatMul,"inputs=[1, 46, 384], [384, 384] -> outputs=[1, 46, 384]",13565952
trunk_fp16.onnx,13813,MatMul,"inputs=[1, 46, 384], [384, 384] -> outputs=[1, 46, 384]",13565952
trunk_fp16.onnx,13815,MatMul,"inputs=[1, 46, 384], [384, 384] -> outputs=[1, 46, 384]",13565952
trunk_fp16.onnx,13817,Einsum,"inputs=[1, 46, 16, 24], [1, 46, 16, 24] -> outputs=[1, 16, 46, 46]",1625088
trunk_fp16.onnx,13824,MatMul,"inputs=[1, 46, 46, 128], [128, 16] -> outputs=[1, 46, 46, 16]",8667136
trunk_fp16.onnx,13832,Softmax,"inputs=[1, 16, 46, 46] -> outputs=[1, 16, 46, 46]",169280
trunk_fp16.onnx,13834,Einsum,"inputs=[1, 16, 46, 46], [1, 46, 16, 24] -> outputs=[1, 46, 16, 24]",1625088
trunk_fp16.onnx,13837,MatMul,"inputs=[1, 46, 384], [384, 384] -> outputs=[1, 46, 384]",13565952
trunk_fp16.onnx,13844,MatMul,"inputs=[1, 46, 384], [384, 1536] -> outputs=[1, 46, 1536]",54263808
trunk_fp16.onnx,13847,MatMul,"inputs=[1, 46, 384], [384, 1536] -> outputs=[1, 46, 1536]",54263808
trunk_fp16.onnx,13849,MatMul,"inputs=[1, 46, 1536], [1536, 384] -> outputs=[1, 46, 384]",54263808
trunk_fp16.onnx,13856,MatMul,"inputs=[1, 46, 46, 128], [128, 256] -> outputs=[1, 46, 46, 256]",138674176
trunk_fp16.onnx,13857,MatMul,"inputs=[1, 46, 46, 128], [128, 256] -> outputs=[1, 46, 46, 256]",138674176
trunk_fp16.onnx,13862,Einsum,"inputs=[1, 46, 46, 128], [1, 46, 46, 128] -> outputs=[1, 46, 46, 128]",24918016
trunk_fp16.onnx,13863,MatMul,"inputs=[1, 46, 46, 128], [128, 128] -> outputs=[1, 46, 46, 128]",69337088
trunk_fp16.onnx,13870,MatMul,"inputs=[1, 46, 46, 128], [128, 128] -> outputs=[1, 46, 46, 128]",69337088
trunk_fp16.onnx,13879,MatMul,"inputs=[1, 46, 46, 128], [128, 256] -> outputs=[1, 46, 46, 256]",138674176
trunk_fp16.onnx,13880,MatMul,"inputs=[1, 46, 46, 128], [128, 256] -> outputs=[1, 46, 46, 256]",138674176
trunk_fp16.onnx,13885,Einsum,"inputs=[1, 46, 46, 128], [1, 46, 46, 128] -> outputs=[1, 46, 46, 128]",24918016
trunk_fp16.onnx,13886,MatMul,"inputs=[1, 46, 46, 128], [128, 128] -> outputs=[1, 46, 46, 128]",69337088
trunk_fp16.onnx,13893,MatMul,"inputs=[1, 46, 46, 128], [128, 128] -> outputs=[1, 46, 46, 128]",69337088
trunk_fp16.onnx,13902,MatMul,"inputs=[1, 46, 46, 128], [128, 4] -> outputs=[1, 46, 46, 4]",2166784
trunk_fp16.onnx,13907,MatMul,"inputs=[46, 46, 128], [128, 128] -> outputs=[46, 46, 128]",69337088
trunk_fp16.onnx,13908,MatMul,"inputs=[46, 46, 128], [128, 128] -> outputs=[46, 46, 128]",69337088
trunk_fp16.onnx,13909,MatMul,"inputs=[46, 46, 128], [128, 128] -> outputs=[46, 46, 128]",69337088
trunk_fp16.onnx,13919,MatMul,"inputs=[46, 4, 46, 32], [46, 4, 32, 46] -> outputs=[46, 4, 46, 46]",4584914944
trunk_fp16.onnx,13922,MatMul,"inputs=[46, 46, 128], [128, 128] -> outputs=[46, 46, 128]",69337088
trunk_fp16.onnx,13926,Softmax,"inputs=[46, 4, 46, 46] -> outputs=[46, 4, 46, 46]",1946720
trunk_fp16.onnx,13928,MatMul,"inputs=[46, 4, 46, 46], [46, 4, 46, 32] -> outputs=[46, 4, 46, 32]",4584914944
trunk_fp16.onnx,13932,MatMul,"inputs=[46, 46, 128], [128, 128] -> outputs=[46, 46, 128]",69337088
trunk_fp16.onnx,13942,MatMul,"inputs=[1, 46, 46, 128], [128, 4] -> outputs=[1, 46, 46, 4]",2166784
trunk_fp16.onnx,13947,MatMul,"inputs=[46, 46, 128], [128, 128] -> outputs=[46, 46, 128]",69337088
trunk_fp16.onnx,13948,MatMul,"inputs=[46, 46, 128], [128, 128] -> outputs=[46, 46, 128]",69337088
trunk_fp16.onnx,13949,MatMul,"inputs=[46, 46, 128], [128, 128] -> outputs=[46, 46, 128]",69337088
trunk_fp16.onnx,13959,MatMul,"inputs=[46, 4, 46, 32], [46, 4, 32, 46] -> outputs=[46, 4, 46, 46]",4584914944
trunk_fp16.onnx,13962,MatMul,"inputs=[46, 46, 128], [128, 128] -> outputs=[46, 46, 128]",69337088
trunk_fp16.onnx,13966,Softmax,"inputs=[46, 4, 46, 46] -> outputs=[46, 4, 46, 46]",1946720
trunk_fp16.onnx,13968,MatMul,"inputs=[46, 4, 46, 46], [46, 4, 46, 32] -> outputs=[46, 4, 46, 32]",4584914944
trunk_fp16.onnx,13972,MatMul,"inputs=[46, 46, 128], [128, 128] -> outputs=[46, 46, 128]",69337088
trunk_fp16.onnx,13982,MatMul,"inputs=[1, 46, 46, 128], [128, 512] -> outputs=[1, 46, 46, 512]",277348352
trunk_fp16.onnx,13985,MatMul,"inputs=[1, 46, 46, 128], [128, 512] -> outputs=[1, 46, 46, 512]",277348352
trunk_fp16.onnx,13987,MatMul,"inputs=[1, 46, 46, 512], [512, 128] -> outputs=[1, 46, 46, 128]",277348352
trunk_fp16.onnx,13994,MatMul,"inputs=[1, 46, 384], [384, 384] -> outputs=[1, 46, 384]",13565952
trunk_fp16.onnx,13997,MatMul,"inputs=[1, 46, 384], [384, 384] -> outputs=[1, 46, 384]",13565952
trunk_fp16.onnx,13999,MatMul,"inputs=[1, 46, 384], [384, 384] -> outputs=[1, 46, 384]",13565952
trunk_fp16.onnx,14001,MatMul,"inputs=[1, 46, 384], [384, 384] -> outputs=[1, 46, 384]",13565952
trunk_fp16.onnx,14003,Einsum,"inputs=[1, 46, 16, 24], [1, 46, 16, 24] -> outputs=[1, 16, 46, 46]",1625088
trunk_fp16.onnx,14010,MatMul,"inputs=[1, 46, 46, 128], [128, 16] -> outputs=[1, 46, 46, 16]",8667136
trunk_fp16.onnx,14018,Softmax,"inputs=[1, 16, 46, 46] -> outputs=[1, 16, 46, 46]",169280
trunk_fp16.onnx,14020,Einsum,"inputs=[1, 16, 46, 46], [1, 46, 16, 24] -> outputs=[1, 46, 16, 24]",1625088
trunk_fp16.onnx,14023,MatMul,"inputs=[1, 46, 384], [384, 384] -> outputs=[1, 46, 384]",13565952
trunk_fp16.onnx,14030,MatMul,"inputs=[1, 46, 384], [384, 1536] -> outputs=[1, 46, 1536]",54263808
trunk_fp16.onnx,14033,MatMul,"inputs=[1, 46, 384], [384, 1536] -> outputs=[1, 46, 1536]",54263808
trunk_fp16.onnx,14035,MatMul,"inputs=[1, 46, 1536], [1536, 384] -> outputs=[1, 46, 384]",54263808
trunk_fp16.onnx,14042,MatMul,"inputs=[1, 46, 46, 128], [128, 256] -> outputs=[1, 46, 46, 256]",138674176
trunk_fp16.onnx,14043,MatMul,"inputs=[1, 46, 46, 128], [128, 256] -> outputs=[1, 46, 46, 256]",138674176
trunk_fp16.onnx,14048,Einsum,"inputs=[1, 46, 46, 128], [1, 46, 46, 128] -> outputs=[1, 46, 46, 128]",24918016
trunk_fp16.onnx,14049,MatMul,"inputs=[1, 46, 46, 128], [128, 128] -> outputs=[1, 46, 46, 128]",69337088
trunk_fp16.onnx,14056,MatMul,"inputs=[1, 46, 46, 128], [128, 128] -> outputs=[1, 46, 46, 128]",69337088
trunk_fp16.onnx,14065,MatMul,"inputs=[1, 46, 46, 128], [128, 256] -> outputs=[1, 46, 46, 256]",138674176
trunk_fp16.onnx,14066,MatMul,"inputs=[1, 46, 46, 128], [128, 256] -> outputs=[1, 46, 46, 256]",138674176
trunk_fp16.onnx,14071,Einsum,"inputs=[1, 46, 46, 128], [1, 46, 46, 128] -> outputs=[1, 46, 46, 128]",24918016
trunk_fp16.onnx,14072,MatMul,"inputs=[1, 46, 46, 128], [128, 128] -> outputs=[1, 46, 46, 128]",69337088
trunk_fp16.onnx,14079,MatMul,"inputs=[1, 46, 46, 128], [128, 128] -> outputs=[1, 46, 46, 128]",69337088
trunk_fp16.onnx,14088,MatMul,"inputs=[1, 46, 46, 128], [128, 4] -> outputs=[1, 46, 46, 4]",2166784
trunk_fp16.onnx,14093,MatMul,"inputs=[46, 46, 128], [128, 128] -> outputs=[46, 46, 128]",69337088
trunk_fp16.onnx,14094,MatMul,"inputs=[46, 46, 128], [128, 128] -> outputs=[46, 46, 128]",69337088
trunk_fp16.onnx,14095,MatMul,"inputs=[46, 46, 128], [128, 128] -> outputs=[46, 46, 128]",69337088
trunk_fp16.onnx,14105,MatMul,"inputs=[46, 4, 46, 32], [46, 4, 32, 46] -> outputs=[46, 4, 46, 46]",4584914944
trunk_fp16.onnx,14108,MatMul,"inputs=[46, 46, 128], [128, 128] -> outputs=[46, 46, 128]",69337088
trunk_fp16.onnx,14112,Softmax,"inputs=[46, 4, 46, 46] -> outputs=[46, 4, 46, 46]",1946720
trunk_fp16.onnx,14114,MatMul,"inputs=[46, 4, 46, 46], [46, 4, 46, 32] -> outputs=[46, 4, 46, 32]",4584914944
trunk_fp16.onnx,14118,MatMul,"inputs=[46, 46, 128], [128, 128] -> outputs=[46, 46, 128]",69337088
trunk_fp16.onnx,14128,MatMul,"inputs=[1, 46, 46, 128], [128, 4] -> outputs=[1, 46, 46, 4]",2166784
trunk_fp16.onnx,14133,MatMul,"inputs=[46, 46, 128], [128, 128] -> outputs=[46, 46, 128]",69337088
trunk_fp16.onnx,14134,MatMul,"inputs=[46, 46, 128], [128, 128] -> outputs=[46, 46, 128]",69337088
trunk_fp16.onnx,14135,MatMul,"inputs=[46, 46, 128], [128, 128] -> outputs=[46, 46, 128]",69337088
trunk_fp16.onnx,14145,MatMul,"inputs=[46, 4, 46, 32], [46, 4, 32, 46] -> outputs=[46, 4, 46, 46]",4584914944
trunk_fp16.onnx,14148,MatMul,"inputs=[46, 46, 128], [128, 128] -> outputs=[46, 46, 128]",69337088
trunk_fp16.onnx,14152,Softmax,"inputs=[46, 4, 46, 46] -> outputs=[46, 4, 46, 46]",1946720
trunk_fp16.onnx,14154,MatMul,"inputs=[46, 4, 46, 46], [46, 4, 46, 32] -> outputs=[46, 4, 46, 32]",4584914944
trunk_fp16.onnx,14158,MatMul,"inputs=[46, 46, 128], [128, 128] -> outputs=[46, 46, 128]",69337088
trunk_fp16.onnx,14168,MatMul,"inputs=[1, 46, 46, 128], [128, 512] -> outputs=[1, 46, 46, 512]",277348352
trunk_fp16.onnx,14171,MatMul,"inputs=[1, 46, 46, 128], [128, 512] -> outputs=[1, 46, 46, 512]",277348352
trunk_fp16.onnx,14173,MatMul,"inputs=[1, 46, 46, 512], [512, 128] -> outputs=[1, 46, 46, 128]",277348352
trunk_fp16.onnx,14180,MatMul,"inputs=[1, 46, 384], [384, 384] -> outputs=[1, 46, 384]",13565952
trunk_fp16.onnx,14183,MatMul,"inputs=[1, 46, 384], [384, 384] -> outputs=[1, 46, 384]",13565952
trunk_fp16.onnx,14185,MatMul,"inputs=[1, 46, 384], [384, 384] -> outputs=[1, 46, 384]",13565952
trunk_fp16.onnx,14187,MatMul,"inputs=[1, 46, 384], [384, 384] -> outputs=[1, 46, 384]",13565952
trunk_fp16.onnx,14189,Einsum,"inputs=[1, 46, 16, 24], [1, 46, 16, 24] -> outputs=[1, 16, 46, 46]",1625088
trunk_fp16.onnx,14196,MatMul,"inputs=[1, 46, 46, 128], [128, 16] -> outputs=[1, 46, 46, 16]",8667136
trunk_fp16.onnx,14204,Softmax,"inputs=[1, 16, 46, 46] -> outputs=[1, 16, 46, 46]",169280
trunk_fp16.onnx,14206,Einsum,"inputs=[1, 16, 46, 46], [1, 46, 16, 24] -> outputs=[1, 46, 16, 24]",1625088
trunk_fp16.onnx,14209,MatMul,"inputs=[1, 46, 384], [384, 384] -> outputs=[1, 46, 384]",13565952
trunk_fp16.onnx,14216,MatMul,"inputs=[1, 46, 384], [384, 1536] -> outputs=[1, 46, 1536]",54263808
trunk_fp16.onnx,14219,MatMul,"inputs=[1, 46, 384], [384, 1536] -> outputs=[1, 46, 1536]",54263808
trunk_fp16.onnx,14221,MatMul,"inputs=[1, 46, 1536], [1536, 384] -> outputs=[1, 46, 384]",54263808
trunk_fp16.onnx,14228,MatMul,"inputs=[1, 46, 46, 128], [128, 256] -> outputs=[1, 46, 46, 256]",138674176
trunk_fp16.onnx,14229,MatMul,"inputs=[1, 46, 46, 128], [128, 256] -> outputs=[1, 46, 46, 256]",138674176
trunk_fp16.onnx,14234,Einsum,"inputs=[1, 46, 46, 128], [1, 46, 46, 128] -> outputs=[1, 46, 46, 128]",24918016
trunk_fp16.onnx,14235,MatMul,"inputs=[1, 46, 46, 128], [128, 128] -> outputs=[1, 46, 46, 128]",69337088
trunk_fp16.onnx,14242,MatMul,"inputs=[1, 46, 46, 128], [128, 128] -> outputs=[1, 46, 46, 128]",69337088
trunk_fp16.onnx,14251,MatMul,"inputs=[1, 46, 46, 128], [128, 256] -> outputs=[1, 46, 46, 256]",138674176
trunk_fp16.onnx,14252,MatMul,"inputs=[1, 46, 46, 128], [128, 256] -> outputs=[1, 46, 46, 256]",138674176
trunk_fp16.onnx,14257,Einsum,"inputs=[1, 46, 46, 128], [1, 46, 46, 128] -> outputs=[1, 46, 46, 128]",24918016
trunk_fp16.onnx,14258,MatMul,"inputs=[1, 46, 46, 128], [128, 128] -> outputs=[1, 46, 46, 128]",69337088
trunk_fp16.onnx,14265,MatMul,"inputs=[1, 46, 46, 128], [128, 128] -> outputs=[1, 46, 46, 128]",69337088
trunk_fp16.onnx,14274,MatMul,"inputs=[1, 46, 46, 128], [128, 4] -> outputs=[1, 46, 46, 4]",2166784
trunk_fp16.onnx,14279,MatMul,"inputs=[46, 46, 128], [128, 128] -> outputs=[46, 46, 128]",69337088
trunk_fp16.onnx,14280,MatMul,"inputs=[46, 46, 128], [128, 128] -> outputs=[46, 46, 128]",69337088
trunk_fp16.onnx,14281,MatMul,"inputs=[46, 46, 128], [128, 128] -> outputs=[46, 46, 128]",69337088
trunk_fp16.onnx,14291,MatMul,"inputs=[46, 4, 46, 32], [46, 4, 32, 46] -> outputs=[46, 4, 46, 46]",4584914944
trunk_fp16.onnx,14294,MatMul,"inputs=[46, 46, 128], [128, 128] -> outputs=[46, 46, 128]",69337088
trunk_fp16.onnx,14298,Softmax,"inputs=[46, 4, 46, 46] -> outputs=[46, 4, 46, 46]",1946720
trunk_fp16.onnx,14300,MatMul,"inputs=[46, 4, 46, 46], [46, 4, 46, 32] -> outputs=[46, 4, 46, 32]",4584914944
trunk_fp16.onnx,14304,MatMul,"inputs=[46, 46, 128], [128, 128] -> outputs=[46, 46, 128]",69337088
trunk_fp16.onnx,14314,MatMul,"inputs=[1, 46, 46, 128], [128, 4] -> outputs=[1, 46, 46, 4]",2166784
trunk_fp16.onnx,14319,MatMul,"inputs=[46, 46, 128], [128, 128] -> outputs=[46, 46, 128]",69337088
trunk_fp16.onnx,14320,MatMul,"inputs=[46, 46, 128], [128, 128] -> outputs=[46, 46, 128]",69337088
trunk_fp16.onnx,14321,MatMul,"inputs=[46, 46, 128], [128, 128] -> outputs=[46, 46, 128]",69337088
trunk_fp16.onnx,14331,MatMul,"inputs=[46, 4, 46, 32], [46, 4, 32, 46] -> outputs=[46, 4, 46, 46]",4584914944
trunk_fp16.onnx,14334,MatMul,"inputs=[46, 46, 128], [128, 128] -> outputs=[46, 46, 128]",69337088
trunk_fp16.onnx,14338,Softmax,"inputs=[46, 4, 46, 46] -> outputs=[46, 4, 46, 46]",1946720
trunk_fp16.onnx,14340,MatMul,"inputs=[46, 4, 46, 46], [46, 4, 46, 32] -> outputs=[46, 4, 46, 32]",4584914944
trunk_fp16.onnx,14344,MatMul,"inputs=[46, 46, 128], [128, 128] -> outputs=[46, 46, 128]",69337088
trunk_fp16.onnx,14354,MatMul,"inputs=[1, 46, 46, 128], [128, 512] -> outputs=[1, 46, 46, 512]",277348352
trunk_fp16.onnx,14357,MatMul,"inputs=[1, 46, 46, 128], [128, 512] -> outputs=[1, 46, 46, 512]",277348352
trunk_fp16.onnx,14359,MatMul,"inputs=[1, 46, 46, 512], [512, 128] -> outputs=[1, 46, 46, 128]",277348352
trunk_fp16.onnx,14363,MatMul,"inputs=[1, 46, 46, 128], [128, 64] -> outputs=[1, 46, 46, 64]",34668544
trunk_fp16.onnx,14372,MatMul,"inputs=[1, 46, 384], [384, 384] -> outputs=[1, 46, 384]",13565952
trunk_fp16.onnx,14375,MatMul,"inputs=[1, 46, 384], [384, 384] -> outputs=[1, 46, 384]",13565952
trunk_fp16.onnx,14377,MatMul,"inputs=[1, 46, 384], [384, 384] -> outputs=[1, 46, 384]",13565952
trunk_fp16.onnx,14379,MatMul,"inputs=[1, 46, 384], [384, 384] -> outputs=[1, 46, 384]",13565952
trunk_fp16.onnx,14381,Einsum,"inputs=[1, 46, 16, 24], [1, 46, 16, 24] -> outputs=[1, 16, 46, 46]",1625088
trunk_fp16.onnx,14387,MatMul,"inputs=[1, 46, 46, 128], [128, 16] -> outputs=[1, 46, 46, 16]",8667136
trunk_fp16.onnx,14395,Softmax,"inputs=[1, 16, 46, 46] -> outputs=[1, 16, 46, 46]",169280
trunk_fp16.onnx,14397,Einsum,"inputs=[1, 16, 46, 46], [1, 46, 16, 24] -> outputs=[1, 46, 16, 24]",1625088
trunk_fp16.onnx,14400,MatMul,"inputs=[1, 46, 384], [384, 384] -> outputs=[1, 46, 384]",13565952
trunk_fp16.onnx,14407,MatMul,"inputs=[1, 46, 384], [384, 1536] -> outputs=[1, 46, 1536]",54263808
trunk_fp16.onnx,14410,MatMul,"inputs=[1, 46, 384], [384, 1536] -> outputs=[1, 46, 1536]",54263808
trunk_fp16.onnx,14412,MatMul,"inputs=[1, 46, 1536], [1536, 384] -> outputs=[1, 46, 384]",54263808
trunk_fp16.onnx,14419,MatMul,"inputs=[1, 46, 46, 256], [256, 128] -> outputs=[1, 46, 46, 128]",138674176
trunk_fp16.onnx,14425,MatMul,"inputs=[1, 46, 46, 128], [128, 256] -> outputs=[1, 46, 46, 256]",138674176
trunk_fp16.onnx,14428,MatMul,"inputs=[1, 46, 46, 128], [128, 256] -> outputs=[1, 46, 46, 256]",138674176
trunk_fp16.onnx,14430,MatMul,"inputs=[1, 46, 46, 256], [256, 128] -> outputs=[1, 46, 46, 128]",138674176
trunk_fp16.onnx,14437,MatMul,"inputs=[1, 46, 46, 128], [128, 256] -> outputs=[1, 46, 46, 256]",138674176
trunk_fp16.onnx,14440,MatMul,"inputs=[1, 46, 46, 128], [128, 256] -> outputs=[1, 46, 46, 256]",138674176
trunk_fp16.onnx,14442,MatMul,"inputs=[1, 46, 46, 256], [256, 128] -> outputs=[1, 46, 46, 128]",138674176
trunk_fp16.onnx,14448,MatMul,"inputs=[1, 46, 384], [384, 128] -> outputs=[1, 46, 128]",4521984
trunk_fp16.onnx,14449,MatMul,"inputs=[1, 352, 46], [1, 46, 128] -> outputs=[1, 352, 128]",4145152
trunk_fp16.onnx,14453,MatMul,"inputs=[1, 11, 32, 1, 128], [128, 16] -> outputs=[1, 11, 32, 1, 16]",1441792
trunk_fp16.onnx,14455,Einsum,"inputs=[1, 22, 16, 128], [22, 88] -> outputs=[1, 88, 16, 128]",7929856
trunk_fp16.onnx,14458,MatMul,"inputs=[1, 11, 1, 128, 128], [128, 16] -> outputs=[1, 11, 1, 128, 16]",5767168
trunk_fp16.onnx,14464,MatMul,"inputs=[1, 46, 46, 128], [128, 16] -> outputs=[1, 46, 46, 16]",8667136
trunk_fp16.onnx,14465,Einsum,"inputs=[1, 46, 46, 16], [1, 11, 32, 46], [1, 11, 128, 46] -> outputs=[1, 11, 32, 128, 16]",3050831872
trunk_fp16.onnx,14470,MatMul,"inputs=[1, 11, 32, 128, 16], [16, 16] -> outputs=[1, 11, 32, 128, 16]",23068672
trunk_fp16.onnx,14472,MatMul,"inputs=[1, 11, 32, 128, 16], [16, 16] -> outputs=[1, 11, 32, 128, 16]",23068672
trunk_fp16.onnx,14474,MatMul,"inputs=[1, 11, 32, 128, 16], [16, 16] -> outputs=[1, 11, 32, 128, 16]",23068672
trunk_fp16.onnx,14481,MatMul,"inputs=[1, 11, 32, 128, 16], [16, 4] -> outputs=[1, 11, 32, 128, 4]",5767168
trunk_fp16.onnx,14487,MatMul,"inputs=[1, 11, 32, 128, 16], [16, 4] -> outputs=[1, 11, 32, 128, 4]",5767168
trunk_fp16.onnx,14493,MatMul,"inputs=[1, 11, 32, 128, 16], [16, 4] -> outputs=[1, 11, 32, 128, 4]",5767168
trunk_fp16.onnx,14500,MatMul,"inputs=[1, 11, 32, 128, 16], [16, 4] -> outputs=[1, 11, 32, 128, 4]",5767168
trunk_fp16.onnx,14506,MatMul,"inputs=[1, 11, 32, 128, 16], [16, 4] -> outputs=[1, 11, 32, 128, 4]",5767168
trunk_fp16.onnx,14512,MatMul,"inputs=[1, 11, 32, 128, 16], [16, 4] -> outputs=[1, 11, 32, 128, 4]",5767168
trunk_fp16.onnx,14519,MatMul,"inputs=[1, 46, 46, 128], [128, 16] -> outputs=[1, 46, 46, 16]",8667136
trunk_fp16.onnx,14525,MatMul,"inputs=[1, 46, 46, 128], [128, 16] -> outputs=[1, 46, 46, 16]",8667136
trunk_fp16.onnx,14531,MatMul,"inputs=[1, 46, 46, 128], [128, 16] -> outputs=[1, 46, 46, 16]",8667136
trunk_fp16.onnx,14537,MatMul,"inputs=[1, 46, 46, 128], [128, 16] -> outputs=[1, 46, 46, 16]",8667136
trunk_fp16.onnx,14543,MatMul,"inputs=[1, 46, 46, 128], [128, 16] -> outputs=[1, 46, 46, 16]",8667136
trunk_fp16.onnx,14549,MatMul,"inputs=[1, 46, 46, 128], [128, 16] -> outputs=[1, 46, 46, 16]",8667136
trunk_fp16.onnx,14555,MatMul,"inputs=[1, 46, 46, 128], [128, 16] -> outputs=[1, 46, 46, 16]",8667136
trunk_fp16.onnx,14561,MatMul,"inputs=[1, 46, 46, 128], [128, 16] -> outputs=[1, 46, 46, 16]",8667136
trunk_fp16.onnx,14567,MatMul,"inputs=[1, 46, 46, 128], [128, 16] -> outputs=[1, 46, 46, 16]",8667136
trunk_fp16.onnx,14573,MatMul,"inputs=[1, 46, 46, 128], [128, 16] -> outputs=[1, 46, 46, 16]",8667136
trunk_fp16.onnx,14579,MatMul,"inputs=[1, 46, 46, 128], [128, 16] -> outputs=[1, 46, 46, 16]",8667136
trunk_fp16.onnx,14585,MatMul,"inputs=[1, 46, 46, 128], [128, 16] -> outputs=[1, 46, 46, 16]",8667136
trunk_fp16.onnx,14591,MatMul,"inputs=[1, 46, 46, 128], [128, 16] -> outputs=[1, 46, 46, 16]",8667136
trunk_fp16.onnx,14597,MatMul,"inputs=[1, 46, 46, 128], [128, 16] -> outputs=[1, 46, 46, 16]",8667136
trunk_fp16.onnx,14603,MatMul,"inputs=[1, 46, 46, 128], [128, 16] -> outputs=[1, 46, 46, 16]",8667136
trunk_fp16.onnx,14609,MatMul,"inputs=[1, 46, 46, 128], [128, 16] -> outputs=[1, 46, 46, 16]",8667136
trunk_fp16.onnx,14615,MatMul,"inputs=[1, 46, 46, 128], [128, 16] -> outputs=[1, 46, 46, 16]",8667136
trunk_fp16.onnx,14621,MatMul,"inputs=[1, 46, 46, 128], [128, 16] -> outputs=[1, 46, 46, 16]",8667136
trunk_fp16.onnx,14627,MatMul,"inputs=[1, 46, 46, 128], [128, 16] -> outputs=[1, 46, 46, 16]",8667136
trunk_fp16.onnx,14633,MatMul,"inputs=[1, 46, 46, 128], [128, 16] -> outputs=[1, 46, 46, 16]",8667136
trunk_fp16.onnx,14639,MatMul,"inputs=[1, 46, 46, 128], [128, 16] -> outputs=[1, 46, 46, 16]",8667136
trunk_fp16.onnx,14645,MatMul,"inputs=[1, 46, 46, 128], [128, 16] -> outputs=[1, 46, 46, 16]",8667136
trunk_fp16.onnx,14651,MatMul,"inputs=[1, 46, 46, 128], [128, 16] -> outputs=[1, 46, 46, 16]",8667136
trunk_fp16.onnx,14657,MatMul,"inputs=[1, 46, 46, 128], [128, 16] -> outputs=[1, 46, 46, 16]",8667136
